2026-03-21 12:42:37.727  INFO 21232 --- [demo] [main] com.example.demo.DemoApplication         : Starting DemoApplication using Java 17.0.11 with PID 21232 (F:\Universidad\Docencia ICESI\Computación en Internet 2\2026 01\parcial-jpa-avion\target\classes started by Kelocoes in F:\Universidad\Docencia ICESI\Computación en Internet 2\2026 01\parcial-jpa-avion)
2026-03-21 12:42:37.729  INFO 21232 --- [demo] [main] com.example.demo.DemoApplication         : No active profile set, falling back to 1 default profile: "default"
2026-03-21 12:42:38.124  INFO 21232 --- [demo] [main] .s.d.r.c.RepositoryConfigurationDelegate : Bootstrapping Spring Data JPA repositories in DEFAULT mode.
2026-03-21 12:42:38.184  INFO 21232 --- [demo] [main] .s.d.r.c.RepositoryConfigurationDelegate : Finished Spring Data repository scanning in 51 ms. Found 6 JPA repository interfaces.
2026-03-21 12:42:38.534  INFO 21232 --- [demo] [main] o.s.boot.tomcat.TomcatWebServer          : Tomcat initialized with port 8081 (http)
2026-03-21 12:42:38.543  INFO 21232 --- [demo] [main] o.apache.catalina.core.StandardService   : Starting service [Tomcat]
2026-03-21 12:42:38.544  INFO 21232 --- [demo] [main] o.apache.catalina.core.StandardEngine    : Starting Servlet engine: [Apache Tomcat/11.0.18]
2026-03-21 12:42:38.596  INFO 21232 --- [demo] [main] b.w.c.s.WebApplicationContextInitializer : Root WebApplicationContext: initialization completed in 834 ms
2026-03-21 12:42:38.714  INFO 21232 --- [demo] [main] org.hibernate.orm.jpa                    : HHH008540: Processing PersistenceUnitInfo [name: default]
2026-03-21 12:42:38.763  INFO 21232 --- [demo] [main] org.hibernate.orm.core                   : HHH000001: Hibernate ORM core version 7.2.7.Final
2026-03-21 12:42:39.112  INFO 21232 --- [demo] [main] o.s.o.j.p.SpringPersistenceUnitInfo      : No LoadTimeWeaver setup: ignoring JPA class transformer
2026-03-21 12:42:39.140  INFO 21232 --- [demo] [main] com.zaxxer.hikari.HikariDataSource       : HikariPool-1 - Starting...
2026-03-21 12:42:39.272  INFO 21232 --- [demo] [main] com.zaxxer.hikari.pool.HikariPool        : HikariPool-1 - Added connection conn0: url=jdbc:h2:mem:db-test user=POSTGRES
2026-03-21 12:42:39.274  INFO 21232 --- [demo] [main] com.zaxxer.hikari.HikariDataSource       : HikariPool-1 - Start completed.
2026-03-21 12:42:39.319  INFO 21232 --- [demo] [main] org.hibernate.orm.connections.pooling    : HHH10001005: Database info:
	Database JDBC URL [jdbc:h2:mem:db-test]
	Database driver: H2 JDBC Driver
	Database dialect: H2Dialect
	Database version: 2.4.240
	Default catalog/schema: DB-TEST/PUBLIC
	Autocommit mode: undefined/unknown
	Isolation level: READ_COMMITTED [default READ_COMMITTED]
	JDBC fetch size: 100
	Pool: DataSourceConnectionProvider
	Minimum pool size: undefined/unknown
	Maximum pool size: undefined/unknown
2026-03-21 12:42:40.020  INFO 21232 --- [demo] [main] org.hibernate.orm.core                   : HHH000489: No JTA platform available (set 'hibernate.transaction.jta.platform' to enable JTA platform integration)
2026-03-21 12:42:40.072  INFO 21232 --- [demo] [main] j.LocalContainerEntityManagerFactoryBean : Initialized JPA EntityManagerFactory for persistence unit 'default'
2026-03-21 12:42:40.127  INFO 21232 --- [demo] [main] o.s.d.j.r.query.QueryEnhancerFactories   : Hibernate is in classpath; If applicable, HQL parser will be used.
2026-03-21 12:42:40.348  WARN 21232 --- [demo] [main] JpaBaseConfiguration$JpaWebConfiguration : spring.jpa.open-in-view is enabled by default. Therefore, database queries may be performed during view rendering. Explicitly configure spring.jpa.open-in-view to disable this warning
2026-03-21 12:42:40.582  INFO 21232 --- [demo] [main] o.s.b.h.a.H2ConsoleAutoConfiguration     : H2 console available at '/h2-console'. Database available at 'jdbc:h2:mem:db-test'
2026-03-21 12:42:40.652  INFO 21232 --- [demo] [main] o.s.boot.tomcat.TomcatWebServer          : Tomcat started on port 8081 (http) with context path '/compunet2-2026'
2026-03-21 12:42:40.657  INFO 21232 --- [demo] [main] com.example.demo.DemoApplication         : Started DemoApplication in 3.259 seconds (process running for 3.569)
2026-03-21 12:43:02.661  INFO 21232 --- [demo] [http-nio-8081-exec-1] o.a.c.c.C.[.[.[/compunet2-2026]          : Initializing Spring DispatcherServlet 'dispatcherServlet'
2026-03-21 12:43:02.662  INFO 21232 --- [demo] [http-nio-8081-exec-1] o.s.web.servlet.DispatcherServlet        : Initializing Servlet 'dispatcherServlet'
2026-03-21 12:43:02.663  INFO 21232 --- [demo] [http-nio-8081-exec-1] o.s.web.servlet.DispatcherServlet        : Completed initialization in 1 ms
2026-03-21 12:44:30.776  INFO 21232 --- [demo] [SpringApplicationShutdownHook] o.s.boot.tomcat.GracefulShutdown         : Commencing graceful shutdown. Waiting for active requests to complete
2026-03-21 12:44:30.867  INFO 21232 --- [demo] [tomcat-shutdown] o.s.boot.tomcat.GracefulShutdown         : Graceful shutdown complete
2026-03-21 12:44:30.869  INFO 21232 --- [demo] [SpringApplicationShutdownHook] j.LocalContainerEntityManagerFactoryBean : Closing JPA EntityManagerFactory for persistence unit 'default'
2026-03-21 12:44:30.874  INFO 21232 --- [demo] [SpringApplicationShutdownHook] com.zaxxer.hikari.HikariDataSource       : HikariPool-1 - Shutdown initiated...
2026-03-21 12:44:30.875  INFO 21232 --- [demo] [SpringApplicationShutdownHook] com.zaxxer.hikari.HikariDataSource       : HikariPool-1 - Shutdown completed.
2026-03-21 12:44:38.309  INFO 22436 --- [demo] [main] com.example.demo.DemoApplication         : Starting DemoApplication using Java 17.0.11 with PID 22436 (F:\Universidad\Docencia ICESI\Computación en Internet 2\2026 01\parcial-jpa-avion\target\classes started by Kelocoes in F:\Universidad\Docencia ICESI\Computación en Internet 2\2026 01\parcial-jpa-avion)
2026-03-21 12:44:38.312  INFO 22436 --- [demo] [main] com.example.demo.DemoApplication         : No active profile set, falling back to 1 default profile: "default"
2026-03-21 12:44:38.719  INFO 22436 --- [demo] [main] .s.d.r.c.RepositoryConfigurationDelegate : Bootstrapping Spring Data JPA repositories in DEFAULT mode.
2026-03-21 12:44:38.778  INFO 22436 --- [demo] [main] .s.d.r.c.RepositoryConfigurationDelegate : Finished Spring Data repository scanning in 49 ms. Found 6 JPA repository interfaces.
2026-03-21 12:44:39.156  INFO 22436 --- [demo] [main] o.s.boot.tomcat.TomcatWebServer          : Tomcat initialized with port 8081 (http)
2026-03-21 12:44:39.167  INFO 22436 --- [demo] [main] o.apache.catalina.core.StandardService   : Starting service [Tomcat]
2026-03-21 12:44:39.167  INFO 22436 --- [demo] [main] o.apache.catalina.core.StandardEngine    : Starting Servlet engine: [Apache Tomcat/11.0.18]
2026-03-21 12:44:39.221  INFO 22436 --- [demo] [main] b.w.c.s.WebApplicationContextInitializer : Root WebApplicationContext: initialization completed in 876 ms
2026-03-21 12:44:39.333  INFO 22436 --- [demo] [main] org.hibernate.orm.jpa                    : HHH008540: Processing PersistenceUnitInfo [name: default]
2026-03-21 12:44:39.377  INFO 22436 --- [demo] [main] org.hibernate.orm.core                   : HHH000001: Hibernate ORM core version 7.2.7.Final
2026-03-21 12:44:39.709  INFO 22436 --- [demo] [main] o.s.o.j.p.SpringPersistenceUnitInfo      : No LoadTimeWeaver setup: ignoring JPA class transformer
2026-03-21 12:44:39.735  INFO 22436 --- [demo] [main] com.zaxxer.hikari.HikariDataSource       : HikariPool-1 - Starting...
2026-03-21 12:44:39.868  INFO 22436 --- [demo] [main] com.zaxxer.hikari.pool.HikariPool        : HikariPool-1 - Added connection conn0: url=jdbc:h2:mem:db-test user=POSTGRES
2026-03-21 12:44:39.869  INFO 22436 --- [demo] [main] com.zaxxer.hikari.HikariDataSource       : HikariPool-1 - Start completed.
2026-03-21 12:44:39.913  INFO 22436 --- [demo] [main] org.hibernate.orm.connections.pooling    : HHH10001005: Database info:
	Database JDBC URL [jdbc:h2:mem:db-test]
	Database driver: H2 JDBC Driver
	Database dialect: H2Dialect
	Database version: 2.4.240
	Default catalog/schema: DB-TEST/PUBLIC
	Autocommit mode: undefined/unknown
	Isolation level: READ_COMMITTED [default READ_COMMITTED]
	JDBC fetch size: 100
	Pool: DataSourceConnectionProvider
	Minimum pool size: undefined/unknown
	Maximum pool size: undefined/unknown
2026-03-21 12:44:40.609  INFO 22436 --- [demo] [main] org.hibernate.orm.core                   : HHH000489: No JTA platform available (set 'hibernate.transaction.jta.platform' to enable JTA platform integration)
2026-03-21 12:44:40.662  INFO 22436 --- [demo] [main] j.LocalContainerEntityManagerFactoryBean : Initialized JPA EntityManagerFactory for persistence unit 'default'
2026-03-21 12:44:40.715  INFO 22436 --- [demo] [main] o.s.d.j.r.query.QueryEnhancerFactories   : Hibernate is in classpath; If applicable, HQL parser will be used.
2026-03-21 12:44:40.910  WARN 22436 --- [demo] [main] JpaBaseConfiguration$JpaWebConfiguration : spring.jpa.open-in-view is enabled by default. Therefore, database queries may be performed during view rendering. Explicitly configure spring.jpa.open-in-view to disable this warning
2026-03-21 12:44:41.105  INFO 22436 --- [demo] [main] o.s.b.h.a.H2ConsoleAutoConfiguration     : H2 console available at '/h2-console'. Database available at 'jdbc:h2:mem:db-test'
2026-03-21 12:44:41.162  INFO 22436 --- [demo] [main] o.s.boot.tomcat.TomcatWebServer          : Tomcat started on port 8081 (http) with context path '/compunet2-2026'
2026-03-21 12:44:41.166  INFO 22436 --- [demo] [main] com.example.demo.DemoApplication         : Started DemoApplication in 3.186 seconds (process running for 3.491)
2026-03-21 12:44:41.169  INFO 22436 --- [demo] [SpringApplicationShutdownHook] o.s.boot.tomcat.GracefulShutdown         : Commencing graceful shutdown. Waiting for active requests to complete
2026-03-21 12:44:41.253  INFO 22436 --- [demo] [tomcat-shutdown] o.s.boot.tomcat.GracefulShutdown         : Graceful shutdown complete
2026-03-21 12:44:41.256  INFO 22436 --- [demo] [SpringApplicationShutdownHook] j.LocalContainerEntityManagerFactoryBean : Closing JPA EntityManagerFactory for persistence unit 'default'
2026-03-21 12:44:41.261  INFO 22436 --- [demo] [SpringApplicationShutdownHook] com.zaxxer.hikari.HikariDataSource       : HikariPool-1 - Shutdown initiated...
2026-03-21 12:44:41.262  INFO 22436 --- [demo] [SpringApplicationShutdownHook] com.zaxxer.hikari.HikariDataSource       : HikariPool-1 - Shutdown completed.
2026-03-21 12:44:58.662  INFO 23112 --- [demo] [main] com.example.demo.DemoApplication         : Starting DemoApplication using Java 17.0.11 with PID 23112 (F:\Universidad\Docencia ICESI\Computación en Internet 2\2026 01\parcial-jpa-avion\target\classes started by Kelocoes in F:\Universidad\Docencia ICESI\Computación en Internet 2\2026 01\parcial-jpa-avion)
2026-03-21 12:44:58.665  INFO 23112 --- [demo] [main] com.example.demo.DemoApplication         : No active profile set, falling back to 1 default profile: "default"
2026-03-21 12:44:59.042  INFO 23112 --- [demo] [main] .s.d.r.c.RepositoryConfigurationDelegate : Bootstrapping Spring Data JPA repositories in DEFAULT mode.
2026-03-21 12:44:59.090  INFO 23112 --- [demo] [main] .s.d.r.c.RepositoryConfigurationDelegate : Finished Spring Data repository scanning in 41 ms. Found 6 JPA repository interfaces.
2026-03-21 12:44:59.425  INFO 23112 --- [demo] [main] o.s.boot.tomcat.TomcatWebServer          : Tomcat initialized with port 8081 (http)
2026-03-21 12:44:59.435  INFO 23112 --- [demo] [main] o.apache.catalina.core.StandardService   : Starting service [Tomcat]
2026-03-21 12:44:59.436  INFO 23112 --- [demo] [main] o.apache.catalina.core.StandardEngine    : Starting Servlet engine: [Apache Tomcat/11.0.18]
2026-03-21 12:44:59.487  INFO 23112 --- [demo] [main] b.w.c.s.WebApplicationContextInitializer : Root WebApplicationContext: initialization completed in 789 ms
2026-03-21 12:44:59.603  INFO 23112 --- [demo] [main] org.hibernate.orm.jpa                    : HHH008540: Processing PersistenceUnitInfo [name: default]
2026-03-21 12:44:59.646  INFO 23112 --- [demo] [main] org.hibernate.orm.core                   : HHH000001: Hibernate ORM core version 7.2.7.Final
2026-03-21 12:44:59.982  INFO 23112 --- [demo] [main] o.s.o.j.p.SpringPersistenceUnitInfo      : No LoadTimeWeaver setup: ignoring JPA class transformer
2026-03-21 12:45:00.010  INFO 23112 --- [demo] [main] com.zaxxer.hikari.HikariDataSource       : HikariPool-1 - Starting...
2026-03-21 12:45:00.138  INFO 23112 --- [demo] [main] com.zaxxer.hikari.pool.HikariPool        : HikariPool-1 - Added connection conn0: url=jdbc:h2:mem:db-test user=POSTGRES
2026-03-21 12:45:00.140  INFO 23112 --- [demo] [main] com.zaxxer.hikari.HikariDataSource       : HikariPool-1 - Start completed.
2026-03-21 12:45:00.183  INFO 23112 --- [demo] [main] org.hibernate.orm.connections.pooling    : HHH10001005: Database info:
	Database JDBC URL [jdbc:h2:mem:db-test]
	Database driver: H2 JDBC Driver
	Database dialect: H2Dialect
	Database version: 2.4.240
	Default catalog/schema: DB-TEST/PUBLIC
	Autocommit mode: undefined/unknown
	Isolation level: READ_COMMITTED [default READ_COMMITTED]
	JDBC fetch size: 100
	Pool: DataSourceConnectionProvider
	Minimum pool size: undefined/unknown
	Maximum pool size: undefined/unknown
2026-03-21 12:45:00.859  INFO 23112 --- [demo] [main] org.hibernate.orm.core                   : HHH000489: No JTA platform available (set 'hibernate.transaction.jta.platform' to enable JTA platform integration)
2026-03-21 12:45:00.908  INFO 23112 --- [demo] [main] j.LocalContainerEntityManagerFactoryBean : Initialized JPA EntityManagerFactory for persistence unit 'default'
2026-03-21 12:45:00.961  INFO 23112 --- [demo] [main] o.s.d.j.r.query.QueryEnhancerFactories   : Hibernate is in classpath; If applicable, HQL parser will be used.
2026-03-21 12:45:01.136  WARN 23112 --- [demo] [main] JpaBaseConfiguration$JpaWebConfiguration : spring.jpa.open-in-view is enabled by default. Therefore, database queries may be performed during view rendering. Explicitly configure spring.jpa.open-in-view to disable this warning
2026-03-21 12:45:01.304  INFO 23112 --- [demo] [main] o.s.b.h.a.H2ConsoleAutoConfiguration     : H2 console available at '/h2-console'. Database available at 'jdbc:h2:mem:db-test'
2026-03-21 12:45:01.359  INFO 23112 --- [demo] [main] o.s.boot.tomcat.TomcatWebServer          : Tomcat started on port 8081 (http) with context path '/compunet2-2026'
2026-03-21 12:45:01.363  INFO 23112 --- [demo] [main] com.example.demo.DemoApplication         : Started DemoApplication in 3.03 seconds (process running for 3.332)
2026-03-21 12:45:02.226  INFO 23112 --- [demo] [http-nio-8081-exec-1] o.a.c.c.C.[.[.[/compunet2-2026]          : Initializing Spring DispatcherServlet 'dispatcherServlet'
2026-03-21 12:45:02.226  INFO 23112 --- [demo] [http-nio-8081-exec-1] o.s.web.servlet.DispatcherServlet        : Initializing Servlet 'dispatcherServlet'
2026-03-21 12:45:02.227  INFO 23112 --- [demo] [http-nio-8081-exec-1] o.s.web.servlet.DispatcherServlet        : Completed initialization in 0 ms
2026-03-21 12:46:59.084  INFO 23112 --- [demo] [SpringApplicationShutdownHook] o.s.boot.tomcat.GracefulShutdown         : Commencing graceful shutdown. Waiting for active requests to complete
2026-03-21 12:46:59.168  INFO 23112 --- [demo] [tomcat-shutdown] o.s.boot.tomcat.GracefulShutdown         : Graceful shutdown complete
2026-03-21 12:46:59.171  INFO 23112 --- [demo] [SpringApplicationShutdownHook] j.LocalContainerEntityManagerFactoryBean : Closing JPA EntityManagerFactory for persistence unit 'default'
2026-03-21 12:46:59.175  INFO 23112 --- [demo] [SpringApplicationShutdownHook] com.zaxxer.hikari.HikariDataSource       : HikariPool-1 - Shutdown initiated...
2026-03-21 12:46:59.176  INFO 23112 --- [demo] [SpringApplicationShutdownHook] com.zaxxer.hikari.HikariDataSource       : HikariPool-1 - Shutdown completed.
2026-03-21 12:47:12.152  INFO 20904 --- [demo] [main] com.example.demo.DemoApplication         : Starting DemoApplication using Java 17.0.11 with PID 20904 (F:\Universidad\Docencia ICESI\Computación en Internet 2\2026 01\parcial-jpa-avion\target\classes started by Kelocoes in F:\Universidad\Docencia ICESI\Computación en Internet 2\2026 01\parcial-jpa-avion)
2026-03-21 12:47:12.154  INFO 20904 --- [demo] [main] com.example.demo.DemoApplication         : No active profile set, falling back to 1 default profile: "default"
2026-03-21 12:47:12.536  INFO 20904 --- [demo] [main] .s.d.r.c.RepositoryConfigurationDelegate : Bootstrapping Spring Data JPA repositories in DEFAULT mode.
2026-03-21 12:47:12.585  INFO 20904 --- [demo] [main] .s.d.r.c.RepositoryConfigurationDelegate : Finished Spring Data repository scanning in 42 ms. Found 6 JPA repository interfaces.
2026-03-21 12:47:12.917  INFO 20904 --- [demo] [main] o.s.boot.tomcat.TomcatWebServer          : Tomcat initialized with port 8081 (http)
2026-03-21 12:47:12.927  INFO 20904 --- [demo] [main] o.apache.catalina.core.StandardService   : Starting service [Tomcat]
2026-03-21 12:47:12.927  INFO 20904 --- [demo] [main] o.apache.catalina.core.StandardEngine    : Starting Servlet engine: [Apache Tomcat/11.0.18]
2026-03-21 12:47:12.980  INFO 20904 --- [demo] [main] b.w.c.s.WebApplicationContextInitializer : Root WebApplicationContext: initialization completed in 792 ms
2026-03-21 12:47:13.094  INFO 20904 --- [demo] [main] org.hibernate.orm.jpa                    : HHH008540: Processing PersistenceUnitInfo [name: default]
2026-03-21 12:47:13.137  INFO 20904 --- [demo] [main] org.hibernate.orm.core                   : HHH000001: Hibernate ORM core version 7.2.7.Final
2026-03-21 12:47:13.459  INFO 20904 --- [demo] [main] o.s.o.j.p.SpringPersistenceUnitInfo      : No LoadTimeWeaver setup: ignoring JPA class transformer
2026-03-21 12:47:13.484  INFO 20904 --- [demo] [main] com.zaxxer.hikari.HikariDataSource       : HikariPool-1 - Starting...
2026-03-21 12:47:13.610  INFO 20904 --- [demo] [main] com.zaxxer.hikari.pool.HikariPool        : HikariPool-1 - Added connection conn0: url=jdbc:h2:mem:db-test user=POSTGRES
2026-03-21 12:47:13.612  INFO 20904 --- [demo] [main] com.zaxxer.hikari.HikariDataSource       : HikariPool-1 - Start completed.
2026-03-21 12:47:13.657  INFO 20904 --- [demo] [main] org.hibernate.orm.connections.pooling    : HHH10001005: Database info:
	Database JDBC URL [jdbc:h2:mem:db-test]
	Database driver: H2 JDBC Driver
	Database dialect: H2Dialect
	Database version: 2.4.240
	Default catalog/schema: DB-TEST/PUBLIC
	Autocommit mode: undefined/unknown
	Isolation level: READ_COMMITTED [default READ_COMMITTED]
	JDBC fetch size: 100
	Pool: DataSourceConnectionProvider
	Minimum pool size: undefined/unknown
	Maximum pool size: undefined/unknown
2026-03-21 12:47:14.326  INFO 20904 --- [demo] [main] org.hibernate.orm.core                   : HHH000489: No JTA platform available (set 'hibernate.transaction.jta.platform' to enable JTA platform integration)
2026-03-21 12:47:14.374  INFO 20904 --- [demo] [main] j.LocalContainerEntityManagerFactoryBean : Initialized JPA EntityManagerFactory for persistence unit 'default'
2026-03-21 12:47:14.423  INFO 20904 --- [demo] [main] o.s.d.j.r.query.QueryEnhancerFactories   : Hibernate is in classpath; If applicable, HQL parser will be used.
2026-03-21 12:47:14.588  WARN 20904 --- [demo] [main] JpaBaseConfiguration$JpaWebConfiguration : spring.jpa.open-in-view is enabled by default. Therefore, database queries may be performed during view rendering. Explicitly configure spring.jpa.open-in-view to disable this warning
2026-03-21 12:47:14.763  INFO 20904 --- [demo] [main] o.s.b.h.a.H2ConsoleAutoConfiguration     : H2 console available at '/h2-console'. Database available at 'jdbc:h2:mem:db-test'
2026-03-21 12:47:14.778  WARN 20904 --- [demo] [main] ConfigServletWebServerApplicationContext : Exception encountered during context initialization - cancelling refresh attempt: org.springframework.beans.factory.BeanCreationException: Error creating bean with name 'dataSourceScriptDatabaseInitializer' defined in class path resource [org/springframework/boot/jdbc/autoconfigure/DataSourceInitializationAutoConfiguration.class]: Failed to execute SQL script statement #4 of file [F:\Universidad\Docencia ICESI\Computación en Internet 2\2026 01\parcial-jpa-avion\target\classes\data.sql]: INSERT INTO flights (id, flight_number, departure_date, arrival_date, estimated_passengers, airplane_id, origin_airport_id, destination_airport_id) VALUES (1, 'AN101', '2026-03-01 07:00:00', '2026-03-01 13:00:00', 168, 1, 1, 2), (2, 'AN202', '2026-03-01 15:30:00', '2026-03-01 21:10:00', 160, 2, 2, 1), (3, 'PW303', '2026-03-10 09:10:00', '2026-03-10 15:20:00', 240, 3, 3, 1), (4, 'PW404', '2026-03-15 08:30:00', '2026-03-15 20:00:00', 250, 3, 1, 4), (5, 'AN505', '2026-03-18 06:40:00', '2026-03-18 11:10:00', 158, 1, 1, 3), (6, 'AN606', '2026-03-20 19:00:00', '2026-03-21 01:30:00', 172, 2, 4, 1), INSERT INTO tickets (id, passenger_full_name, booking_code, purchase_date, origin_airport_id, destination_airport_id) VALUES (1, 'Laura Gomez', 'TG001', '2026-02-20 11:00:00', 1, 4), (2, 'Carlos Ruiz', 'TG002', '2026-02-22 16:20:00', 3, 1), (3, 'Ana Torres', 'TG003', '2026-02-25 09:45:00', 2, 3)
2026-03-21 12:47:14.779  INFO 20904 --- [demo] [main] j.LocalContainerEntityManagerFactoryBean : Closing JPA EntityManagerFactory for persistence unit 'default'
2026-03-21 12:47:14.784  INFO 20904 --- [demo] [main] com.zaxxer.hikari.HikariDataSource       : HikariPool-1 - Shutdown initiated...
2026-03-21 12:47:14.786  INFO 20904 --- [demo] [main] com.zaxxer.hikari.HikariDataSource       : HikariPool-1 - Shutdown completed.
2026-03-21 12:47:14.787  INFO 20904 --- [demo] [main] o.apache.catalina.core.StandardService   : Stopping service [Tomcat]
2026-03-21 12:47:14.793  INFO 20904 --- [demo] [main] .s.b.a.l.ConditionEvaluationReportLogger : 

Error starting ApplicationContext. To display the condition evaluation report re-run your application with 'debug' enabled.
2026-03-21 12:47:14.802 ERROR 20904 --- [demo] [main] o.s.boot.SpringApplication               : Application run failed

org.springframework.beans.factory.BeanCreationException: Error creating bean with name 'dataSourceScriptDatabaseInitializer' defined in class path resource [org/springframework/boot/jdbc/autoconfigure/DataSourceInitializationAutoConfiguration.class]: Failed to execute SQL script statement #4 of file [F:\Universidad\Docencia ICESI\Computación en Internet 2\2026 01\parcial-jpa-avion\target\classes\data.sql]: INSERT INTO flights (id, flight_number, departure_date, arrival_date, estimated_passengers, airplane_id, origin_airport_id, destination_airport_id) VALUES (1, 'AN101', '2026-03-01 07:00:00', '2026-03-01 13:00:00', 168, 1, 1, 2), (2, 'AN202', '2026-03-01 15:30:00', '2026-03-01 21:10:00', 160, 2, 2, 1), (3, 'PW303', '2026-03-10 09:10:00', '2026-03-10 15:20:00', 240, 3, 3, 1), (4, 'PW404', '2026-03-15 08:30:00', '2026-03-15 20:00:00', 250, 3, 1, 4), (5, 'AN505', '2026-03-18 06:40:00', '2026-03-18 11:10:00', 158, 1, 1, 3), (6, 'AN606', '2026-03-20 19:00:00', '2026-03-21 01:30:00', 172, 2, 4, 1), INSERT INTO tickets (id, passenger_full_name, booking_code, purchase_date, origin_airport_id, destination_airport_id) VALUES (1, 'Laura Gomez', 'TG001', '2026-02-20 11:00:00', 1, 4), (2, 'Carlos Ruiz', 'TG002', '2026-02-22 16:20:00', 3, 1), (3, 'Ana Torres', 'TG003', '2026-02-25 09:45:00', 2, 3)
	at org.springframework.beans.factory.support.AbstractAutowireCapableBeanFactory.initializeBean(AbstractAutowireCapableBeanFactory.java:1817) ~[spring-beans-7.0.6.jar:7.0.6]
	at org.springframework.beans.factory.support.AbstractAutowireCapableBeanFactory.doCreateBean(AbstractAutowireCapableBeanFactory.java:603) ~[spring-beans-7.0.6.jar:7.0.6]
	at org.springframework.beans.factory.support.AbstractAutowireCapableBeanFactory.createBean(AbstractAutowireCapableBeanFactory.java:525) ~[spring-beans-7.0.6.jar:7.0.6]
	at org.springframework.beans.factory.support.AbstractBeanFactory.lambda$doGetBean$0(AbstractBeanFactory.java:333) ~[spring-beans-7.0.6.jar:7.0.6]
	at org.springframework.beans.factory.support.DefaultSingletonBeanRegistry.getSingleton(DefaultSingletonBeanRegistry.java:371) ~[spring-beans-7.0.6.jar:7.0.6]
	at org.springframework.beans.factory.support.AbstractBeanFactory.doGetBean(AbstractBeanFactory.java:331) ~[spring-beans-7.0.6.jar:7.0.6]
	at org.springframework.beans.factory.support.AbstractBeanFactory.getBean(AbstractBeanFactory.java:196) ~[spring-beans-7.0.6.jar:7.0.6]
	at org.springframework.beans.factory.support.DefaultListableBeanFactory.instantiateSingleton(DefaultListableBeanFactory.java:1218) ~[spring-beans-7.0.6.jar:7.0.6]
	at org.springframework.beans.factory.support.DefaultListableBeanFactory.preInstantiateSingleton(DefaultListableBeanFactory.java:1184) ~[spring-beans-7.0.6.jar:7.0.6]
	at org.springframework.beans.factory.support.DefaultListableBeanFactory.preInstantiateSingletons(DefaultListableBeanFactory.java:1121) ~[spring-beans-7.0.6.jar:7.0.6]
	at org.springframework.context.support.AbstractApplicationContext.finishBeanFactoryInitialization(AbstractApplicationContext.java:994) ~[spring-context-7.0.6.jar:7.0.6]
	at org.springframework.context.support.AbstractApplicationContext.refresh(AbstractApplicationContext.java:621) ~[spring-context-7.0.6.jar:7.0.6]
	at org.springframework.boot.web.server.servlet.context.ServletWebServerApplicationContext.refresh(ServletWebServerApplicationContext.java:143) ~[spring-boot-web-server-4.0.4.jar:4.0.4]
	at org.springframework.boot.SpringApplication.refresh(SpringApplication.java:756) ~[spring-boot-4.0.4.jar:4.0.4]
	at org.springframework.boot.SpringApplication.refreshContext(SpringApplication.java:445) ~[spring-boot-4.0.4.jar:4.0.4]
	at org.springframework.boot.SpringApplication.run(SpringApplication.java:321) ~[spring-boot-4.0.4.jar:4.0.4]
	at org.springframework.boot.SpringApplication.run(SpringApplication.java:1365) ~[spring-boot-4.0.4.jar:4.0.4]
	at org.springframework.boot.SpringApplication.run(SpringApplication.java:1354) ~[spring-boot-4.0.4.jar:4.0.4]
	at com.example.demo.DemoApplication.main(DemoApplication.java:10) ~[classes/:na]
Caused by: org.springframework.jdbc.datasource.init.ScriptStatementFailedException: Failed to execute SQL script statement #4 of file [F:\Universidad\Docencia ICESI\Computación en Internet 2\2026 01\parcial-jpa-avion\target\classes\data.sql]: INSERT INTO flights (id, flight_number, departure_date, arrival_date, estimated_passengers, airplane_id, origin_airport_id, destination_airport_id) VALUES (1, 'AN101', '2026-03-01 07:00:00', '2026-03-01 13:00:00', 168, 1, 1, 2), (2, 'AN202', '2026-03-01 15:30:00', '2026-03-01 21:10:00', 160, 2, 2, 1), (3, 'PW303', '2026-03-10 09:10:00', '2026-03-10 15:20:00', 240, 3, 3, 1), (4, 'PW404', '2026-03-15 08:30:00', '2026-03-15 20:00:00', 250, 3, 1, 4), (5, 'AN505', '2026-03-18 06:40:00', '2026-03-18 11:10:00', 158, 1, 1, 3), (6, 'AN606', '2026-03-20 19:00:00', '2026-03-21 01:30:00', 172, 2, 4, 1), INSERT INTO tickets (id, passenger_full_name, booking_code, purchase_date, origin_airport_id, destination_airport_id) VALUES (1, 'Laura Gomez', 'TG001', '2026-02-20 11:00:00', 1, 4), (2, 'Carlos Ruiz', 'TG002', '2026-02-22 16:20:00', 3, 1), (3, 'Ana Torres', 'TG003', '2026-02-25 09:45:00', 2, 3)
	at org.springframework.jdbc.datasource.init.ScriptUtils.executeSqlScript(ScriptUtils.java:293) ~[spring-jdbc-7.0.6.jar:7.0.6]
	at org.springframework.jdbc.datasource.init.ResourceDatabasePopulator.populate(ResourceDatabasePopulator.java:254) ~[spring-jdbc-7.0.6.jar:7.0.6]
	at org.springframework.jdbc.datasource.init.DatabasePopulatorUtils.execute(DatabasePopulatorUtils.java:54) ~[spring-jdbc-7.0.6.jar:7.0.6]
	at org.springframework.boot.jdbc.init.DataSourceScriptDatabaseInitializer.runScripts(DataSourceScriptDatabaseInitializer.java:87) ~[spring-boot-jdbc-4.0.4.jar:4.0.4]
	at org.springframework.boot.sql.init.AbstractScriptDatabaseInitializer.runScripts(AbstractScriptDatabaseInitializer.java:159) ~[spring-boot-sql-4.0.4.jar:4.0.4]
	at org.springframework.boot.sql.init.AbstractScriptDatabaseInitializer.applyScripts(AbstractScriptDatabaseInitializer.java:120) ~[spring-boot-sql-4.0.4.jar:4.0.4]
	at org.springframework.boot.sql.init.AbstractScriptDatabaseInitializer.applyDataScripts(AbstractScriptDatabaseInitializer.java:113) ~[spring-boot-sql-4.0.4.jar:4.0.4]
	at org.springframework.boot.sql.init.AbstractScriptDatabaseInitializer.initializeDatabase(AbstractScriptDatabaseInitializer.java:88) ~[spring-boot-sql-4.0.4.jar:4.0.4]
	at org.springframework.boot.sql.init.AbstractScriptDatabaseInitializer.afterPropertiesSet(AbstractScriptDatabaseInitializer.java:77) ~[spring-boot-sql-4.0.4.jar:4.0.4]
	at org.springframework.beans.factory.support.AbstractAutowireCapableBeanFactory.invokeInitMethods(AbstractAutowireCapableBeanFactory.java:1864) ~[spring-beans-7.0.6.jar:7.0.6]
	at org.springframework.beans.factory.support.AbstractAutowireCapableBeanFactory.initializeBean(AbstractAutowireCapableBeanFactory.java:1813) ~[spring-beans-7.0.6.jar:7.0.6]
	... 18 common frames omitted
Caused by: org.h2.jdbc.JdbcSQLSyntaxErrorException: Error de Sintaxis en sentencia SQL "INSERT INTO flights (id, flight_number, departure_date, arrival_date, estimated_passengers, airplane_id, origin_airport_id, destination_airport_id) VALUES (1, 'AN101', '2026-03-01 07:00:00', '2026-03-01 13:00:00', 168, 1, 1, 2), (2, 'AN202', '2026-03-01 15:30:00', '2026-03-01 21:10:00', 160, 2, 2, 1), (3, 'PW303', '2026-03-10 09:10:00', '2026-03-10 15:20:00', 240, 3, 3, 1), (4, 'PW404', '2026-03-15 08:30:00', '2026-03-15 20:00:00', 250, 3, 1, 4), (5, 'AN505', '2026-03-18 06:40:00', '2026-03-18 11:10:00', 158, 1, 1, 3), (6, 'AN606', '2026-03-20 19:00:00', '2026-03-21 01:30:00', 172, 2, 4, 1), INSERT [*]INTO tickets (id, passenger_full_name, booking_code, purchase_date, origin_airport_id, destination_airport_id) VALUES (1, 'Laura Gomez', 'TG001', '2026-02-20 11:00:00', 1, 4), (2, 'Carlos Ruiz', 'TG002', '2026-02-22 16:20:00', 3, 1), (3, 'Ana Torres', 'TG003', '2026-02-25 09:45:00', 2, 3)"
Syntax error in SQL statement "INSERT INTO flights (id, flight_number, departure_date, arrival_date, estimated_passengers, airplane_id, origin_airport_id, destination_airport_id) VALUES (1, 'AN101', '2026-03-01 07:00:00', '2026-03-01 13:00:00', 168, 1, 1, 2), (2, 'AN202', '2026-03-01 15:30:00', '2026-03-01 21:10:00', 160, 2, 2, 1), (3, 'PW303', '2026-03-10 09:10:00', '2026-03-10 15:20:00', 240, 3, 3, 1), (4, 'PW404', '2026-03-15 08:30:00', '2026-03-15 20:00:00', 250, 3, 1, 4), (5, 'AN505', '2026-03-18 06:40:00', '2026-03-18 11:10:00', 158, 1, 1, 3), (6, 'AN606', '2026-03-20 19:00:00', '2026-03-21 01:30:00', 172, 2, 4, 1), INSERT [*]INTO tickets (id, passenger_full_name, booking_code, purchase_date, origin_airport_id, destination_airport_id) VALUES (1, 'Laura Gomez', 'TG001', '2026-02-20 11:00:00', 1, 4), (2, 'Carlos Ruiz', 'TG002', '2026-02-22 16:20:00', 3, 1), (3, 'Ana Torres', 'TG003', '2026-02-25 09:45:00', 2, 3)"; SQL statement:
INSERT INTO flights (id, flight_number, departure_date, arrival_date, estimated_passengers, airplane_id, origin_airport_id, destination_airport_id) VALUES (1, 'AN101', '2026-03-01 07:00:00', '2026-03-01 13:00:00', 168, 1, 1, 2), (2, 'AN202', '2026-03-01 15:30:00', '2026-03-01 21:10:00', 160, 2, 2, 1), (3, 'PW303', '2026-03-10 09:10:00', '2026-03-10 15:20:00', 240, 3, 3, 1), (4, 'PW404', '2026-03-15 08:30:00', '2026-03-15 20:00:00', 250, 3, 1, 4), (5, 'AN505', '2026-03-18 06:40:00', '2026-03-18 11:10:00', 158, 1, 1, 3), (6, 'AN606', '2026-03-20 19:00:00', '2026-03-21 01:30:00', 172, 2, 4, 1), INSERT INTO tickets (id, passenger_full_name, booking_code, purchase_date, origin_airport_id, destination_airport_id) VALUES (1, 'Laura Gomez', 'TG001', '2026-02-20 11:00:00', 1, 4), (2, 'Carlos Ruiz', 'TG002', '2026-02-22 16:20:00', 3, 1), (3, 'Ana Torres', 'TG003', '2026-02-25 09:45:00', 2, 3) [42000-240]
	at org.h2.message.DbException.getJdbcSQLException(DbException.java:514) ~[h2-2.4.240.jar:2.4.240]
	at org.h2.message.DbException.getJdbcSQLException(DbException.java:489) ~[h2-2.4.240.jar:2.4.240]
	at org.h2.message.DbException.get(DbException.java:223) ~[h2-2.4.240.jar:2.4.240]
	at org.h2.message.DbException.get(DbException.java:199) ~[h2-2.4.240.jar:2.4.240]
	at org.h2.message.DbException.getSyntaxError(DbException.java:247) ~[h2-2.4.240.jar:2.4.240]
	at org.h2.command.ParserBase.getSyntaxError(ParserBase.java:760) ~[h2-2.4.240.jar:2.4.240]
	at org.h2.command.Parser.prepareCommand(Parser.java:490) ~[h2-2.4.240.jar:2.4.240]
	at org.h2.engine.SessionLocal.prepareLocal(SessionLocal.java:647) ~[h2-2.4.240.jar:2.4.240]
	at org.h2.engine.SessionLocal.prepareCommand(SessionLocal.java:563) ~[h2-2.4.240.jar:2.4.240]
	at org.h2.jdbc.JdbcConnection.prepareCommand(JdbcConnection.java:1160) ~[h2-2.4.240.jar:2.4.240]
	at org.h2.jdbc.JdbcStatement.executeInternal(JdbcStatement.java:245) ~[h2-2.4.240.jar:2.4.240]
	at org.h2.jdbc.JdbcStatement.execute(JdbcStatement.java:231) ~[h2-2.4.240.jar:2.4.240]
	at com.zaxxer.hikari.pool.ProxyStatement.execute(ProxyStatement.java:95) ~[HikariCP-7.0.2.jar:na]
	at com.zaxxer.hikari.pool.HikariProxyStatement.execute(HikariProxyStatement.java) ~[HikariCP-7.0.2.jar:na]
	at org.springframework.jdbc.datasource.init.ScriptUtils.executeSqlScript(ScriptUtils.java:261) ~[spring-jdbc-7.0.6.jar:7.0.6]
	... 28 common frames omitted

2026-03-21 12:51:26.962  INFO 11048 --- [demo] [main] com.example.demo.DemoApplication         : Starting DemoApplication using Java 17.0.11 with PID 11048 (F:\Universidad\Docencia ICESI\Computación en Internet 2\2026 01\parcial-jpa-avion\target\classes started by Kelocoes in F:\Universidad\Docencia ICESI\Computación en Internet 2\2026 01\parcial-jpa-avion)
2026-03-21 12:51:26.965  INFO 11048 --- [demo] [main] com.example.demo.DemoApplication         : No active profile set, falling back to 1 default profile: "default"
2026-03-21 12:51:27.344  INFO 11048 --- [demo] [main] .s.d.r.c.RepositoryConfigurationDelegate : Bootstrapping Spring Data JPA repositories in DEFAULT mode.
2026-03-21 12:51:27.390  INFO 11048 --- [demo] [main] .s.d.r.c.RepositoryConfigurationDelegate : Finished Spring Data repository scanning in 40 ms. Found 6 JPA repository interfaces.
2026-03-21 12:51:27.712  INFO 11048 --- [demo] [main] o.s.boot.tomcat.TomcatWebServer          : Tomcat initialized with port 8081 (http)
2026-03-21 12:51:27.722  INFO 11048 --- [demo] [main] o.apache.catalina.core.StandardService   : Starting service [Tomcat]
2026-03-21 12:51:27.722  INFO 11048 --- [demo] [main] o.apache.catalina.core.StandardEngine    : Starting Servlet engine: [Apache Tomcat/11.0.18]
2026-03-21 12:51:27.775  INFO 11048 --- [demo] [main] b.w.c.s.WebApplicationContextInitializer : Root WebApplicationContext: initialization completed in 778 ms
2026-03-21 12:51:27.893  INFO 11048 --- [demo] [main] org.hibernate.orm.jpa                    : HHH008540: Processing PersistenceUnitInfo [name: default]
2026-03-21 12:51:27.932  INFO 11048 --- [demo] [main] org.hibernate.orm.core                   : HHH000001: Hibernate ORM core version 7.2.7.Final
2026-03-21 12:51:28.247  INFO 11048 --- [demo] [main] o.s.o.j.p.SpringPersistenceUnitInfo      : No LoadTimeWeaver setup: ignoring JPA class transformer
2026-03-21 12:51:28.274  INFO 11048 --- [demo] [main] com.zaxxer.hikari.HikariDataSource       : HikariPool-1 - Starting...
2026-03-21 12:51:28.400  INFO 11048 --- [demo] [main] com.zaxxer.hikari.pool.HikariPool        : HikariPool-1 - Added connection conn0: url=jdbc:h2:mem:db-test user=POSTGRES
2026-03-21 12:51:28.401  INFO 11048 --- [demo] [main] com.zaxxer.hikari.HikariDataSource       : HikariPool-1 - Start completed.
2026-03-21 12:51:28.444  INFO 11048 --- [demo] [main] org.hibernate.orm.connections.pooling    : HHH10001005: Database info:
	Database JDBC URL [jdbc:h2:mem:db-test]
	Database driver: H2 JDBC Driver
	Database dialect: H2Dialect
	Database version: 2.4.240
	Default catalog/schema: DB-TEST/PUBLIC
	Autocommit mode: undefined/unknown
	Isolation level: READ_COMMITTED [default READ_COMMITTED]
	JDBC fetch size: 100
	Pool: DataSourceConnectionProvider
	Minimum pool size: undefined/unknown
	Maximum pool size: undefined/unknown
2026-03-21 12:51:29.104  INFO 11048 --- [demo] [main] org.hibernate.orm.core                   : HHH000489: No JTA platform available (set 'hibernate.transaction.jta.platform' to enable JTA platform integration)
2026-03-21 12:51:29.152  INFO 11048 --- [demo] [main] j.LocalContainerEntityManagerFactoryBean : Initialized JPA EntityManagerFactory for persistence unit 'default'
2026-03-21 12:51:29.203  INFO 11048 --- [demo] [main] o.s.d.j.r.query.QueryEnhancerFactories   : Hibernate is in classpath; If applicable, HQL parser will be used.
2026-03-21 12:51:29.371  WARN 11048 --- [demo] [main] JpaBaseConfiguration$JpaWebConfiguration : spring.jpa.open-in-view is enabled by default. Therefore, database queries may be performed during view rendering. Explicitly configure spring.jpa.open-in-view to disable this warning
2026-03-21 12:51:29.543  INFO 11048 --- [demo] [main] o.s.b.h.a.H2ConsoleAutoConfiguration     : H2 console available at '/h2-console'. Database available at 'jdbc:h2:mem:db-test'
2026-03-21 12:51:29.557  WARN 11048 --- [demo] [main] ConfigServletWebServerApplicationContext : Exception encountered during context initialization - cancelling refresh attempt: org.springframework.beans.factory.BeanCreationException: Error creating bean with name 'dataSourceScriptDatabaseInitializer' defined in class path resource [org/springframework/boot/jdbc/autoconfigure/DataSourceInitializationAutoConfiguration.class]: Failed to execute SQL script statement #4 of file [F:\Universidad\Docencia ICESI\Computación en Internet 2\2026 01\parcial-jpa-avion\target\classes\data.sql]: INSERT INTO flights (id, flight_number, departure_date, arrival_date, estimated_passengers, airplane_id, origin_airport_id, destination_airport_id) VALUES (1, 'AN101', '2026-03-01 07:00:00', '2026-03-01 13:00:00', 168, 1, 1, 2), (2, 'AN202', '2026-03-01 15:30:00', '2026-03-01 21:10:00', 160, 2, 2, 1), (3, 'PW303', '2026-03-10 09:10:00', '2026-03-10 15:20:00', 240, 3, 3, 1), (4, 'PW404', '2026-03-15 08:30:00', '2026-03-15 20:00:00', 250, 3, 1, 4), (5, 'AN505', '2026-03-18 06:40:00', '2026-03-18 11:10:00', 158, 1, 1, 3), (6, 'AN606', '2026-03-20 19:00:00', '2026-03-21 01:30:00', 172, 2, 4, 1), INSERT INTO tickets (id, passenger_full_name, booking_code, purchase_date, origin_airport_id, destination_airport_id) VALUES (1, 'Laura Gomez', 'TG001', '2026-02-20 11:00:00', 1, 4), (2, 'Carlos Ruiz', 'TG002', '2026-02-22 16:20:00', 3, 1), (3, 'Ana Torres', 'TG003', '2026-02-25 09:45:00', 2, 3)
2026-03-21 12:51:29.558  INFO 11048 --- [demo] [main] j.LocalContainerEntityManagerFactoryBean : Closing JPA EntityManagerFactory for persistence unit 'default'
2026-03-21 12:51:29.564  INFO 11048 --- [demo] [main] com.zaxxer.hikari.HikariDataSource       : HikariPool-1 - Shutdown initiated...
2026-03-21 12:51:29.565  INFO 11048 --- [demo] [main] com.zaxxer.hikari.HikariDataSource       : HikariPool-1 - Shutdown completed.
2026-03-21 12:51:29.567  INFO 11048 --- [demo] [main] o.apache.catalina.core.StandardService   : Stopping service [Tomcat]
2026-03-21 12:51:29.573  INFO 11048 --- [demo] [main] .s.b.a.l.ConditionEvaluationReportLogger : 

Error starting ApplicationContext. To display the condition evaluation report re-run your application with 'debug' enabled.
2026-03-21 12:51:29.583 ERROR 11048 --- [demo] [main] o.s.boot.SpringApplication               : Application run failed

org.springframework.beans.factory.BeanCreationException: Error creating bean with name 'dataSourceScriptDatabaseInitializer' defined in class path resource [org/springframework/boot/jdbc/autoconfigure/DataSourceInitializationAutoConfiguration.class]: Failed to execute SQL script statement #4 of file [F:\Universidad\Docencia ICESI\Computación en Internet 2\2026 01\parcial-jpa-avion\target\classes\data.sql]: INSERT INTO flights (id, flight_number, departure_date, arrival_date, estimated_passengers, airplane_id, origin_airport_id, destination_airport_id) VALUES (1, 'AN101', '2026-03-01 07:00:00', '2026-03-01 13:00:00', 168, 1, 1, 2), (2, 'AN202', '2026-03-01 15:30:00', '2026-03-01 21:10:00', 160, 2, 2, 1), (3, 'PW303', '2026-03-10 09:10:00', '2026-03-10 15:20:00', 240, 3, 3, 1), (4, 'PW404', '2026-03-15 08:30:00', '2026-03-15 20:00:00', 250, 3, 1, 4), (5, 'AN505', '2026-03-18 06:40:00', '2026-03-18 11:10:00', 158, 1, 1, 3), (6, 'AN606', '2026-03-20 19:00:00', '2026-03-21 01:30:00', 172, 2, 4, 1), INSERT INTO tickets (id, passenger_full_name, booking_code, purchase_date, origin_airport_id, destination_airport_id) VALUES (1, 'Laura Gomez', 'TG001', '2026-02-20 11:00:00', 1, 4), (2, 'Carlos Ruiz', 'TG002', '2026-02-22 16:20:00', 3, 1), (3, 'Ana Torres', 'TG003', '2026-02-25 09:45:00', 2, 3)
	at org.springframework.beans.factory.support.AbstractAutowireCapableBeanFactory.initializeBean(AbstractAutowireCapableBeanFactory.java:1817) ~[spring-beans-7.0.6.jar:7.0.6]
	at org.springframework.beans.factory.support.AbstractAutowireCapableBeanFactory.doCreateBean(AbstractAutowireCapableBeanFactory.java:603) ~[spring-beans-7.0.6.jar:7.0.6]
	at org.springframework.beans.factory.support.AbstractAutowireCapableBeanFactory.createBean(AbstractAutowireCapableBeanFactory.java:525) ~[spring-beans-7.0.6.jar:7.0.6]
	at org.springframework.beans.factory.support.AbstractBeanFactory.lambda$doGetBean$0(AbstractBeanFactory.java:333) ~[spring-beans-7.0.6.jar:7.0.6]
	at org.springframework.beans.factory.support.DefaultSingletonBeanRegistry.getSingleton(DefaultSingletonBeanRegistry.java:371) ~[spring-beans-7.0.6.jar:7.0.6]
	at org.springframework.beans.factory.support.AbstractBeanFactory.doGetBean(AbstractBeanFactory.java:331) ~[spring-beans-7.0.6.jar:7.0.6]
	at org.springframework.beans.factory.support.AbstractBeanFactory.getBean(AbstractBeanFactory.java:196) ~[spring-beans-7.0.6.jar:7.0.6]
	at org.springframework.beans.factory.support.DefaultListableBeanFactory.instantiateSingleton(DefaultListableBeanFactory.java:1218) ~[spring-beans-7.0.6.jar:7.0.6]
	at org.springframework.beans.factory.support.DefaultListableBeanFactory.preInstantiateSingleton(DefaultListableBeanFactory.java:1184) ~[spring-beans-7.0.6.jar:7.0.6]
	at org.springframework.beans.factory.support.DefaultListableBeanFactory.preInstantiateSingletons(DefaultListableBeanFactory.java:1121) ~[spring-beans-7.0.6.jar:7.0.6]
	at org.springframework.context.support.AbstractApplicationContext.finishBeanFactoryInitialization(AbstractApplicationContext.java:994) ~[spring-context-7.0.6.jar:7.0.6]
	at org.springframework.context.support.AbstractApplicationContext.refresh(AbstractApplicationContext.java:621) ~[spring-context-7.0.6.jar:7.0.6]
	at org.springframework.boot.web.server.servlet.context.ServletWebServerApplicationContext.refresh(ServletWebServerApplicationContext.java:143) ~[spring-boot-web-server-4.0.4.jar:4.0.4]
	at org.springframework.boot.SpringApplication.refresh(SpringApplication.java:756) ~[spring-boot-4.0.4.jar:4.0.4]
	at org.springframework.boot.SpringApplication.refreshContext(SpringApplication.java:445) ~[spring-boot-4.0.4.jar:4.0.4]
	at org.springframework.boot.SpringApplication.run(SpringApplication.java:321) ~[spring-boot-4.0.4.jar:4.0.4]
	at org.springframework.boot.SpringApplication.run(SpringApplication.java:1365) ~[spring-boot-4.0.4.jar:4.0.4]
	at org.springframework.boot.SpringApplication.run(SpringApplication.java:1354) ~[spring-boot-4.0.4.jar:4.0.4]
	at com.example.demo.DemoApplication.main(DemoApplication.java:10) ~[classes/:na]
Caused by: org.springframework.jdbc.datasource.init.ScriptStatementFailedException: Failed to execute SQL script statement #4 of file [F:\Universidad\Docencia ICESI\Computación en Internet 2\2026 01\parcial-jpa-avion\target\classes\data.sql]: INSERT INTO flights (id, flight_number, departure_date, arrival_date, estimated_passengers, airplane_id, origin_airport_id, destination_airport_id) VALUES (1, 'AN101', '2026-03-01 07:00:00', '2026-03-01 13:00:00', 168, 1, 1, 2), (2, 'AN202', '2026-03-01 15:30:00', '2026-03-01 21:10:00', 160, 2, 2, 1), (3, 'PW303', '2026-03-10 09:10:00', '2026-03-10 15:20:00', 240, 3, 3, 1), (4, 'PW404', '2026-03-15 08:30:00', '2026-03-15 20:00:00', 250, 3, 1, 4), (5, 'AN505', '2026-03-18 06:40:00', '2026-03-18 11:10:00', 158, 1, 1, 3), (6, 'AN606', '2026-03-20 19:00:00', '2026-03-21 01:30:00', 172, 2, 4, 1), INSERT INTO tickets (id, passenger_full_name, booking_code, purchase_date, origin_airport_id, destination_airport_id) VALUES (1, 'Laura Gomez', 'TG001', '2026-02-20 11:00:00', 1, 4), (2, 'Carlos Ruiz', 'TG002', '2026-02-22 16:20:00', 3, 1), (3, 'Ana Torres', 'TG003', '2026-02-25 09:45:00', 2, 3)
	at org.springframework.jdbc.datasource.init.ScriptUtils.executeSqlScript(ScriptUtils.java:293) ~[spring-jdbc-7.0.6.jar:7.0.6]
	at org.springframework.jdbc.datasource.init.ResourceDatabasePopulator.populate(ResourceDatabasePopulator.java:254) ~[spring-jdbc-7.0.6.jar:7.0.6]
	at org.springframework.jdbc.datasource.init.DatabasePopulatorUtils.execute(DatabasePopulatorUtils.java:54) ~[spring-jdbc-7.0.6.jar:7.0.6]
	at org.springframework.boot.jdbc.init.DataSourceScriptDatabaseInitializer.runScripts(DataSourceScriptDatabaseInitializer.java:87) ~[spring-boot-jdbc-4.0.4.jar:4.0.4]
	at org.springframework.boot.sql.init.AbstractScriptDatabaseInitializer.runScripts(AbstractScriptDatabaseInitializer.java:159) ~[spring-boot-sql-4.0.4.jar:4.0.4]
	at org.springframework.boot.sql.init.AbstractScriptDatabaseInitializer.applyScripts(AbstractScriptDatabaseInitializer.java:120) ~[spring-boot-sql-4.0.4.jar:4.0.4]
	at org.springframework.boot.sql.init.AbstractScriptDatabaseInitializer.applyDataScripts(AbstractScriptDatabaseInitializer.java:113) ~[spring-boot-sql-4.0.4.jar:4.0.4]
	at org.springframework.boot.sql.init.AbstractScriptDatabaseInitializer.initializeDatabase(AbstractScriptDatabaseInitializer.java:88) ~[spring-boot-sql-4.0.4.jar:4.0.4]
	at org.springframework.boot.sql.init.AbstractScriptDatabaseInitializer.afterPropertiesSet(AbstractScriptDatabaseInitializer.java:77) ~[spring-boot-sql-4.0.4.jar:4.0.4]
	at org.springframework.beans.factory.support.AbstractAutowireCapableBeanFactory.invokeInitMethods(AbstractAutowireCapableBeanFactory.java:1864) ~[spring-beans-7.0.6.jar:7.0.6]
	at org.springframework.beans.factory.support.AbstractAutowireCapableBeanFactory.initializeBean(AbstractAutowireCapableBeanFactory.java:1813) ~[spring-beans-7.0.6.jar:7.0.6]
	... 18 common frames omitted
Caused by: org.h2.jdbc.JdbcSQLSyntaxErrorException: Error de Sintaxis en sentencia SQL "INSERT INTO flights (id, flight_number, departure_date, arrival_date, estimated_passengers, airplane_id, origin_airport_id, destination_airport_id) VALUES (1, 'AN101', '2026-03-01 07:00:00', '2026-03-01 13:00:00', 168, 1, 1, 2), (2, 'AN202', '2026-03-01 15:30:00', '2026-03-01 21:10:00', 160, 2, 2, 1), (3, 'PW303', '2026-03-10 09:10:00', '2026-03-10 15:20:00', 240, 3, 3, 1), (4, 'PW404', '2026-03-15 08:30:00', '2026-03-15 20:00:00', 250, 3, 1, 4), (5, 'AN505', '2026-03-18 06:40:00', '2026-03-18 11:10:00', 158, 1, 1, 3), (6, 'AN606', '2026-03-20 19:00:00', '2026-03-21 01:30:00', 172, 2, 4, 1), INSERT [*]INTO tickets (id, passenger_full_name, booking_code, purchase_date, origin_airport_id, destination_airport_id) VALUES (1, 'Laura Gomez', 'TG001', '2026-02-20 11:00:00', 1, 4), (2, 'Carlos Ruiz', 'TG002', '2026-02-22 16:20:00', 3, 1), (3, 'Ana Torres', 'TG003', '2026-02-25 09:45:00', 2, 3)"
Syntax error in SQL statement "INSERT INTO flights (id, flight_number, departure_date, arrival_date, estimated_passengers, airplane_id, origin_airport_id, destination_airport_id) VALUES (1, 'AN101', '2026-03-01 07:00:00', '2026-03-01 13:00:00', 168, 1, 1, 2), (2, 'AN202', '2026-03-01 15:30:00', '2026-03-01 21:10:00', 160, 2, 2, 1), (3, 'PW303', '2026-03-10 09:10:00', '2026-03-10 15:20:00', 240, 3, 3, 1), (4, 'PW404', '2026-03-15 08:30:00', '2026-03-15 20:00:00', 250, 3, 1, 4), (5, 'AN505', '2026-03-18 06:40:00', '2026-03-18 11:10:00', 158, 1, 1, 3), (6, 'AN606', '2026-03-20 19:00:00', '2026-03-21 01:30:00', 172, 2, 4, 1), INSERT [*]INTO tickets (id, passenger_full_name, booking_code, purchase_date, origin_airport_id, destination_airport_id) VALUES (1, 'Laura Gomez', 'TG001', '2026-02-20 11:00:00', 1, 4), (2, 'Carlos Ruiz', 'TG002', '2026-02-22 16:20:00', 3, 1), (3, 'Ana Torres', 'TG003', '2026-02-25 09:45:00', 2, 3)"; SQL statement:
INSERT INTO flights (id, flight_number, departure_date, arrival_date, estimated_passengers, airplane_id, origin_airport_id, destination_airport_id) VALUES (1, 'AN101', '2026-03-01 07:00:00', '2026-03-01 13:00:00', 168, 1, 1, 2), (2, 'AN202', '2026-03-01 15:30:00', '2026-03-01 21:10:00', 160, 2, 2, 1), (3, 'PW303', '2026-03-10 09:10:00', '2026-03-10 15:20:00', 240, 3, 3, 1), (4, 'PW404', '2026-03-15 08:30:00', '2026-03-15 20:00:00', 250, 3, 1, 4), (5, 'AN505', '2026-03-18 06:40:00', '2026-03-18 11:10:00', 158, 1, 1, 3), (6, 'AN606', '2026-03-20 19:00:00', '2026-03-21 01:30:00', 172, 2, 4, 1), INSERT INTO tickets (id, passenger_full_name, booking_code, purchase_date, origin_airport_id, destination_airport_id) VALUES (1, 'Laura Gomez', 'TG001', '2026-02-20 11:00:00', 1, 4), (2, 'Carlos Ruiz', 'TG002', '2026-02-22 16:20:00', 3, 1), (3, 'Ana Torres', 'TG003', '2026-02-25 09:45:00', 2, 3) [42000-240]
	at org.h2.message.DbException.getJdbcSQLException(DbException.java:514) ~[h2-2.4.240.jar:2.4.240]
	at org.h2.message.DbException.getJdbcSQLException(DbException.java:489) ~[h2-2.4.240.jar:2.4.240]
	at org.h2.message.DbException.get(DbException.java:223) ~[h2-2.4.240.jar:2.4.240]
	at org.h2.message.DbException.get(DbException.java:199) ~[h2-2.4.240.jar:2.4.240]
	at org.h2.message.DbException.getSyntaxError(DbException.java:247) ~[h2-2.4.240.jar:2.4.240]
	at org.h2.command.ParserBase.getSyntaxError(ParserBase.java:760) ~[h2-2.4.240.jar:2.4.240]
	at org.h2.command.Parser.prepareCommand(Parser.java:490) ~[h2-2.4.240.jar:2.4.240]
	at org.h2.engine.SessionLocal.prepareLocal(SessionLocal.java:647) ~[h2-2.4.240.jar:2.4.240]
	at org.h2.engine.SessionLocal.prepareCommand(SessionLocal.java:563) ~[h2-2.4.240.jar:2.4.240]
	at org.h2.jdbc.JdbcConnection.prepareCommand(JdbcConnection.java:1160) ~[h2-2.4.240.jar:2.4.240]
	at org.h2.jdbc.JdbcStatement.executeInternal(JdbcStatement.java:245) ~[h2-2.4.240.jar:2.4.240]
	at org.h2.jdbc.JdbcStatement.execute(JdbcStatement.java:231) ~[h2-2.4.240.jar:2.4.240]
	at com.zaxxer.hikari.pool.ProxyStatement.execute(ProxyStatement.java:95) ~[HikariCP-7.0.2.jar:na]
	at com.zaxxer.hikari.pool.HikariProxyStatement.execute(HikariProxyStatement.java) ~[HikariCP-7.0.2.jar:na]
	at org.springframework.jdbc.datasource.init.ScriptUtils.executeSqlScript(ScriptUtils.java:261) ~[spring-jdbc-7.0.6.jar:7.0.6]
	... 28 common frames omitted

2026-03-21 12:51:46.950  INFO 15536 --- [demo] [main] com.example.demo.DemoApplication         : Starting DemoApplication using Java 17.0.11 with PID 15536 (F:\Universidad\Docencia ICESI\Computación en Internet 2\2026 01\parcial-jpa-avion\target\classes started by Kelocoes in F:\Universidad\Docencia ICESI\Computación en Internet 2\2026 01\parcial-jpa-avion)
2026-03-21 12:51:46.952  INFO 15536 --- [demo] [main] com.example.demo.DemoApplication         : No active profile set, falling back to 1 default profile: "default"
2026-03-21 12:51:47.325  INFO 15536 --- [demo] [main] .s.d.r.c.RepositoryConfigurationDelegate : Bootstrapping Spring Data JPA repositories in DEFAULT mode.
2026-03-21 12:51:47.374  INFO 15536 --- [demo] [main] .s.d.r.c.RepositoryConfigurationDelegate : Finished Spring Data repository scanning in 41 ms. Found 6 JPA repository interfaces.
2026-03-21 12:51:47.699  INFO 15536 --- [demo] [main] o.s.boot.tomcat.TomcatWebServer          : Tomcat initialized with port 8081 (http)
2026-03-21 12:51:47.708  INFO 15536 --- [demo] [main] o.apache.catalina.core.StandardService   : Starting service [Tomcat]
2026-03-21 12:51:47.709  INFO 15536 --- [demo] [main] o.apache.catalina.core.StandardEngine    : Starting Servlet engine: [Apache Tomcat/11.0.18]
2026-03-21 12:51:47.778  INFO 15536 --- [demo] [main] b.w.c.s.WebApplicationContextInitializer : Root WebApplicationContext: initialization completed in 792 ms
2026-03-21 12:51:47.891  INFO 15536 --- [demo] [main] org.hibernate.orm.jpa                    : HHH008540: Processing PersistenceUnitInfo [name: default]
2026-03-21 12:51:47.934  INFO 15536 --- [demo] [main] org.hibernate.orm.core                   : HHH000001: Hibernate ORM core version 7.2.7.Final
2026-03-21 12:51:48.254  INFO 15536 --- [demo] [main] o.s.o.j.p.SpringPersistenceUnitInfo      : No LoadTimeWeaver setup: ignoring JPA class transformer
2026-03-21 12:51:48.280  INFO 15536 --- [demo] [main] com.zaxxer.hikari.HikariDataSource       : HikariPool-1 - Starting...
2026-03-21 12:51:48.404  INFO 15536 --- [demo] [main] com.zaxxer.hikari.pool.HikariPool        : HikariPool-1 - Added connection conn0: url=jdbc:h2:mem:db-test user=POSTGRES
2026-03-21 12:51:48.405  INFO 15536 --- [demo] [main] com.zaxxer.hikari.HikariDataSource       : HikariPool-1 - Start completed.
2026-03-21 12:51:48.447  INFO 15536 --- [demo] [main] org.hibernate.orm.connections.pooling    : HHH10001005: Database info:
	Database JDBC URL [jdbc:h2:mem:db-test]
	Database driver: H2 JDBC Driver
	Database dialect: H2Dialect
	Database version: 2.4.240
	Default catalog/schema: DB-TEST/PUBLIC
	Autocommit mode: undefined/unknown
	Isolation level: READ_COMMITTED [default READ_COMMITTED]
	JDBC fetch size: 100
	Pool: DataSourceConnectionProvider
	Minimum pool size: undefined/unknown
	Maximum pool size: undefined/unknown
2026-03-21 12:51:49.104  INFO 15536 --- [demo] [main] org.hibernate.orm.core                   : HHH000489: No JTA platform available (set 'hibernate.transaction.jta.platform' to enable JTA platform integration)
2026-03-21 12:51:49.151  INFO 15536 --- [demo] [main] j.LocalContainerEntityManagerFactoryBean : Initialized JPA EntityManagerFactory for persistence unit 'default'
2026-03-21 12:51:49.201  INFO 15536 --- [demo] [main] o.s.d.j.r.query.QueryEnhancerFactories   : Hibernate is in classpath; If applicable, HQL parser will be used.
2026-03-21 12:51:49.370  WARN 15536 --- [demo] [main] JpaBaseConfiguration$JpaWebConfiguration : spring.jpa.open-in-view is enabled by default. Therefore, database queries may be performed during view rendering. Explicitly configure spring.jpa.open-in-view to disable this warning
2026-03-21 12:51:49.545  INFO 15536 --- [demo] [main] o.s.b.h.a.H2ConsoleAutoConfiguration     : H2 console available at '/h2-console'. Database available at 'jdbc:h2:mem:db-test'
2026-03-21 12:51:49.601  INFO 15536 --- [demo] [main] o.s.boot.tomcat.TomcatWebServer          : Tomcat started on port 8081 (http) with context path '/compunet2-2026'
2026-03-21 12:51:49.606  INFO 15536 --- [demo] [main] com.example.demo.DemoApplication         : Started DemoApplication in 2.98 seconds (process running for 3.293)
2026-03-21 12:51:51.874  INFO 15536 --- [demo] [http-nio-8081-exec-1] o.a.c.c.C.[.[.[/compunet2-2026]          : Initializing Spring DispatcherServlet 'dispatcherServlet'
2026-03-21 12:51:51.874  INFO 15536 --- [demo] [http-nio-8081-exec-1] o.s.web.servlet.DispatcherServlet        : Initializing Servlet 'dispatcherServlet'
2026-03-21 12:51:51.876  INFO 15536 --- [demo] [http-nio-8081-exec-1] o.s.web.servlet.DispatcherServlet        : Completed initialization in 2 ms
2026-03-21 12:52:50.142  INFO 15536 --- [demo] [SpringApplicationShutdownHook] o.s.boot.tomcat.GracefulShutdown         : Commencing graceful shutdown. Waiting for active requests to complete
2026-03-21 12:52:50.229  INFO 15536 --- [demo] [tomcat-shutdown] o.s.boot.tomcat.GracefulShutdown         : Graceful shutdown complete
2026-03-21 12:52:50.231  INFO 15536 --- [demo] [SpringApplicationShutdownHook] j.LocalContainerEntityManagerFactoryBean : Closing JPA EntityManagerFactory for persistence unit 'default'
2026-03-21 12:52:50.236  INFO 15536 --- [demo] [SpringApplicationShutdownHook] com.zaxxer.hikari.HikariDataSource       : HikariPool-1 - Shutdown initiated...
2026-03-21 12:52:50.238  INFO 15536 --- [demo] [SpringApplicationShutdownHook] com.zaxxer.hikari.HikariDataSource       : HikariPool-1 - Shutdown completed.
2026-03-21 12:53:10.052  INFO 14844 --- [demo] [main] com.example.demo.DemoApplication         : Starting DemoApplication using Java 17.0.11 with PID 14844 (F:\Universidad\Docencia ICESI\Computación en Internet 2\2026 01\parcial-jpa-avion\target\classes started by Kelocoes in F:\Universidad\Docencia ICESI\Computación en Internet 2\2026 01\parcial-jpa-avion)
2026-03-21 12:53:10.055  INFO 14844 --- [demo] [main] com.example.demo.DemoApplication         : No active profile set, falling back to 1 default profile: "default"
2026-03-21 12:53:10.440  INFO 14844 --- [demo] [main] .s.d.r.c.RepositoryConfigurationDelegate : Bootstrapping Spring Data JPA repositories in DEFAULT mode.
2026-03-21 12:53:10.492  INFO 14844 --- [demo] [main] .s.d.r.c.RepositoryConfigurationDelegate : Finished Spring Data repository scanning in 45 ms. Found 6 JPA repository interfaces.
2026-03-21 12:53:10.820  INFO 14844 --- [demo] [main] o.s.boot.tomcat.TomcatWebServer          : Tomcat initialized with port 8081 (http)
2026-03-21 12:53:10.830  INFO 14844 --- [demo] [main] o.apache.catalina.core.StandardService   : Starting service [Tomcat]
2026-03-21 12:53:10.830  INFO 14844 --- [demo] [main] o.apache.catalina.core.StandardEngine    : Starting Servlet engine: [Apache Tomcat/11.0.18]
2026-03-21 12:53:10.882  INFO 14844 --- [demo] [main] b.w.c.s.WebApplicationContextInitializer : Root WebApplicationContext: initialization completed in 792 ms
2026-03-21 12:53:11.000  INFO 14844 --- [demo] [main] org.hibernate.orm.jpa                    : HHH008540: Processing PersistenceUnitInfo [name: default]
2026-03-21 12:53:11.040  INFO 14844 --- [demo] [main] org.hibernate.orm.core                   : HHH000001: Hibernate ORM core version 7.2.7.Final
2026-03-21 12:53:11.353  INFO 14844 --- [demo] [main] o.s.o.j.p.SpringPersistenceUnitInfo      : No LoadTimeWeaver setup: ignoring JPA class transformer
2026-03-21 12:53:11.380  INFO 14844 --- [demo] [main] com.zaxxer.hikari.HikariDataSource       : HikariPool-1 - Starting...
2026-03-21 12:53:11.506  INFO 14844 --- [demo] [main] com.zaxxer.hikari.pool.HikariPool        : HikariPool-1 - Added connection conn0: url=jdbc:h2:mem:db-test user=POSTGRES
2026-03-21 12:53:11.509  INFO 14844 --- [demo] [main] com.zaxxer.hikari.HikariDataSource       : HikariPool-1 - Start completed.
2026-03-21 12:53:11.553  INFO 14844 --- [demo] [main] org.hibernate.orm.connections.pooling    : HHH10001005: Database info:
	Database JDBC URL [jdbc:h2:mem:db-test]
	Database driver: H2 JDBC Driver
	Database dialect: H2Dialect
	Database version: 2.4.240
	Default catalog/schema: DB-TEST/PUBLIC
	Autocommit mode: undefined/unknown
	Isolation level: READ_COMMITTED [default READ_COMMITTED]
	JDBC fetch size: 100
	Pool: DataSourceConnectionProvider
	Minimum pool size: undefined/unknown
	Maximum pool size: undefined/unknown
2026-03-21 12:53:12.224  INFO 14844 --- [demo] [main] org.hibernate.orm.core                   : HHH000489: No JTA platform available (set 'hibernate.transaction.jta.platform' to enable JTA platform integration)
2026-03-21 12:53:12.272  INFO 14844 --- [demo] [main] j.LocalContainerEntityManagerFactoryBean : Initialized JPA EntityManagerFactory for persistence unit 'default'
2026-03-21 12:53:12.322  INFO 14844 --- [demo] [main] o.s.d.j.r.query.QueryEnhancerFactories   : Hibernate is in classpath; If applicable, HQL parser will be used.
2026-03-21 12:53:12.491  WARN 14844 --- [demo] [main] JpaBaseConfiguration$JpaWebConfiguration : spring.jpa.open-in-view is enabled by default. Therefore, database queries may be performed during view rendering. Explicitly configure spring.jpa.open-in-view to disable this warning
2026-03-21 12:53:12.671  INFO 14844 --- [demo] [main] o.s.b.h.a.H2ConsoleAutoConfiguration     : H2 console available at '/h2-console'. Database available at 'jdbc:h2:mem:db-test'
2026-03-21 12:53:12.725  INFO 14844 --- [demo] [main] o.s.boot.tomcat.TomcatWebServer          : Tomcat started on port 8081 (http) with context path '/compunet2-2026'
2026-03-21 12:53:12.730  INFO 14844 --- [demo] [main] com.example.demo.DemoApplication         : Started DemoApplication in 3.004 seconds (process running for 3.31)
2026-03-21 12:53:16.190  INFO 14844 --- [demo] [http-nio-8081-exec-1] o.a.c.c.C.[.[.[/compunet2-2026]          : Initializing Spring DispatcherServlet 'dispatcherServlet'
2026-03-21 12:53:16.191  INFO 14844 --- [demo] [http-nio-8081-exec-1] o.s.web.servlet.DispatcherServlet        : Initializing Servlet 'dispatcherServlet'
2026-03-21 12:53:16.192  INFO 14844 --- [demo] [http-nio-8081-exec-1] o.s.web.servlet.DispatcherServlet        : Completed initialization in 1 ms
2026-03-21 12:55:33.026  INFO 14844 --- [demo] [SpringApplicationShutdownHook] o.s.boot.tomcat.GracefulShutdown         : Commencing graceful shutdown. Waiting for active requests to complete
2026-03-21 12:55:33.112  INFO 14844 --- [demo] [tomcat-shutdown] o.s.boot.tomcat.GracefulShutdown         : Graceful shutdown complete
2026-03-21 12:55:33.114  INFO 14844 --- [demo] [SpringApplicationShutdownHook] j.LocalContainerEntityManagerFactoryBean : Closing JPA EntityManagerFactory for persistence unit 'default'
2026-03-21 12:55:33.118  INFO 14844 --- [demo] [SpringApplicationShutdownHook] com.zaxxer.hikari.HikariDataSource       : HikariPool-1 - Shutdown initiated...
2026-03-21 12:55:33.120  INFO 14844 --- [demo] [SpringApplicationShutdownHook] com.zaxxer.hikari.HikariDataSource       : HikariPool-1 - Shutdown completed.
2026-03-21 12:55:43.397  INFO 17932 --- [demo] [main] com.example.demo.DemoApplication         : Starting DemoApplication using Java 17.0.11 with PID 17932 (F:\Universidad\Docencia ICESI\Computación en Internet 2\2026 01\parcial-jpa-avion\target\classes started by Kelocoes in F:\Universidad\Docencia ICESI\Computación en Internet 2\2026 01\parcial-jpa-avion)
2026-03-21 12:55:43.400  INFO 17932 --- [demo] [main] com.example.demo.DemoApplication         : No active profile set, falling back to 1 default profile: "default"
2026-03-21 12:55:43.780  INFO 17932 --- [demo] [main] .s.d.r.c.RepositoryConfigurationDelegate : Bootstrapping Spring Data JPA repositories in DEFAULT mode.
2026-03-21 12:55:43.828  INFO 17932 --- [demo] [main] .s.d.r.c.RepositoryConfigurationDelegate : Finished Spring Data repository scanning in 41 ms. Found 6 JPA repository interfaces.
2026-03-21 12:55:44.155  INFO 17932 --- [demo] [main] o.s.boot.tomcat.TomcatWebServer          : Tomcat initialized with port 8081 (http)
2026-03-21 12:55:44.165  INFO 17932 --- [demo] [main] o.apache.catalina.core.StandardService   : Starting service [Tomcat]
2026-03-21 12:55:44.165  INFO 17932 --- [demo] [main] o.apache.catalina.core.StandardEngine    : Starting Servlet engine: [Apache Tomcat/11.0.18]
2026-03-21 12:55:44.217  INFO 17932 --- [demo] [main] b.w.c.s.WebApplicationContextInitializer : Root WebApplicationContext: initialization completed in 783 ms
2026-03-21 12:55:44.330  INFO 17932 --- [demo] [main] org.hibernate.orm.jpa                    : HHH008540: Processing PersistenceUnitInfo [name: default]
2026-03-21 12:55:44.373  INFO 17932 --- [demo] [main] org.hibernate.orm.core                   : HHH000001: Hibernate ORM core version 7.2.7.Final
2026-03-21 12:55:44.690  INFO 17932 --- [demo] [main] o.s.o.j.p.SpringPersistenceUnitInfo      : No LoadTimeWeaver setup: ignoring JPA class transformer
2026-03-21 12:55:44.717  INFO 17932 --- [demo] [main] com.zaxxer.hikari.HikariDataSource       : HikariPool-1 - Starting...
2026-03-21 12:55:44.848  INFO 17932 --- [demo] [main] com.zaxxer.hikari.pool.HikariPool        : HikariPool-1 - Added connection conn0: url=jdbc:h2:mem:db-test user=POSTGRES
2026-03-21 12:55:44.850  INFO 17932 --- [demo] [main] com.zaxxer.hikari.HikariDataSource       : HikariPool-1 - Start completed.
2026-03-21 12:55:44.902  INFO 17932 --- [demo] [main] org.hibernate.orm.connections.pooling    : HHH10001005: Database info:
	Database JDBC URL [jdbc:h2:mem:db-test]
	Database driver: H2 JDBC Driver
	Database dialect: H2Dialect
	Database version: 2.4.240
	Default catalog/schema: DB-TEST/PUBLIC
	Autocommit mode: undefined/unknown
	Isolation level: READ_COMMITTED [default READ_COMMITTED]
	JDBC fetch size: 100
	Pool: DataSourceConnectionProvider
	Minimum pool size: undefined/unknown
	Maximum pool size: undefined/unknown
2026-03-21 12:55:45.593  INFO 17932 --- [demo] [main] org.hibernate.orm.core                   : HHH000489: No JTA platform available (set 'hibernate.transaction.jta.platform' to enable JTA platform integration)
2026-03-21 12:55:45.639  INFO 17932 --- [demo] [main] j.LocalContainerEntityManagerFactoryBean : Initialized JPA EntityManagerFactory for persistence unit 'default'
2026-03-21 12:55:45.688  INFO 17932 --- [demo] [main] o.s.d.j.r.query.QueryEnhancerFactories   : Hibernate is in classpath; If applicable, HQL parser will be used.
2026-03-21 12:55:45.863  WARN 17932 --- [demo] [main] JpaBaseConfiguration$JpaWebConfiguration : spring.jpa.open-in-view is enabled by default. Therefore, database queries may be performed during view rendering. Explicitly configure spring.jpa.open-in-view to disable this warning
2026-03-21 12:55:46.049  INFO 17932 --- [demo] [main] o.s.b.h.a.H2ConsoleAutoConfiguration     : H2 console available at '/h2-console'. Database available at 'jdbc:h2:mem:db-test'
2026-03-21 12:55:46.108  INFO 17932 --- [demo] [main] o.s.boot.tomcat.TomcatWebServer          : Tomcat started on port 8081 (http) with context path '/compunet2-2026'
2026-03-21 12:55:46.113  INFO 17932 --- [demo] [main] com.example.demo.DemoApplication         : Started DemoApplication in 3.047 seconds (process running for 3.358)
2026-03-21 12:56:20.710  INFO 17932 --- [demo] [http-nio-8081-exec-1] o.a.c.c.C.[.[.[/compunet2-2026]          : Initializing Spring DispatcherServlet 'dispatcherServlet'
2026-03-21 12:56:20.711  INFO 17932 --- [demo] [http-nio-8081-exec-1] o.s.web.servlet.DispatcherServlet        : Initializing Servlet 'dispatcherServlet'
2026-03-21 12:56:20.712  INFO 17932 --- [demo] [http-nio-8081-exec-1] o.s.web.servlet.DispatcherServlet        : Completed initialization in 1 ms
2026-03-21 12:57:47.517  INFO 17932 --- [demo] [SpringApplicationShutdownHook] o.s.boot.tomcat.GracefulShutdown         : Commencing graceful shutdown. Waiting for active requests to complete
2026-03-21 12:57:47.602  INFO 17932 --- [demo] [tomcat-shutdown] o.s.boot.tomcat.GracefulShutdown         : Graceful shutdown complete
2026-03-21 12:57:47.605  INFO 17932 --- [demo] [SpringApplicationShutdownHook] j.LocalContainerEntityManagerFactoryBean : Closing JPA EntityManagerFactory for persistence unit 'default'
2026-03-21 12:57:47.610  INFO 17932 --- [demo] [SpringApplicationShutdownHook] com.zaxxer.hikari.HikariDataSource       : HikariPool-1 - Shutdown initiated...
2026-03-21 12:57:47.611  INFO 17932 --- [demo] [SpringApplicationShutdownHook] com.zaxxer.hikari.HikariDataSource       : HikariPool-1 - Shutdown completed.
2026-03-21 12:57:55.376  INFO 18260 --- [demo] [main] com.example.demo.DemoApplication         : Starting DemoApplication using Java 17.0.11 with PID 18260 (F:\Universidad\Docencia ICESI\Computación en Internet 2\2026 01\parcial-jpa-avion\target\classes started by Kelocoes in F:\Universidad\Docencia ICESI\Computación en Internet 2\2026 01\parcial-jpa-avion)
2026-03-21 12:57:55.381  INFO 18260 --- [demo] [main] com.example.demo.DemoApplication         : No active profile set, falling back to 1 default profile: "default"
2026-03-21 12:57:55.775  INFO 18260 --- [demo] [main] .s.d.r.c.RepositoryConfigurationDelegate : Bootstrapping Spring Data JPA repositories in DEFAULT mode.
2026-03-21 12:57:55.824  INFO 18260 --- [demo] [main] .s.d.r.c.RepositoryConfigurationDelegate : Finished Spring Data repository scanning in 42 ms. Found 6 JPA repository interfaces.
2026-03-21 12:57:56.158  INFO 18260 --- [demo] [main] o.s.boot.tomcat.TomcatWebServer          : Tomcat initialized with port 8081 (http)
2026-03-21 12:57:56.168  INFO 18260 --- [demo] [main] o.apache.catalina.core.StandardService   : Starting service [Tomcat]
2026-03-21 12:57:56.169  INFO 18260 --- [demo] [main] o.apache.catalina.core.StandardEngine    : Starting Servlet engine: [Apache Tomcat/11.0.18]
2026-03-21 12:57:56.221  INFO 18260 --- [demo] [main] b.w.c.s.WebApplicationContextInitializer : Root WebApplicationContext: initialization completed in 807 ms
2026-03-21 12:57:56.331  INFO 18260 --- [demo] [main] org.hibernate.orm.jpa                    : HHH008540: Processing PersistenceUnitInfo [name: default]
2026-03-21 12:57:56.374  INFO 18260 --- [demo] [main] org.hibernate.orm.core                   : HHH000001: Hibernate ORM core version 7.2.7.Final
2026-03-21 12:57:56.694  INFO 18260 --- [demo] [main] o.s.o.j.p.SpringPersistenceUnitInfo      : No LoadTimeWeaver setup: ignoring JPA class transformer
2026-03-21 12:57:56.720  INFO 18260 --- [demo] [main] com.zaxxer.hikari.HikariDataSource       : HikariPool-1 - Starting...
2026-03-21 12:57:56.845  INFO 18260 --- [demo] [main] com.zaxxer.hikari.pool.HikariPool        : HikariPool-1 - Added connection conn0: url=jdbc:h2:mem:db-test user=POSTGRES
2026-03-21 12:57:56.847  INFO 18260 --- [demo] [main] com.zaxxer.hikari.HikariDataSource       : HikariPool-1 - Start completed.
2026-03-21 12:57:56.892  INFO 18260 --- [demo] [main] org.hibernate.orm.connections.pooling    : HHH10001005: Database info:
	Database JDBC URL [jdbc:h2:mem:db-test]
	Database driver: H2 JDBC Driver
	Database dialect: H2Dialect
	Database version: 2.4.240
	Default catalog/schema: DB-TEST/PUBLIC
	Autocommit mode: undefined/unknown
	Isolation level: READ_COMMITTED [default READ_COMMITTED]
	JDBC fetch size: 100
	Pool: DataSourceConnectionProvider
	Minimum pool size: undefined/unknown
	Maximum pool size: undefined/unknown
2026-03-21 12:57:57.569  INFO 18260 --- [demo] [main] org.hibernate.orm.core                   : HHH000489: No JTA platform available (set 'hibernate.transaction.jta.platform' to enable JTA platform integration)
2026-03-21 12:57:57.623  INFO 18260 --- [demo] [main] j.LocalContainerEntityManagerFactoryBean : Initialized JPA EntityManagerFactory for persistence unit 'default'
2026-03-21 12:57:57.672  INFO 18260 --- [demo] [main] o.s.d.j.r.query.QueryEnhancerFactories   : Hibernate is in classpath; If applicable, HQL parser will be used.
2026-03-21 12:57:57.846  WARN 18260 --- [demo] [main] JpaBaseConfiguration$JpaWebConfiguration : spring.jpa.open-in-view is enabled by default. Therefore, database queries may be performed during view rendering. Explicitly configure spring.jpa.open-in-view to disable this warning
2026-03-21 12:57:58.028  INFO 18260 --- [demo] [main] o.s.b.h.a.H2ConsoleAutoConfiguration     : H2 console available at '/h2-console'. Database available at 'jdbc:h2:mem:db-test'
2026-03-21 12:57:58.042  WARN 18260 --- [demo] [main] ConfigServletWebServerApplicationContext : Exception encountered during context initialization - cancelling refresh attempt: org.springframework.beans.factory.BeanCreationException: Error creating bean with name 'dataSourceScriptDatabaseInitializer' defined in class path resource [org/springframework/boot/jdbc/autoconfigure/DataSourceInitializationAutoConfiguration.class]: Failed to execute SQL script statement #2 of file [F:\Universidad\Docencia ICESI\Computación en Internet 2\2026 01\parcial-jpa-avion\target\classes\data.sql]: (3, 'Global Air', 'Spain', 'GA')
2026-03-21 12:57:58.044  INFO 18260 --- [demo] [main] j.LocalContainerEntityManagerFactoryBean : Closing JPA EntityManagerFactory for persistence unit 'default'
2026-03-21 12:57:58.049  INFO 18260 --- [demo] [main] com.zaxxer.hikari.HikariDataSource       : HikariPool-1 - Shutdown initiated...
2026-03-21 12:57:58.050  INFO 18260 --- [demo] [main] com.zaxxer.hikari.HikariDataSource       : HikariPool-1 - Shutdown completed.
2026-03-21 12:57:58.053  INFO 18260 --- [demo] [main] o.apache.catalina.core.StandardService   : Stopping service [Tomcat]
2026-03-21 12:57:58.058  INFO 18260 --- [demo] [main] .s.b.a.l.ConditionEvaluationReportLogger : 

Error starting ApplicationContext. To display the condition evaluation report re-run your application with 'debug' enabled.
2026-03-21 12:57:58.068 ERROR 18260 --- [demo] [main] o.s.boot.SpringApplication               : Application run failed

org.springframework.beans.factory.BeanCreationException: Error creating bean with name 'dataSourceScriptDatabaseInitializer' defined in class path resource [org/springframework/boot/jdbc/autoconfigure/DataSourceInitializationAutoConfiguration.class]: Failed to execute SQL script statement #2 of file [F:\Universidad\Docencia ICESI\Computación en Internet 2\2026 01\parcial-jpa-avion\target\classes\data.sql]: (3, 'Global Air', 'Spain', 'GA')
	at org.springframework.beans.factory.support.AbstractAutowireCapableBeanFactory.initializeBean(AbstractAutowireCapableBeanFactory.java:1817) ~[spring-beans-7.0.6.jar:7.0.6]
	at org.springframework.beans.factory.support.AbstractAutowireCapableBeanFactory.doCreateBean(AbstractAutowireCapableBeanFactory.java:603) ~[spring-beans-7.0.6.jar:7.0.6]
	at org.springframework.beans.factory.support.AbstractAutowireCapableBeanFactory.createBean(AbstractAutowireCapableBeanFactory.java:525) ~[spring-beans-7.0.6.jar:7.0.6]
	at org.springframework.beans.factory.support.AbstractBeanFactory.lambda$doGetBean$0(AbstractBeanFactory.java:333) ~[spring-beans-7.0.6.jar:7.0.6]
	at org.springframework.beans.factory.support.DefaultSingletonBeanRegistry.getSingleton(DefaultSingletonBeanRegistry.java:371) ~[spring-beans-7.0.6.jar:7.0.6]
	at org.springframework.beans.factory.support.AbstractBeanFactory.doGetBean(AbstractBeanFactory.java:331) ~[spring-beans-7.0.6.jar:7.0.6]
	at org.springframework.beans.factory.support.AbstractBeanFactory.getBean(AbstractBeanFactory.java:196) ~[spring-beans-7.0.6.jar:7.0.6]
	at org.springframework.beans.factory.support.DefaultListableBeanFactory.instantiateSingleton(DefaultListableBeanFactory.java:1218) ~[spring-beans-7.0.6.jar:7.0.6]
	at org.springframework.beans.factory.support.DefaultListableBeanFactory.preInstantiateSingleton(DefaultListableBeanFactory.java:1184) ~[spring-beans-7.0.6.jar:7.0.6]
	at org.springframework.beans.factory.support.DefaultListableBeanFactory.preInstantiateSingletons(DefaultListableBeanFactory.java:1121) ~[spring-beans-7.0.6.jar:7.0.6]
	at org.springframework.context.support.AbstractApplicationContext.finishBeanFactoryInitialization(AbstractApplicationContext.java:994) ~[spring-context-7.0.6.jar:7.0.6]
	at org.springframework.context.support.AbstractApplicationContext.refresh(AbstractApplicationContext.java:621) ~[spring-context-7.0.6.jar:7.0.6]
	at org.springframework.boot.web.server.servlet.context.ServletWebServerApplicationContext.refresh(ServletWebServerApplicationContext.java:143) ~[spring-boot-web-server-4.0.4.jar:4.0.4]
	at org.springframework.boot.SpringApplication.refresh(SpringApplication.java:756) ~[spring-boot-4.0.4.jar:4.0.4]
	at org.springframework.boot.SpringApplication.refreshContext(SpringApplication.java:445) ~[spring-boot-4.0.4.jar:4.0.4]
	at org.springframework.boot.SpringApplication.run(SpringApplication.java:321) ~[spring-boot-4.0.4.jar:4.0.4]
	at org.springframework.boot.SpringApplication.run(SpringApplication.java:1365) ~[spring-boot-4.0.4.jar:4.0.4]
	at org.springframework.boot.SpringApplication.run(SpringApplication.java:1354) ~[spring-boot-4.0.4.jar:4.0.4]
	at com.example.demo.DemoApplication.main(DemoApplication.java:10) ~[classes/:na]
Caused by: org.springframework.jdbc.datasource.init.ScriptStatementFailedException: Failed to execute SQL script statement #2 of file [F:\Universidad\Docencia ICESI\Computación en Internet 2\2026 01\parcial-jpa-avion\target\classes\data.sql]: (3, 'Global Air', 'Spain', 'GA')
	at org.springframework.jdbc.datasource.init.ScriptUtils.executeSqlScript(ScriptUtils.java:293) ~[spring-jdbc-7.0.6.jar:7.0.6]
	at org.springframework.jdbc.datasource.init.ResourceDatabasePopulator.populate(ResourceDatabasePopulator.java:254) ~[spring-jdbc-7.0.6.jar:7.0.6]
	at org.springframework.jdbc.datasource.init.DatabasePopulatorUtils.execute(DatabasePopulatorUtils.java:54) ~[spring-jdbc-7.0.6.jar:7.0.6]
	at org.springframework.boot.jdbc.init.DataSourceScriptDatabaseInitializer.runScripts(DataSourceScriptDatabaseInitializer.java:87) ~[spring-boot-jdbc-4.0.4.jar:4.0.4]
	at org.springframework.boot.sql.init.AbstractScriptDatabaseInitializer.runScripts(AbstractScriptDatabaseInitializer.java:159) ~[spring-boot-sql-4.0.4.jar:4.0.4]
	at org.springframework.boot.sql.init.AbstractScriptDatabaseInitializer.applyScripts(AbstractScriptDatabaseInitializer.java:120) ~[spring-boot-sql-4.0.4.jar:4.0.4]
	at org.springframework.boot.sql.init.AbstractScriptDatabaseInitializer.applyDataScripts(AbstractScriptDatabaseInitializer.java:113) ~[spring-boot-sql-4.0.4.jar:4.0.4]
	at org.springframework.boot.sql.init.AbstractScriptDatabaseInitializer.initializeDatabase(AbstractScriptDatabaseInitializer.java:88) ~[spring-boot-sql-4.0.4.jar:4.0.4]
	at org.springframework.boot.sql.init.AbstractScriptDatabaseInitializer.afterPropertiesSet(AbstractScriptDatabaseInitializer.java:77) ~[spring-boot-sql-4.0.4.jar:4.0.4]
	at org.springframework.beans.factory.support.AbstractAutowireCapableBeanFactory.invokeInitMethods(AbstractAutowireCapableBeanFactory.java:1864) ~[spring-beans-7.0.6.jar:7.0.6]
	at org.springframework.beans.factory.support.AbstractAutowireCapableBeanFactory.initializeBean(AbstractAutowireCapableBeanFactory.java:1813) ~[spring-beans-7.0.6.jar:7.0.6]
	... 18 common frames omitted
Caused by: org.h2.jdbc.JdbcSQLSyntaxErrorException: Error de Sintaxis en sentencia SQL "([*]3, 'Global Air', 'Spain', 'GA')"; se esperaba "(, SELECT, TABLE, VALUES"
Syntax error in SQL statement "([*]3, 'Global Air', 'Spain', 'GA')"; expected "(, SELECT, TABLE, VALUES"; SQL statement:
(3, 'Global Air', 'Spain', 'GA') [42001-240]
	at org.h2.message.DbException.getJdbcSQLException(DbException.java:514) ~[h2-2.4.240.jar:2.4.240]
	at org.h2.message.DbException.getJdbcSQLException(DbException.java:489) ~[h2-2.4.240.jar:2.4.240]
	at org.h2.message.DbException.getSyntaxError(DbException.java:261) ~[h2-2.4.240.jar:2.4.240]
	at org.h2.command.ParserBase.getSyntaxError(ParserBase.java:762) ~[h2-2.4.240.jar:2.4.240]
	at org.h2.command.ParserBase.read(ParserBase.java:369) ~[h2-2.4.240.jar:2.4.240]
	at org.h2.command.Parser.parseQueryPrimary(Parser.java:2699) ~[h2-2.4.240.jar:2.4.240]
	at org.h2.command.Parser.parseQueryTerm(Parser.java:2550) ~[h2-2.4.240.jar:2.4.240]
	at org.h2.command.Parser.parseQueryExpressionBody(Parser.java:2529) ~[h2-2.4.240.jar:2.4.240]
	at org.h2.command.Parser.parseQueryExpressionBodyAndEndOfQuery(Parser.java:2522) ~[h2-2.4.240.jar:2.4.240]
	at org.h2.command.Parser.parseQueryPrimary(Parser.java:2688) ~[h2-2.4.240.jar:2.4.240]
	at org.h2.command.Parser.parseQueryTerm(Parser.java:2550) ~[h2-2.4.240.jar:2.4.240]
	at org.h2.command.Parser.parseQueryExpressionBody(Parser.java:2529) ~[h2-2.4.240.jar:2.4.240]
	at org.h2.command.Parser.parseQueryExpressionBodyAndEndOfQuery(Parser.java:2522) ~[h2-2.4.240.jar:2.4.240]
	at org.h2.command.Parser.parseQueryExpression(Parser.java:2515) ~[h2-2.4.240.jar:2.4.240]
	at org.h2.command.Parser.parseQuery(Parser.java:2482) ~[h2-2.4.240.jar:2.4.240]
	at org.h2.command.Parser.parsePrepared(Parser.java:613) ~[h2-2.4.240.jar:2.4.240]
	at org.h2.command.Parser.parse(Parser.java:584) ~[h2-2.4.240.jar:2.4.240]
	at org.h2.command.Parser.parse(Parser.java:564) ~[h2-2.4.240.jar:2.4.240]
	at org.h2.command.Parser.prepareCommand(Parser.java:487) ~[h2-2.4.240.jar:2.4.240]
	at org.h2.engine.SessionLocal.prepareLocal(SessionLocal.java:647) ~[h2-2.4.240.jar:2.4.240]
	at org.h2.engine.SessionLocal.prepareCommand(SessionLocal.java:563) ~[h2-2.4.240.jar:2.4.240]
	at org.h2.jdbc.JdbcConnection.prepareCommand(JdbcConnection.java:1160) ~[h2-2.4.240.jar:2.4.240]
	at org.h2.jdbc.JdbcStatement.executeInternal(JdbcStatement.java:245) ~[h2-2.4.240.jar:2.4.240]
	at org.h2.jdbc.JdbcStatement.execute(JdbcStatement.java:231) ~[h2-2.4.240.jar:2.4.240]
	at com.zaxxer.hikari.pool.ProxyStatement.execute(ProxyStatement.java:95) ~[HikariCP-7.0.2.jar:na]
	at com.zaxxer.hikari.pool.HikariProxyStatement.execute(HikariProxyStatement.java) ~[HikariCP-7.0.2.jar:na]
	at org.springframework.jdbc.datasource.init.ScriptUtils.executeSqlScript(ScriptUtils.java:261) ~[spring-jdbc-7.0.6.jar:7.0.6]
	... 28 common frames omitted

2026-03-21 12:58:26.632  INFO 6988 --- [demo] [main] com.example.demo.DemoApplication         : Starting DemoApplication using Java 17.0.11 with PID 6988 (F:\Universidad\Docencia ICESI\Computación en Internet 2\2026 01\parcial-jpa-avion\target\classes started by Kelocoes in F:\Universidad\Docencia ICESI\Computación en Internet 2\2026 01\parcial-jpa-avion)
2026-03-21 12:58:26.635  INFO 6988 --- [demo] [main] com.example.demo.DemoApplication         : No active profile set, falling back to 1 default profile: "default"
2026-03-21 12:58:27.012  INFO 6988 --- [demo] [main] .s.d.r.c.RepositoryConfigurationDelegate : Bootstrapping Spring Data JPA repositories in DEFAULT mode.
2026-03-21 12:58:27.061  INFO 6988 --- [demo] [main] .s.d.r.c.RepositoryConfigurationDelegate : Finished Spring Data repository scanning in 41 ms. Found 6 JPA repository interfaces.
2026-03-21 12:58:27.412  INFO 6988 --- [demo] [main] o.s.boot.tomcat.TomcatWebServer          : Tomcat initialized with port 8081 (http)
2026-03-21 12:58:27.422  INFO 6988 --- [demo] [main] o.apache.catalina.core.StandardService   : Starting service [Tomcat]
2026-03-21 12:58:27.422  INFO 6988 --- [demo] [main] o.apache.catalina.core.StandardEngine    : Starting Servlet engine: [Apache Tomcat/11.0.18]
2026-03-21 12:58:27.475  INFO 6988 --- [demo] [main] b.w.c.s.WebApplicationContextInitializer : Root WebApplicationContext: initialization completed in 807 ms
2026-03-21 12:58:27.591  INFO 6988 --- [demo] [main] org.hibernate.orm.jpa                    : HHH008540: Processing PersistenceUnitInfo [name: default]
2026-03-21 12:58:27.629  INFO 6988 --- [demo] [main] org.hibernate.orm.core                   : HHH000001: Hibernate ORM core version 7.2.7.Final
2026-03-21 12:58:27.943  INFO 6988 --- [demo] [main] o.s.o.j.p.SpringPersistenceUnitInfo      : No LoadTimeWeaver setup: ignoring JPA class transformer
2026-03-21 12:58:27.969  INFO 6988 --- [demo] [main] com.zaxxer.hikari.HikariDataSource       : HikariPool-1 - Starting...
2026-03-21 12:58:28.097  INFO 6988 --- [demo] [main] com.zaxxer.hikari.pool.HikariPool        : HikariPool-1 - Added connection conn0: url=jdbc:h2:mem:db-test user=POSTGRES
2026-03-21 12:58:28.099  INFO 6988 --- [demo] [main] com.zaxxer.hikari.HikariDataSource       : HikariPool-1 - Start completed.
2026-03-21 12:58:28.142  INFO 6988 --- [demo] [main] org.hibernate.orm.connections.pooling    : HHH10001005: Database info:
	Database JDBC URL [jdbc:h2:mem:db-test]
	Database driver: H2 JDBC Driver
	Database dialect: H2Dialect
	Database version: 2.4.240
	Default catalog/schema: DB-TEST/PUBLIC
	Autocommit mode: undefined/unknown
	Isolation level: READ_COMMITTED [default READ_COMMITTED]
	JDBC fetch size: 100
	Pool: DataSourceConnectionProvider
	Minimum pool size: undefined/unknown
	Maximum pool size: undefined/unknown
2026-03-21 12:58:28.814  INFO 6988 --- [demo] [main] org.hibernate.orm.core                   : HHH000489: No JTA platform available (set 'hibernate.transaction.jta.platform' to enable JTA platform integration)
2026-03-21 12:58:28.863  INFO 6988 --- [demo] [main] j.LocalContainerEntityManagerFactoryBean : Initialized JPA EntityManagerFactory for persistence unit 'default'
2026-03-21 12:58:28.914  INFO 6988 --- [demo] [main] o.s.d.j.r.query.QueryEnhancerFactories   : Hibernate is in classpath; If applicable, HQL parser will be used.
2026-03-21 12:58:29.088  WARN 6988 --- [demo] [main] JpaBaseConfiguration$JpaWebConfiguration : spring.jpa.open-in-view is enabled by default. Therefore, database queries may be performed during view rendering. Explicitly configure spring.jpa.open-in-view to disable this warning
2026-03-21 12:58:29.267  INFO 6988 --- [demo] [main] o.s.b.h.a.H2ConsoleAutoConfiguration     : H2 console available at '/h2-console'. Database available at 'jdbc:h2:mem:db-test'
2026-03-21 12:58:29.280  WARN 6988 --- [demo] [main] ConfigServletWebServerApplicationContext : Exception encountered during context initialization - cancelling refresh attempt: org.springframework.beans.factory.BeanCreationException: Error creating bean with name 'dataSourceScriptDatabaseInitializer' defined in class path resource [org/springframework/boot/jdbc/autoconfigure/DataSourceInitializationAutoConfiguration.class]: Failed to execute SQL script statement #4 of file [F:\Universidad\Docencia ICESI\Computación en Internet 2\2026 01\parcial-jpa-avion\target\classes\data.sql]: (4, 'Airbus A350-900', 'N-9002', 320, 3)
2026-03-21 12:58:29.281  INFO 6988 --- [demo] [main] j.LocalContainerEntityManagerFactoryBean : Closing JPA EntityManagerFactory for persistence unit 'default'
2026-03-21 12:58:29.287  INFO 6988 --- [demo] [main] com.zaxxer.hikari.HikariDataSource       : HikariPool-1 - Shutdown initiated...
2026-03-21 12:58:29.288  INFO 6988 --- [demo] [main] com.zaxxer.hikari.HikariDataSource       : HikariPool-1 - Shutdown completed.
2026-03-21 12:58:29.289  INFO 6988 --- [demo] [main] o.apache.catalina.core.StandardService   : Stopping service [Tomcat]
2026-03-21 12:58:29.296  INFO 6988 --- [demo] [main] .s.b.a.l.ConditionEvaluationReportLogger : 

Error starting ApplicationContext. To display the condition evaluation report re-run your application with 'debug' enabled.
2026-03-21 12:58:29.305 ERROR 6988 --- [demo] [main] o.s.boot.SpringApplication               : Application run failed

org.springframework.beans.factory.BeanCreationException: Error creating bean with name 'dataSourceScriptDatabaseInitializer' defined in class path resource [org/springframework/boot/jdbc/autoconfigure/DataSourceInitializationAutoConfiguration.class]: Failed to execute SQL script statement #4 of file [F:\Universidad\Docencia ICESI\Computación en Internet 2\2026 01\parcial-jpa-avion\target\classes\data.sql]: (4, 'Airbus A350-900', 'N-9002', 320, 3)
	at org.springframework.beans.factory.support.AbstractAutowireCapableBeanFactory.initializeBean(AbstractAutowireCapableBeanFactory.java:1817) ~[spring-beans-7.0.6.jar:7.0.6]
	at org.springframework.beans.factory.support.AbstractAutowireCapableBeanFactory.doCreateBean(AbstractAutowireCapableBeanFactory.java:603) ~[spring-beans-7.0.6.jar:7.0.6]
	at org.springframework.beans.factory.support.AbstractAutowireCapableBeanFactory.createBean(AbstractAutowireCapableBeanFactory.java:525) ~[spring-beans-7.0.6.jar:7.0.6]
	at org.springframework.beans.factory.support.AbstractBeanFactory.lambda$doGetBean$0(AbstractBeanFactory.java:333) ~[spring-beans-7.0.6.jar:7.0.6]
	at org.springframework.beans.factory.support.DefaultSingletonBeanRegistry.getSingleton(DefaultSingletonBeanRegistry.java:371) ~[spring-beans-7.0.6.jar:7.0.6]
	at org.springframework.beans.factory.support.AbstractBeanFactory.doGetBean(AbstractBeanFactory.java:331) ~[spring-beans-7.0.6.jar:7.0.6]
	at org.springframework.beans.factory.support.AbstractBeanFactory.getBean(AbstractBeanFactory.java:196) ~[spring-beans-7.0.6.jar:7.0.6]
	at org.springframework.beans.factory.support.DefaultListableBeanFactory.instantiateSingleton(DefaultListableBeanFactory.java:1218) ~[spring-beans-7.0.6.jar:7.0.6]
	at org.springframework.beans.factory.support.DefaultListableBeanFactory.preInstantiateSingleton(DefaultListableBeanFactory.java:1184) ~[spring-beans-7.0.6.jar:7.0.6]
	at org.springframework.beans.factory.support.DefaultListableBeanFactory.preInstantiateSingletons(DefaultListableBeanFactory.java:1121) ~[spring-beans-7.0.6.jar:7.0.6]
	at org.springframework.context.support.AbstractApplicationContext.finishBeanFactoryInitialization(AbstractApplicationContext.java:994) ~[spring-context-7.0.6.jar:7.0.6]
	at org.springframework.context.support.AbstractApplicationContext.refresh(AbstractApplicationContext.java:621) ~[spring-context-7.0.6.jar:7.0.6]
	at org.springframework.boot.web.server.servlet.context.ServletWebServerApplicationContext.refresh(ServletWebServerApplicationContext.java:143) ~[spring-boot-web-server-4.0.4.jar:4.0.4]
	at org.springframework.boot.SpringApplication.refresh(SpringApplication.java:756) ~[spring-boot-4.0.4.jar:4.0.4]
	at org.springframework.boot.SpringApplication.refreshContext(SpringApplication.java:445) ~[spring-boot-4.0.4.jar:4.0.4]
	at org.springframework.boot.SpringApplication.run(SpringApplication.java:321) ~[spring-boot-4.0.4.jar:4.0.4]
	at org.springframework.boot.SpringApplication.run(SpringApplication.java:1365) ~[spring-boot-4.0.4.jar:4.0.4]
	at org.springframework.boot.SpringApplication.run(SpringApplication.java:1354) ~[spring-boot-4.0.4.jar:4.0.4]
	at com.example.demo.DemoApplication.main(DemoApplication.java:10) ~[classes/:na]
Caused by: org.springframework.jdbc.datasource.init.ScriptStatementFailedException: Failed to execute SQL script statement #4 of file [F:\Universidad\Docencia ICESI\Computación en Internet 2\2026 01\parcial-jpa-avion\target\classes\data.sql]: (4, 'Airbus A350-900', 'N-9002', 320, 3)
	at org.springframework.jdbc.datasource.init.ScriptUtils.executeSqlScript(ScriptUtils.java:293) ~[spring-jdbc-7.0.6.jar:7.0.6]
	at org.springframework.jdbc.datasource.init.ResourceDatabasePopulator.populate(ResourceDatabasePopulator.java:254) ~[spring-jdbc-7.0.6.jar:7.0.6]
	at org.springframework.jdbc.datasource.init.DatabasePopulatorUtils.execute(DatabasePopulatorUtils.java:54) ~[spring-jdbc-7.0.6.jar:7.0.6]
	at org.springframework.boot.jdbc.init.DataSourceScriptDatabaseInitializer.runScripts(DataSourceScriptDatabaseInitializer.java:87) ~[spring-boot-jdbc-4.0.4.jar:4.0.4]
	at org.springframework.boot.sql.init.AbstractScriptDatabaseInitializer.runScripts(AbstractScriptDatabaseInitializer.java:159) ~[spring-boot-sql-4.0.4.jar:4.0.4]
	at org.springframework.boot.sql.init.AbstractScriptDatabaseInitializer.applyScripts(AbstractScriptDatabaseInitializer.java:120) ~[spring-boot-sql-4.0.4.jar:4.0.4]
	at org.springframework.boot.sql.init.AbstractScriptDatabaseInitializer.applyDataScripts(AbstractScriptDatabaseInitializer.java:113) ~[spring-boot-sql-4.0.4.jar:4.0.4]
	at org.springframework.boot.sql.init.AbstractScriptDatabaseInitializer.initializeDatabase(AbstractScriptDatabaseInitializer.java:88) ~[spring-boot-sql-4.0.4.jar:4.0.4]
	at org.springframework.boot.sql.init.AbstractScriptDatabaseInitializer.afterPropertiesSet(AbstractScriptDatabaseInitializer.java:77) ~[spring-boot-sql-4.0.4.jar:4.0.4]
	at org.springframework.beans.factory.support.AbstractAutowireCapableBeanFactory.invokeInitMethods(AbstractAutowireCapableBeanFactory.java:1864) ~[spring-beans-7.0.6.jar:7.0.6]
	at org.springframework.beans.factory.support.AbstractAutowireCapableBeanFactory.initializeBean(AbstractAutowireCapableBeanFactory.java:1813) ~[spring-beans-7.0.6.jar:7.0.6]
	... 18 common frames omitted
Caused by: org.h2.jdbc.JdbcSQLSyntaxErrorException: Error de Sintaxis en sentencia SQL "([*]4, 'Airbus A350-900', 'N-9002', 320, 3)"; se esperaba "(, SELECT, TABLE, VALUES"
Syntax error in SQL statement "([*]4, 'Airbus A350-900', 'N-9002', 320, 3)"; expected "(, SELECT, TABLE, VALUES"; SQL statement:
(4, 'Airbus A350-900', 'N-9002', 320, 3) [42001-240]
	at org.h2.message.DbException.getJdbcSQLException(DbException.java:514) ~[h2-2.4.240.jar:2.4.240]
	at org.h2.message.DbException.getJdbcSQLException(DbException.java:489) ~[h2-2.4.240.jar:2.4.240]
	at org.h2.message.DbException.getSyntaxError(DbException.java:261) ~[h2-2.4.240.jar:2.4.240]
	at org.h2.command.ParserBase.getSyntaxError(ParserBase.java:762) ~[h2-2.4.240.jar:2.4.240]
	at org.h2.command.ParserBase.read(ParserBase.java:369) ~[h2-2.4.240.jar:2.4.240]
	at org.h2.command.Parser.parseQueryPrimary(Parser.java:2699) ~[h2-2.4.240.jar:2.4.240]
	at org.h2.command.Parser.parseQueryTerm(Parser.java:2550) ~[h2-2.4.240.jar:2.4.240]
	at org.h2.command.Parser.parseQueryExpressionBody(Parser.java:2529) ~[h2-2.4.240.jar:2.4.240]
	at org.h2.command.Parser.parseQueryExpressionBodyAndEndOfQuery(Parser.java:2522) ~[h2-2.4.240.jar:2.4.240]
	at org.h2.command.Parser.parseQueryPrimary(Parser.java:2688) ~[h2-2.4.240.jar:2.4.240]
	at org.h2.command.Parser.parseQueryTerm(Parser.java:2550) ~[h2-2.4.240.jar:2.4.240]
	at org.h2.command.Parser.parseQueryExpressionBody(Parser.java:2529) ~[h2-2.4.240.jar:2.4.240]
	at org.h2.command.Parser.parseQueryExpressionBodyAndEndOfQuery(Parser.java:2522) ~[h2-2.4.240.jar:2.4.240]
	at org.h2.command.Parser.parseQueryExpression(Parser.java:2515) ~[h2-2.4.240.jar:2.4.240]
	at org.h2.command.Parser.parseQuery(Parser.java:2482) ~[h2-2.4.240.jar:2.4.240]
	at org.h2.command.Parser.parsePrepared(Parser.java:613) ~[h2-2.4.240.jar:2.4.240]
	at org.h2.command.Parser.parse(Parser.java:584) ~[h2-2.4.240.jar:2.4.240]
	at org.h2.command.Parser.parse(Parser.java:564) ~[h2-2.4.240.jar:2.4.240]
	at org.h2.command.Parser.prepareCommand(Parser.java:487) ~[h2-2.4.240.jar:2.4.240]
	at org.h2.engine.SessionLocal.prepareLocal(SessionLocal.java:647) ~[h2-2.4.240.jar:2.4.240]
	at org.h2.engine.SessionLocal.prepareCommand(SessionLocal.java:563) ~[h2-2.4.240.jar:2.4.240]
	at org.h2.jdbc.JdbcConnection.prepareCommand(JdbcConnection.java:1160) ~[h2-2.4.240.jar:2.4.240]
	at org.h2.jdbc.JdbcStatement.executeInternal(JdbcStatement.java:245) ~[h2-2.4.240.jar:2.4.240]
	at org.h2.jdbc.JdbcStatement.execute(JdbcStatement.java:231) ~[h2-2.4.240.jar:2.4.240]
	at com.zaxxer.hikari.pool.ProxyStatement.execute(ProxyStatement.java:95) ~[HikariCP-7.0.2.jar:na]
	at com.zaxxer.hikari.pool.HikariProxyStatement.execute(HikariProxyStatement.java) ~[HikariCP-7.0.2.jar:na]
	at org.springframework.jdbc.datasource.init.ScriptUtils.executeSqlScript(ScriptUtils.java:261) ~[spring-jdbc-7.0.6.jar:7.0.6]
	... 28 common frames omitted

2026-03-21 12:58:38.002  INFO 21372 --- [demo] [main] com.example.demo.DemoApplication         : Starting DemoApplication using Java 17.0.11 with PID 21372 (F:\Universidad\Docencia ICESI\Computación en Internet 2\2026 01\parcial-jpa-avion\target\classes started by Kelocoes in F:\Universidad\Docencia ICESI\Computación en Internet 2\2026 01\parcial-jpa-avion)
2026-03-21 12:58:38.005  INFO 21372 --- [demo] [main] com.example.demo.DemoApplication         : No active profile set, falling back to 1 default profile: "default"
2026-03-21 12:58:38.395  INFO 21372 --- [demo] [main] .s.d.r.c.RepositoryConfigurationDelegate : Bootstrapping Spring Data JPA repositories in DEFAULT mode.
2026-03-21 12:58:38.443  INFO 21372 --- [demo] [main] .s.d.r.c.RepositoryConfigurationDelegate : Finished Spring Data repository scanning in 41 ms. Found 6 JPA repository interfaces.
2026-03-21 12:58:38.779  INFO 21372 --- [demo] [main] o.s.boot.tomcat.TomcatWebServer          : Tomcat initialized with port 8081 (http)
2026-03-21 12:58:38.841  INFO 21372 --- [demo] [main] b.w.c.s.WebApplicationContextInitializer : Root WebApplicationContext: initialization completed in 803 ms
2026-03-21 12:58:38.961  INFO 21372 --- [demo] [main] org.hibernate.orm.jpa                    : HHH008540: Processing PersistenceUnitInfo [name: default]
2026-03-21 12:58:38.999  INFO 21372 --- [demo] [main] org.hibernate.orm.core                   : HHH000001: Hibernate ORM core version 7.2.7.Final
2026-03-21 12:58:39.319  INFO 21372 --- [demo] [main] o.s.o.j.p.SpringPersistenceUnitInfo      : No LoadTimeWeaver setup: ignoring JPA class transformer
2026-03-21 12:58:39.347  INFO 21372 --- [demo] [main] com.zaxxer.hikari.HikariDataSource       : HikariPool-1 - Starting...
2026-03-21 12:58:39.473  INFO 21372 --- [demo] [main] com.zaxxer.hikari.pool.HikariPool        : HikariPool-1 - Added connection conn0: url=jdbc:h2:mem:db-test user=POSTGRES
2026-03-21 12:58:39.475  INFO 21372 --- [demo] [main] com.zaxxer.hikari.HikariDataSource       : HikariPool-1 - Start completed.
2026-03-21 12:58:39.519  INFO 21372 --- [demo] [main] org.hibernate.orm.connections.pooling    : HHH10001005: Database info:
	Database JDBC URL [jdbc:h2:mem:db-test]
	Database driver: H2 JDBC Driver
	Database dialect: H2Dialect
	Database version: 2.4.240
	Default catalog/schema: DB-TEST/PUBLIC
	Autocommit mode: undefined/unknown
	Isolation level: READ_COMMITTED [default READ_COMMITTED]
	JDBC fetch size: 100
	Pool: DataSourceConnectionProvider
	Minimum pool size: undefined/unknown
	Maximum pool size: undefined/unknown
2026-03-21 12:58:40.189  INFO 21372 --- [demo] [main] org.hibernate.orm.core                   : HHH000489: No JTA platform available (set 'hibernate.transaction.jta.platform' to enable JTA platform integration)
2026-03-21 12:58:40.237  INFO 21372 --- [demo] [main] j.LocalContainerEntityManagerFactoryBean : Initialized JPA EntityManagerFactory for persistence unit 'default'
2026-03-21 12:58:40.288  INFO 21372 --- [demo] [main] o.s.d.j.r.query.QueryEnhancerFactories   : Hibernate is in classpath; If applicable, HQL parser will be used.
2026-03-21 12:58:40.458  WARN 21372 --- [demo] [main] JpaBaseConfiguration$JpaWebConfiguration : spring.jpa.open-in-view is enabled by default. Therefore, database queries may be performed during view rendering. Explicitly configure spring.jpa.open-in-view to disable this warning
2026-03-21 12:58:40.635  INFO 21372 --- [demo] [main] o.s.b.h.a.H2ConsoleAutoConfiguration     : H2 console available at '/h2-console'. Database available at 'jdbc:h2:mem:db-test'
2026-03-21 12:58:40.697  INFO 21372 --- [demo] [main] o.s.boot.tomcat.TomcatWebServer          : Tomcat started on port 8081 (http) with context path '/compunet2-2026'
2026-03-21 12:58:40.703  INFO 21372 --- [demo] [main] com.example.demo.DemoApplication         : Started DemoApplication in 3.058 seconds (process running for 3.376)
2026-03-21 12:58:40.705  INFO 21372 --- [demo] [SpringApplicationShutdownHook] o.s.boot.tomcat.GracefulShutdown         : Commencing graceful shutdown. Waiting for active requests to complete
2026-03-21 12:58:40.787  INFO 21372 --- [demo] [tomcat-shutdown] o.s.boot.tomcat.GracefulShutdown         : Graceful shutdown complete
2026-03-21 12:58:40.791  INFO 21372 --- [demo] [SpringApplicationShutdownHook] j.LocalContainerEntityManagerFactoryBean : Closing JPA EntityManagerFactory for persistence unit 'default'
2026-03-21 12:58:40.795  INFO 21372 --- [demo] [SpringApplicationShutdownHook] com.zaxxer.hikari.HikariDataSource       : HikariPool-1 - Shutdown initiated...
2026-03-21 12:58:40.796  INFO 21372 --- [demo] [SpringApplicationShutdownHook] com.zaxxer.hikari.HikariDataSource       : HikariPool-1 - Shutdown completed.
2026-03-21 12:58:48.993  INFO 17152 --- [demo] [main] com.example.demo.DemoApplication         : Starting DemoApplication using Java 17.0.11 with PID 17152 (F:\Universidad\Docencia ICESI\Computación en Internet 2\2026 01\parcial-jpa-avion\target\classes started by Kelocoes in F:\Universidad\Docencia ICESI\Computación en Internet 2\2026 01\parcial-jpa-avion)
2026-03-21 12:58:48.996  INFO 17152 --- [demo] [main] com.example.demo.DemoApplication         : No active profile set, falling back to 1 default profile: "default"
2026-03-21 12:58:49.407  INFO 17152 --- [demo] [main] .s.d.r.c.RepositoryConfigurationDelegate : Bootstrapping Spring Data JPA repositories in DEFAULT mode.
2026-03-21 12:58:49.456  INFO 17152 --- [demo] [main] .s.d.r.c.RepositoryConfigurationDelegate : Finished Spring Data repository scanning in 42 ms. Found 6 JPA repository interfaces.
2026-03-21 12:58:49.788  INFO 17152 --- [demo] [main] o.s.boot.tomcat.TomcatWebServer          : Tomcat initialized with port 8081 (http)
2026-03-21 12:58:49.798  INFO 17152 --- [demo] [main] o.apache.catalina.core.StandardService   : Starting service [Tomcat]
2026-03-21 12:58:49.798  INFO 17152 --- [demo] [main] o.apache.catalina.core.StandardEngine    : Starting Servlet engine: [Apache Tomcat/11.0.18]
2026-03-21 12:58:49.852  INFO 17152 --- [demo] [main] b.w.c.s.WebApplicationContextInitializer : Root WebApplicationContext: initialization completed in 822 ms
2026-03-21 12:58:49.961  INFO 17152 --- [demo] [main] org.hibernate.orm.jpa                    : HHH008540: Processing PersistenceUnitInfo [name: default]
2026-03-21 12:58:50.005  INFO 17152 --- [demo] [main] org.hibernate.orm.core                   : HHH000001: Hibernate ORM core version 7.2.7.Final
2026-03-21 12:58:50.323  INFO 17152 --- [demo] [main] o.s.o.j.p.SpringPersistenceUnitInfo      : No LoadTimeWeaver setup: ignoring JPA class transformer
2026-03-21 12:58:50.349  INFO 17152 --- [demo] [main] com.zaxxer.hikari.HikariDataSource       : HikariPool-1 - Starting...
2026-03-21 12:58:50.476  INFO 17152 --- [demo] [main] com.zaxxer.hikari.pool.HikariPool        : HikariPool-1 - Added connection conn0: url=jdbc:h2:mem:db-test user=POSTGRES
2026-03-21 12:58:50.477  INFO 17152 --- [demo] [main] com.zaxxer.hikari.HikariDataSource       : HikariPool-1 - Start completed.
2026-03-21 12:58:50.520  INFO 17152 --- [demo] [main] org.hibernate.orm.connections.pooling    : HHH10001005: Database info:
	Database JDBC URL [jdbc:h2:mem:db-test]
	Database driver: H2 JDBC Driver
	Database dialect: H2Dialect
	Database version: 2.4.240
	Default catalog/schema: DB-TEST/PUBLIC
	Autocommit mode: undefined/unknown
	Isolation level: READ_COMMITTED [default READ_COMMITTED]
	JDBC fetch size: 100
	Pool: DataSourceConnectionProvider
	Minimum pool size: undefined/unknown
	Maximum pool size: undefined/unknown
2026-03-21 12:58:51.176  INFO 17152 --- [demo] [main] org.hibernate.orm.core                   : HHH000489: No JTA platform available (set 'hibernate.transaction.jta.platform' to enable JTA platform integration)
2026-03-21 12:58:51.225  INFO 17152 --- [demo] [main] j.LocalContainerEntityManagerFactoryBean : Initialized JPA EntityManagerFactory for persistence unit 'default'
2026-03-21 12:58:51.275  INFO 17152 --- [demo] [main] o.s.d.j.r.query.QueryEnhancerFactories   : Hibernate is in classpath; If applicable, HQL parser will be used.
2026-03-21 12:58:51.444  WARN 17152 --- [demo] [main] JpaBaseConfiguration$JpaWebConfiguration : spring.jpa.open-in-view is enabled by default. Therefore, database queries may be performed during view rendering. Explicitly configure spring.jpa.open-in-view to disable this warning
2026-03-21 12:58:51.624  INFO 17152 --- [demo] [main] o.s.b.h.a.H2ConsoleAutoConfiguration     : H2 console available at '/h2-console'. Database available at 'jdbc:h2:mem:db-test'
2026-03-21 12:58:51.678  INFO 17152 --- [demo] [main] o.s.boot.tomcat.TomcatWebServer          : Tomcat started on port 8081 (http) with context path '/compunet2-2026'
2026-03-21 12:58:51.682  INFO 17152 --- [demo] [main] com.example.demo.DemoApplication         : Started DemoApplication in 3.018 seconds (process running for 3.324)
2026-03-21 12:58:53.353  INFO 17152 --- [demo] [http-nio-8081-exec-1] o.a.c.c.C.[.[.[/compunet2-2026]          : Initializing Spring DispatcherServlet 'dispatcherServlet'
2026-03-21 12:58:53.353  INFO 17152 --- [demo] [http-nio-8081-exec-1] o.s.web.servlet.DispatcherServlet        : Initializing Servlet 'dispatcherServlet'
2026-03-21 12:58:53.354  INFO 17152 --- [demo] [http-nio-8081-exec-1] o.s.web.servlet.DispatcherServlet        : Completed initialization in 1 ms
2026-03-21 12:59:01.952  INFO 17152 --- [demo] [SpringApplicationShutdownHook] o.s.boot.tomcat.GracefulShutdown         : Commencing graceful shutdown. Waiting for active requests to complete
2026-03-21 12:59:02.041  INFO 17152 --- [demo] [tomcat-shutdown] o.s.boot.tomcat.GracefulShutdown         : Graceful shutdown complete
2026-03-21 12:59:02.044  INFO 17152 --- [demo] [SpringApplicationShutdownHook] j.LocalContainerEntityManagerFactoryBean : Closing JPA EntityManagerFactory for persistence unit 'default'
2026-03-21 12:59:02.048  INFO 17152 --- [demo] [SpringApplicationShutdownHook] com.zaxxer.hikari.HikariDataSource       : HikariPool-1 - Shutdown initiated...
2026-03-21 12:59:02.050  INFO 17152 --- [demo] [SpringApplicationShutdownHook] com.zaxxer.hikari.HikariDataSource       : HikariPool-1 - Shutdown completed.
2026-03-21 13:04:08.298  INFO 3220 --- [demo] [main] com.example.demo.DemoApplication         : Starting DemoApplication using Java 17.0.11 with PID 3220 (F:\Universidad\Docencia ICESI\Computación en Internet 2\2026 01\parcial-jpa-avion\target\classes started by Kelocoes in F:\Universidad\Docencia ICESI\Computación en Internet 2\2026 01\parcial-jpa-avion)
2026-03-21 13:04:08.301  INFO 3220 --- [demo] [main] com.example.demo.DemoApplication         : No active profile set, falling back to 1 default profile: "default"
2026-03-21 13:04:08.726  INFO 3220 --- [demo] [main] .s.d.r.c.RepositoryConfigurationDelegate : Bootstrapping Spring Data JPA repositories in DEFAULT mode.
2026-03-21 13:04:08.778  INFO 3220 --- [demo] [main] .s.d.r.c.RepositoryConfigurationDelegate : Finished Spring Data repository scanning in 44 ms. Found 6 JPA repository interfaces.
2026-03-21 13:04:09.121  INFO 3220 --- [demo] [main] o.s.boot.tomcat.TomcatWebServer          : Tomcat initialized with port 8081 (http)
2026-03-21 13:04:09.131  INFO 3220 --- [demo] [main] o.apache.catalina.core.StandardService   : Starting service [Tomcat]
2026-03-21 13:04:09.132  INFO 3220 --- [demo] [main] o.apache.catalina.core.StandardEngine    : Starting Servlet engine: [Apache Tomcat/11.0.18]
2026-03-21 13:04:09.185  INFO 3220 --- [demo] [main] b.w.c.s.WebApplicationContextInitializer : Root WebApplicationContext: initialization completed in 850 ms
2026-03-21 13:04:09.303  INFO 3220 --- [demo] [main] org.hibernate.orm.jpa                    : HHH008540: Processing PersistenceUnitInfo [name: default]
2026-03-21 13:04:09.349  INFO 3220 --- [demo] [main] org.hibernate.orm.core                   : HHH000001: Hibernate ORM core version 7.2.7.Final
2026-03-21 13:04:09.678  INFO 3220 --- [demo] [main] o.s.o.j.p.SpringPersistenceUnitInfo      : No LoadTimeWeaver setup: ignoring JPA class transformer
2026-03-21 13:04:09.706  INFO 3220 --- [demo] [main] com.zaxxer.hikari.HikariDataSource       : HikariPool-1 - Starting...
2026-03-21 13:04:09.834  INFO 3220 --- [demo] [main] com.zaxxer.hikari.pool.HikariPool        : HikariPool-1 - Added connection conn0: url=jdbc:h2:mem:db-test user=POSTGRES
2026-03-21 13:04:09.835  INFO 3220 --- [demo] [main] com.zaxxer.hikari.HikariDataSource       : HikariPool-1 - Start completed.
2026-03-21 13:04:09.880  INFO 3220 --- [demo] [main] org.hibernate.orm.connections.pooling    : HHH10001005: Database info:
	Database JDBC URL [jdbc:h2:mem:db-test]
	Database driver: H2 JDBC Driver
	Database dialect: H2Dialect
	Database version: 2.4.240
	Default catalog/schema: DB-TEST/PUBLIC
	Autocommit mode: undefined/unknown
	Isolation level: READ_COMMITTED [default READ_COMMITTED]
	JDBC fetch size: 100
	Pool: DataSourceConnectionProvider
	Minimum pool size: undefined/unknown
	Maximum pool size: undefined/unknown
2026-03-21 13:04:10.560  INFO 3220 --- [demo] [main] org.hibernate.orm.core                   : HHH000489: No JTA platform available (set 'hibernate.transaction.jta.platform' to enable JTA platform integration)
2026-03-21 13:04:10.611  INFO 3220 --- [demo] [main] j.LocalContainerEntityManagerFactoryBean : Initialized JPA EntityManagerFactory for persistence unit 'default'
2026-03-21 13:04:10.660  INFO 3220 --- [demo] [main] o.s.d.j.r.query.QueryEnhancerFactories   : Hibernate is in classpath; If applicable, HQL parser will be used.
2026-03-21 13:04:10.843  WARN 3220 --- [demo] [main] JpaBaseConfiguration$JpaWebConfiguration : spring.jpa.open-in-view is enabled by default. Therefore, database queries may be performed during view rendering. Explicitly configure spring.jpa.open-in-view to disable this warning
2026-03-21 13:04:11.030  INFO 3220 --- [demo] [main] o.s.b.h.a.H2ConsoleAutoConfiguration     : H2 console available at '/h2-console'. Database available at 'jdbc:h2:mem:db-test'
2026-03-21 13:04:11.091  INFO 3220 --- [demo] [main] o.s.boot.tomcat.TomcatWebServer          : Tomcat started on port 8081 (http) with context path '/compunet2-2026'
2026-03-21 13:04:11.096  INFO 3220 --- [demo] [main] com.example.demo.DemoApplication         : Started DemoApplication in 3.134 seconds (process running for 3.455)
2026-03-21 13:04:12.280  INFO 3220 --- [demo] [SpringApplicationShutdownHook] o.s.boot.tomcat.GracefulShutdown         : Commencing graceful shutdown. Waiting for active requests to complete
2026-03-21 13:04:12.367  INFO 3220 --- [demo] [tomcat-shutdown] o.s.boot.tomcat.GracefulShutdown         : Graceful shutdown complete
2026-03-21 13:04:12.369  INFO 3220 --- [demo] [SpringApplicationShutdownHook] j.LocalContainerEntityManagerFactoryBean : Closing JPA EntityManagerFactory for persistence unit 'default'
2026-03-21 13:04:12.374  INFO 3220 --- [demo] [SpringApplicationShutdownHook] com.zaxxer.hikari.HikariDataSource       : HikariPool-1 - Shutdown initiated...
2026-03-21 13:04:12.375  INFO 3220 --- [demo] [SpringApplicationShutdownHook] com.zaxxer.hikari.HikariDataSource       : HikariPool-1 - Shutdown completed.
2026-03-21 13:05:00.256  INFO 10380 --- [demo] [main] com.example.demo.DemoApplication         : Starting DemoApplication using Java 17.0.11 with PID 10380 (F:\Universidad\Docencia ICESI\Computación en Internet 2\2026 01\parcial-jpa-avion\target\classes started by Kelocoes in F:\Universidad\Docencia ICESI\Computación en Internet 2\2026 01\parcial-jpa-avion)
2026-03-21 13:05:00.259  INFO 10380 --- [demo] [main] com.example.demo.DemoApplication         : No active profile set, falling back to 1 default profile: "default"
2026-03-21 13:05:00.644  INFO 10380 --- [demo] [main] .s.d.r.c.RepositoryConfigurationDelegate : Bootstrapping Spring Data JPA repositories in DEFAULT mode.
2026-03-21 13:05:00.693  INFO 10380 --- [demo] [main] .s.d.r.c.RepositoryConfigurationDelegate : Finished Spring Data repository scanning in 42 ms. Found 6 JPA repository interfaces.
2026-03-21 13:05:01.021  INFO 10380 --- [demo] [main] o.s.boot.tomcat.TomcatWebServer          : Tomcat initialized with port 8081 (http)
2026-03-21 13:05:01.031  INFO 10380 --- [demo] [main] o.apache.catalina.core.StandardService   : Starting service [Tomcat]
2026-03-21 13:05:01.031  INFO 10380 --- [demo] [main] o.apache.catalina.core.StandardEngine    : Starting Servlet engine: [Apache Tomcat/11.0.18]
2026-03-21 13:05:01.084  INFO 10380 --- [demo] [main] b.w.c.s.WebApplicationContextInitializer : Root WebApplicationContext: initialization completed in 791 ms
2026-03-21 13:05:01.202  INFO 10380 --- [demo] [main] org.hibernate.orm.jpa                    : HHH008540: Processing PersistenceUnitInfo [name: default]
2026-03-21 13:05:01.244  INFO 10380 --- [demo] [main] org.hibernate.orm.core                   : HHH000001: Hibernate ORM core version 7.2.7.Final
2026-03-21 13:05:01.565  INFO 10380 --- [demo] [main] o.s.o.j.p.SpringPersistenceUnitInfo      : No LoadTimeWeaver setup: ignoring JPA class transformer
2026-03-21 13:05:01.593  INFO 10380 --- [demo] [main] com.zaxxer.hikari.HikariDataSource       : HikariPool-1 - Starting...
2026-03-21 13:05:01.722  INFO 10380 --- [demo] [main] com.zaxxer.hikari.pool.HikariPool        : HikariPool-1 - Added connection conn0: url=jdbc:h2:mem:db-test user=POSTGRES
2026-03-21 13:05:01.724  INFO 10380 --- [demo] [main] com.zaxxer.hikari.HikariDataSource       : HikariPool-1 - Start completed.
2026-03-21 13:05:01.767  INFO 10380 --- [demo] [main] org.hibernate.orm.connections.pooling    : HHH10001005: Database info:
	Database JDBC URL [jdbc:h2:mem:db-test]
	Database driver: H2 JDBC Driver
	Database dialect: H2Dialect
	Database version: 2.4.240
	Default catalog/schema: DB-TEST/PUBLIC
	Autocommit mode: undefined/unknown
	Isolation level: READ_COMMITTED [default READ_COMMITTED]
	JDBC fetch size: 100
	Pool: DataSourceConnectionProvider
	Minimum pool size: undefined/unknown
	Maximum pool size: undefined/unknown
2026-03-21 13:05:02.438  INFO 10380 --- [demo] [main] org.hibernate.orm.core                   : HHH000489: No JTA platform available (set 'hibernate.transaction.jta.platform' to enable JTA platform integration)
2026-03-21 13:05:02.487  INFO 10380 --- [demo] [main] j.LocalContainerEntityManagerFactoryBean : Initialized JPA EntityManagerFactory for persistence unit 'default'
2026-03-21 13:05:02.539  INFO 10380 --- [demo] [main] o.s.d.j.r.query.QueryEnhancerFactories   : Hibernate is in classpath; If applicable, HQL parser will be used.
2026-03-21 13:05:02.728  WARN 10380 --- [demo] [main] JpaBaseConfiguration$JpaWebConfiguration : spring.jpa.open-in-view is enabled by default. Therefore, database queries may be performed during view rendering. Explicitly configure spring.jpa.open-in-view to disable this warning
2026-03-21 13:05:02.922  INFO 10380 --- [demo] [main] o.s.b.h.a.H2ConsoleAutoConfiguration     : H2 console available at '/h2-console'. Database available at 'jdbc:h2:mem:db-test'
2026-03-21 13:05:02.983  INFO 10380 --- [demo] [main] o.s.boot.tomcat.TomcatWebServer          : Tomcat started on port 8081 (http) with context path '/compunet2-2026'
2026-03-21 13:05:02.987  INFO 10380 --- [demo] [main] com.example.demo.DemoApplication         : Started DemoApplication in 3.075 seconds (process running for 3.441)
2026-03-21 13:06:11.979  INFO 10380 --- [demo] [SpringApplicationShutdownHook] o.s.boot.tomcat.GracefulShutdown         : Commencing graceful shutdown. Waiting for active requests to complete
2026-03-21 13:06:12.062  INFO 10380 --- [demo] [tomcat-shutdown] o.s.boot.tomcat.GracefulShutdown         : Graceful shutdown complete
2026-03-21 13:06:12.065  INFO 10380 --- [demo] [SpringApplicationShutdownHook] j.LocalContainerEntityManagerFactoryBean : Closing JPA EntityManagerFactory for persistence unit 'default'
2026-03-21 13:06:12.069  INFO 10380 --- [demo] [SpringApplicationShutdownHook] com.zaxxer.hikari.HikariDataSource       : HikariPool-1 - Shutdown initiated...
2026-03-21 13:06:12.070  INFO 10380 --- [demo] [SpringApplicationShutdownHook] com.zaxxer.hikari.HikariDataSource       : HikariPool-1 - Shutdown completed.
2026-03-21 13:06:19.987  INFO 8212 --- [demo] [main] com.example.demo.DemoApplication         : Starting DemoApplication using Java 17.0.11 with PID 8212 (F:\Universidad\Docencia ICESI\Computación en Internet 2\2026 01\parcial-jpa-avion\target\classes started by Kelocoes in F:\Universidad\Docencia ICESI\Computación en Internet 2\2026 01\parcial-jpa-avion)
2026-03-21 13:06:19.989  INFO 8212 --- [demo] [main] com.example.demo.DemoApplication         : No active profile set, falling back to 1 default profile: "default"
2026-03-21 13:06:20.374  INFO 8212 --- [demo] [main] .s.d.r.c.RepositoryConfigurationDelegate : Bootstrapping Spring Data JPA repositories in DEFAULT mode.
2026-03-21 13:06:20.424  INFO 8212 --- [demo] [main] .s.d.r.c.RepositoryConfigurationDelegate : Finished Spring Data repository scanning in 42 ms. Found 6 JPA repository interfaces.
2026-03-21 13:06:20.757  INFO 8212 --- [demo] [main] o.s.boot.tomcat.TomcatWebServer          : Tomcat initialized with port 8081 (http)
2026-03-21 13:06:20.767  INFO 8212 --- [demo] [main] o.apache.catalina.core.StandardService   : Starting service [Tomcat]
2026-03-21 13:06:20.767  INFO 8212 --- [demo] [main] o.apache.catalina.core.StandardEngine    : Starting Servlet engine: [Apache Tomcat/11.0.18]
2026-03-21 13:06:20.821  INFO 8212 --- [demo] [main] b.w.c.s.WebApplicationContextInitializer : Root WebApplicationContext: initialization completed in 799 ms
2026-03-21 13:06:20.933  INFO 8212 --- [demo] [main] org.hibernate.orm.jpa                    : HHH008540: Processing PersistenceUnitInfo [name: default]
2026-03-21 13:06:20.980  INFO 8212 --- [demo] [main] org.hibernate.orm.core                   : HHH000001: Hibernate ORM core version 7.2.7.Final
2026-03-21 13:06:21.304  INFO 8212 --- [demo] [main] o.s.o.j.p.SpringPersistenceUnitInfo      : No LoadTimeWeaver setup: ignoring JPA class transformer
2026-03-21 13:06:21.331  INFO 8212 --- [demo] [main] com.zaxxer.hikari.HikariDataSource       : HikariPool-1 - Starting...
2026-03-21 13:06:21.461  INFO 8212 --- [demo] [main] com.zaxxer.hikari.pool.HikariPool        : HikariPool-1 - Added connection conn0: url=jdbc:h2:mem:db-test user=POSTGRES
2026-03-21 13:06:21.463  INFO 8212 --- [demo] [main] com.zaxxer.hikari.HikariDataSource       : HikariPool-1 - Start completed.
2026-03-21 13:06:21.507  INFO 8212 --- [demo] [main] org.hibernate.orm.connections.pooling    : HHH10001005: Database info:
	Database JDBC URL [jdbc:h2:mem:db-test]
	Database driver: H2 JDBC Driver
	Database dialect: H2Dialect
	Database version: 2.4.240
	Default catalog/schema: DB-TEST/PUBLIC
	Autocommit mode: undefined/unknown
	Isolation level: READ_COMMITTED [default READ_COMMITTED]
	JDBC fetch size: 100
	Pool: DataSourceConnectionProvider
	Minimum pool size: undefined/unknown
	Maximum pool size: undefined/unknown
2026-03-21 13:06:22.176  INFO 8212 --- [demo] [main] org.hibernate.orm.core                   : HHH000489: No JTA platform available (set 'hibernate.transaction.jta.platform' to enable JTA platform integration)
2026-03-21 13:06:22.226  INFO 8212 --- [demo] [main] j.LocalContainerEntityManagerFactoryBean : Initialized JPA EntityManagerFactory for persistence unit 'default'
2026-03-21 13:06:22.281  INFO 8212 --- [demo] [main] o.s.d.j.r.query.QueryEnhancerFactories   : Hibernate is in classpath; If applicable, HQL parser will be used.
2026-03-21 13:06:22.453  WARN 8212 --- [demo] [main] JpaBaseConfiguration$JpaWebConfiguration : spring.jpa.open-in-view is enabled by default. Therefore, database queries may be performed during view rendering. Explicitly configure spring.jpa.open-in-view to disable this warning
2026-03-21 13:06:22.628  INFO 8212 --- [demo] [main] o.s.b.h.a.H2ConsoleAutoConfiguration     : H2 console available at '/h2-console'. Database available at 'jdbc:h2:mem:db-test'
2026-03-21 13:06:22.686  INFO 8212 --- [demo] [main] o.s.boot.tomcat.TomcatWebServer          : Tomcat started on port 8081 (http) with context path '/compunet2-2026'
2026-03-21 13:06:22.690  INFO 8212 --- [demo] [main] com.example.demo.DemoApplication         : Started DemoApplication in 3.039 seconds (process running for 3.344)
2026-03-21 13:06:35.380  INFO 8212 --- [demo] [http-nio-8081-exec-1] o.a.c.c.C.[.[.[/compunet2-2026]          : Initializing Spring DispatcherServlet 'dispatcherServlet'
2026-03-21 13:06:35.381  INFO 8212 --- [demo] [http-nio-8081-exec-1] o.s.web.servlet.DispatcherServlet        : Initializing Servlet 'dispatcherServlet'
2026-03-21 13:06:35.382  INFO 8212 --- [demo] [http-nio-8081-exec-1] o.s.web.servlet.DispatcherServlet        : Completed initialization in 1 ms
2026-03-21 13:07:21.612  INFO 8212 --- [demo] [SpringApplicationShutdownHook] o.s.boot.tomcat.GracefulShutdown         : Commencing graceful shutdown. Waiting for active requests to complete
2026-03-21 13:07:21.699  INFO 8212 --- [demo] [tomcat-shutdown] o.s.boot.tomcat.GracefulShutdown         : Graceful shutdown complete
2026-03-21 13:07:21.702  INFO 8212 --- [demo] [SpringApplicationShutdownHook] j.LocalContainerEntityManagerFactoryBean : Closing JPA EntityManagerFactory for persistence unit 'default'
2026-03-21 13:07:21.707  INFO 8212 --- [demo] [SpringApplicationShutdownHook] com.zaxxer.hikari.HikariDataSource       : HikariPool-1 - Shutdown initiated...
2026-03-21 13:07:21.707  INFO 8212 --- [demo] [SpringApplicationShutdownHook] com.zaxxer.hikari.HikariDataSource       : HikariPool-1 - Shutdown completed.
2026-03-21 13:12:56.317  INFO 1388 --- [demo] [main] com.example.demo.DemoApplication         : Starting DemoApplication using Java 17.0.11 with PID 1388 (F:\Universidad\Docencia ICESI\Computación en Internet 2\2026 01\parcial-jpa-avion\target\classes started by Kelocoes in F:\Universidad\Docencia ICESI\Computación en Internet 2\2026 01\parcial-jpa-avion)
2026-03-21 13:12:56.319  INFO 1388 --- [demo] [main] com.example.demo.DemoApplication         : No active profile set, falling back to 1 default profile: "default"
2026-03-21 13:12:56.711  INFO 1388 --- [demo] [main] .s.d.r.c.RepositoryConfigurationDelegate : Bootstrapping Spring Data JPA repositories in DEFAULT mode.
2026-03-21 13:12:56.760  INFO 1388 --- [demo] [main] .s.d.r.c.RepositoryConfigurationDelegate : Finished Spring Data repository scanning in 42 ms. Found 6 JPA repository interfaces.
2026-03-21 13:12:57.117  INFO 1388 --- [demo] [main] o.s.boot.tomcat.TomcatWebServer          : Tomcat initialized with port 8081 (http)
2026-03-21 13:12:57.128  INFO 1388 --- [demo] [main] o.apache.catalina.core.StandardService   : Starting service [Tomcat]
2026-03-21 13:12:57.129  INFO 1388 --- [demo] [main] o.apache.catalina.core.StandardEngine    : Starting Servlet engine: [Apache Tomcat/11.0.18]
2026-03-21 13:12:57.183  INFO 1388 --- [demo] [main] b.w.c.s.WebApplicationContextInitializer : Root WebApplicationContext: initialization completed in 829 ms
2026-03-21 13:12:57.302  INFO 1388 --- [demo] [main] org.hibernate.orm.jpa                    : HHH008540: Processing PersistenceUnitInfo [name: default]
2026-03-21 13:12:57.350  INFO 1388 --- [demo] [main] org.hibernate.orm.core                   : HHH000001: Hibernate ORM core version 7.2.7.Final
2026-03-21 13:12:57.681  INFO 1388 --- [demo] [main] o.s.o.j.p.SpringPersistenceUnitInfo      : No LoadTimeWeaver setup: ignoring JPA class transformer
2026-03-21 13:12:57.708  INFO 1388 --- [demo] [main] com.zaxxer.hikari.HikariDataSource       : HikariPool-1 - Starting...
2026-03-21 13:12:57.840  INFO 1388 --- [demo] [main] com.zaxxer.hikari.pool.HikariPool        : HikariPool-1 - Added connection conn0: url=jdbc:h2:mem:db-test user=POSTGRES
2026-03-21 13:12:57.842  INFO 1388 --- [demo] [main] com.zaxxer.hikari.HikariDataSource       : HikariPool-1 - Start completed.
2026-03-21 13:12:57.887  INFO 1388 --- [demo] [main] org.hibernate.orm.connections.pooling    : HHH10001005: Database info:
	Database JDBC URL [jdbc:h2:mem:db-test]
	Database driver: H2 JDBC Driver
	Database dialect: H2Dialect
	Database version: 2.4.240
	Default catalog/schema: DB-TEST/PUBLIC
	Autocommit mode: undefined/unknown
	Isolation level: READ_COMMITTED [default READ_COMMITTED]
	JDBC fetch size: 100
	Pool: DataSourceConnectionProvider
	Minimum pool size: undefined/unknown
	Maximum pool size: undefined/unknown
2026-03-21 13:12:58.682  INFO 1388 --- [demo] [main] org.hibernate.orm.core                   : HHH000489: No JTA platform available (set 'hibernate.transaction.jta.platform' to enable JTA platform integration)
2026-03-21 13:12:58.733  INFO 1388 --- [demo] [main] j.LocalContainerEntityManagerFactoryBean : Initialized JPA EntityManagerFactory for persistence unit 'default'
2026-03-21 13:12:58.785  INFO 1388 --- [demo] [main] o.s.d.j.r.query.QueryEnhancerFactories   : Hibernate is in classpath; If applicable, HQL parser will be used.
2026-03-21 13:12:58.956  WARN 1388 --- [demo] [main] JpaBaseConfiguration$JpaWebConfiguration : spring.jpa.open-in-view is enabled by default. Therefore, database queries may be performed during view rendering. Explicitly configure spring.jpa.open-in-view to disable this warning
2026-03-21 13:12:59.149  INFO 1388 --- [demo] [main] o.s.b.h.a.H2ConsoleAutoConfiguration     : H2 console available at '/h2-console'. Database available at 'jdbc:h2:mem:db-test'
2026-03-21 13:12:59.216  INFO 1388 --- [demo] [main] o.s.boot.tomcat.TomcatWebServer          : Tomcat started on port 8081 (http) with context path '/compunet2-2026'
2026-03-21 13:12:59.221  INFO 1388 --- [demo] [main] com.example.demo.DemoApplication         : Started DemoApplication in 3.238 seconds (process running for 3.556)
2026-03-21 13:13:01.654  INFO 1388 --- [demo] [http-nio-8081-exec-1] o.a.c.c.C.[.[.[/compunet2-2026]          : Initializing Spring DispatcherServlet 'dispatcherServlet'
2026-03-21 13:13:01.655  INFO 1388 --- [demo] [http-nio-8081-exec-1] o.s.web.servlet.DispatcherServlet        : Initializing Servlet 'dispatcherServlet'
2026-03-21 13:13:01.656  INFO 1388 --- [demo] [http-nio-8081-exec-1] o.s.web.servlet.DispatcherServlet        : Completed initialization in 1 ms
2026-03-21 13:13:01.969  WARN 1388 --- [demo] [http-nio-8081-exec-1] org.hibernate.orm.jdbc.error             : HHH000247: ErrorCode: 90068, SQLState: 90068
2026-03-21 13:13:01.969  WARN 1388 --- [demo] [http-nio-8081-exec-1] org.hibernate.orm.jdbc.error             : Expresión Order by "AF1_0.ESTIMATED_PASSENGERS" debe estar en la lista de campos a devolver en este caso
Order by expression "AF1_0.ESTIMATED_PASSENGERS" must be in the result list in this case; SQL statement:
select distinct a1_0.id,a1_0.city,a1_0.country,a1_0.iata_code,a1_0.name from airports a1_0 left join flights af1_0 on a1_0.id=af1_0.destination_airport_id where af1_0.departure_date between ? and ? order by af1_0.estimated_passengers desc fetch first ? rows only [90068-240]
2026-03-21 13:13:01.978 ERROR 1388 --- [demo] [http-nio-8081-exec-1] o.a.c.c.C.[.[.[.[dispatcherServlet]      : Servlet.service() for servlet [dispatcherServlet] in context with path [/compunet2-2026] threw exception [Request processing failed: org.springframework.dao.InvalidDataAccessResourceUsageException: Could not prepare statement [Expresión Order by "AF1_0.ESTIMATED_PASSENGERS" debe estar en la lista de campos a devolver en este caso
Order by expression "AF1_0.ESTIMATED_PASSENGERS" must be in the result list in this case; SQL statement:
select distinct a1_0.id,a1_0.city,a1_0.country,a1_0.iata_code,a1_0.name from airports a1_0 left join flights af1_0 on a1_0.id=af1_0.destination_airport_id where af1_0.departure_date between ? and ? order by af1_0.estimated_passengers desc fetch first ? rows only [90068-240]] [select distinct a1_0.id,a1_0.city,a1_0.country,a1_0.iata_code,a1_0.name from airports a1_0 left join flights af1_0 on a1_0.id=af1_0.destination_airport_id where af1_0.departure_date between ? and ? order by af1_0.estimated_passengers desc fetch first ? rows only]; SQL [select distinct a1_0.id,a1_0.city,a1_0.country,a1_0.iata_code,a1_0.name from airports a1_0 left join flights af1_0 on a1_0.id=af1_0.destination_airport_id where af1_0.departure_date between ? and ? order by af1_0.estimated_passengers desc fetch first ? rows only]] with root cause

org.h2.jdbc.JdbcSQLSyntaxErrorException: Expresión Order by "AF1_0.ESTIMATED_PASSENGERS" debe estar en la lista de campos a devolver en este caso
Order by expression "AF1_0.ESTIMATED_PASSENGERS" must be in the result list in this case; SQL statement:
select distinct a1_0.id,a1_0.city,a1_0.country,a1_0.iata_code,a1_0.name from airports a1_0 left join flights af1_0 on a1_0.id=af1_0.destination_airport_id where af1_0.departure_date between ? and ? order by af1_0.estimated_passengers desc fetch first ? rows only [90068-240]
	at org.h2.message.DbException.getJdbcSQLException(DbException.java:644) ~[h2-2.4.240.jar:2.4.240]
	at org.h2.message.DbException.getJdbcSQLException(DbException.java:489) ~[h2-2.4.240.jar:2.4.240]
	at org.h2.message.DbException.get(DbException.java:223) ~[h2-2.4.240.jar:2.4.240]
	at org.h2.message.DbException.get(DbException.java:199) ~[h2-2.4.240.jar:2.4.240]
	at org.h2.command.query.Query.initExpression(Query.java:725) ~[h2-2.4.240.jar:2.4.240]
	at org.h2.command.query.Query.initOrder(Query.java:642) ~[h2-2.4.240.jar:2.4.240]
	at org.h2.command.query.Select.init(Select.java:1051) ~[h2-2.4.240.jar:2.4.240]
	at org.h2.command.Parser.parseQuery(Parser.java:2485) ~[h2-2.4.240.jar:2.4.240]
	at org.h2.command.Parser.parsePrepared(Parser.java:613) ~[h2-2.4.240.jar:2.4.240]
	at org.h2.command.Parser.parse(Parser.java:584) ~[h2-2.4.240.jar:2.4.240]
	at org.h2.command.Parser.parse(Parser.java:559) ~[h2-2.4.240.jar:2.4.240]
	at org.h2.command.Parser.prepareCommand(Parser.java:487) ~[h2-2.4.240.jar:2.4.240]
	at org.h2.engine.SessionLocal.prepareLocal(SessionLocal.java:647) ~[h2-2.4.240.jar:2.4.240]
	at org.h2.engine.SessionLocal.prepareCommand(SessionLocal.java:563) ~[h2-2.4.240.jar:2.4.240]
	at org.h2.jdbc.JdbcConnection.prepareCommand(JdbcConnection.java:1160) ~[h2-2.4.240.jar:2.4.240]
	at org.h2.jdbc.JdbcPreparedStatement.<init>(JdbcPreparedStatement.java:93) ~[h2-2.4.240.jar:2.4.240]
	at org.h2.jdbc.JdbcConnection.prepareStatement(JdbcConnection.java:686) ~[h2-2.4.240.jar:2.4.240]
	at com.zaxxer.hikari.pool.ProxyConnection.prepareStatement(ProxyConnection.java:342) ~[HikariCP-7.0.2.jar:na]
	at com.zaxxer.hikari.pool.HikariProxyConnection.prepareStatement(HikariProxyConnection.java) ~[HikariCP-7.0.2.jar:na]
	at org.hibernate.engine.jdbc.internal.StatementPreparerImpl$4.doPrepare(StatementPreparerImpl.java:155) ~[hibernate-core-7.2.7.Final.jar:7.2.7.Final]
	at org.hibernate.engine.jdbc.internal.StatementPreparerImpl$StatementPreparationTemplate.prepareStatement(StatementPreparerImpl.java:183) ~[hibernate-core-7.2.7.Final.jar:7.2.7.Final]
	at org.hibernate.engine.jdbc.internal.StatementPreparerImpl.prepareQueryStatement(StatementPreparerImpl.java:157) ~[hibernate-core-7.2.7.Final.jar:7.2.7.Final]
	at org.hibernate.sql.exec.internal.StandardStatementCreator.createStatement(StandardStatementCreator.java:46) ~[hibernate-core-7.2.7.Final.jar:7.2.7.Final]
	at org.hibernate.sql.results.jdbc.internal.DeferredResultSetAccess.executeQuery(DeferredResultSetAccess.java:257) ~[hibernate-core-7.2.7.Final.jar:7.2.7.Final]
	at org.hibernate.sql.results.jdbc.internal.DeferredResultSetAccess.getResultSet(DeferredResultSetAccess.java:190) ~[hibernate-core-7.2.7.Final.jar:7.2.7.Final]
	at org.hibernate.sql.results.jdbc.internal.JdbcValuesResultSetImpl.<init>(JdbcValuesResultSetImpl.java:71) ~[hibernate-core-7.2.7.Final.jar:7.2.7.Final]
	at org.hibernate.sql.exec.internal.JdbcSelectExecutorStandardImpl.resolveJdbcValues(JdbcSelectExecutorStandardImpl.java:393) ~[hibernate-core-7.2.7.Final.jar:7.2.7.Final]
	at org.hibernate.sql.exec.internal.JdbcSelectExecutorStandardImpl.resolveJdbcValuesSource(JdbcSelectExecutorStandardImpl.java:354) ~[hibernate-core-7.2.7.Final.jar:7.2.7.Final]
	at org.hibernate.sql.exec.internal.JdbcSelectExecutorStandardImpl.doExecuteQuery(JdbcSelectExecutorStandardImpl.java:135) ~[hibernate-core-7.2.7.Final.jar:7.2.7.Final]
	at org.hibernate.sql.exec.internal.JdbcSelectExecutorStandardImpl.executeQuery(JdbcSelectExecutorStandardImpl.java:100) ~[hibernate-core-7.2.7.Final.jar:7.2.7.Final]
	at org.hibernate.sql.exec.spi.JdbcSelectExecutor.executeQuery(JdbcSelectExecutor.java:63) ~[hibernate-core-7.2.7.Final.jar:7.2.7.Final]
	at org.hibernate.sql.exec.spi.JdbcSelectExecutor.list(JdbcSelectExecutor.java:137) ~[hibernate-core-7.2.7.Final.jar:7.2.7.Final]
	at org.hibernate.query.sqm.internal.ConcreteSqmSelectQueryPlan.lambda$new$1(ConcreteSqmSelectQueryPlan.java:128) ~[hibernate-core-7.2.7.Final.jar:7.2.7.Final]
	at org.hibernate.query.sqm.internal.ConcreteSqmSelectQueryPlan.withCacheableSqmInterpretation(ConcreteSqmSelectQueryPlan.java:427) ~[hibernate-core-7.2.7.Final.jar:7.2.7.Final]
	at org.hibernate.query.sqm.internal.ConcreteSqmSelectQueryPlan.performList(ConcreteSqmSelectQueryPlan.java:355) ~[hibernate-core-7.2.7.Final.jar:7.2.7.Final]
	at org.hibernate.query.sqm.internal.SqmQueryImpl.doList(SqmQueryImpl.java:374) ~[hibernate-core-7.2.7.Final.jar:7.2.7.Final]
	at org.hibernate.query.spi.AbstractSelectionQuery.list(AbstractSelectionQuery.java:153) ~[hibernate-core-7.2.7.Final.jar:7.2.7.Final]
	at org.hibernate.query.Query.getResultList(Query.java:121) ~[hibernate-core-7.2.7.Final.jar:7.2.7.Final]
	at org.springframework.data.jpa.repository.query.JpaQueryExecution$CollectionExecution.doExecute(JpaQueryExecution.java:132) ~[spring-data-jpa-4.0.4.jar:4.0.4]
	at org.springframework.data.jpa.repository.query.JpaQueryExecution.execute(JpaQueryExecution.java:99) ~[spring-data-jpa-4.0.4.jar:4.0.4]
	at org.springframework.data.jpa.repository.query.AbstractJpaQuery.doExecute(AbstractJpaQuery.java:164) ~[spring-data-jpa-4.0.4.jar:4.0.4]
	at org.springframework.data.jpa.repository.query.AbstractJpaQuery.execute(AbstractJpaQuery.java:154) ~[spring-data-jpa-4.0.4.jar:4.0.4]
	at org.springframework.data.repository.core.support.RepositoryMethodInvoker.doInvoke(RepositoryMethodInvoker.java:169) ~[spring-data-commons-4.0.4.jar:4.0.4]
	at org.springframework.data.repository.core.support.RepositoryMethodInvoker.invoke(RepositoryMethodInvoker.java:158) ~[spring-data-commons-4.0.4.jar:4.0.4]
	at org.springframework.data.repository.core.support.QueryExecutorMethodInterceptor.doInvoke(QueryExecutorMethodInterceptor.java:167) ~[spring-data-commons-4.0.4.jar:4.0.4]
	at org.springframework.data.repository.core.support.QueryExecutorMethodInterceptor.invoke(QueryExecutorMethodInterceptor.java:146) ~[spring-data-commons-4.0.4.jar:4.0.4]
	at org.springframework.aop.framework.ReflectiveMethodInvocation.proceed(ReflectiveMethodInvocation.java:179) ~[spring-aop-7.0.6.jar:7.0.6]
	at org.springframework.data.projection.DefaultMethodInvokingMethodInterceptor.invoke(DefaultMethodInvokingMethodInterceptor.java:69) ~[spring-data-commons-4.0.4.jar:4.0.4]
	at org.springframework.aop.framework.ReflectiveMethodInvocation.proceed(ReflectiveMethodInvocation.java:179) ~[spring-aop-7.0.6.jar:7.0.6]
	at org.springframework.transaction.interceptor.TransactionInterceptor$1.proceedWithInvocation(TransactionInterceptor.java:133) ~[spring-tx-7.0.6.jar:7.0.6]
	at org.springframework.transaction.interceptor.TransactionAspectSupport.invokeWithinTransaction(TransactionAspectSupport.java:371) ~[spring-tx-7.0.6.jar:7.0.6]
	at org.springframework.transaction.interceptor.TransactionInterceptor.invoke(TransactionInterceptor.java:130) ~[spring-tx-7.0.6.jar:7.0.6]
	at org.springframework.aop.framework.ReflectiveMethodInvocation.proceed(ReflectiveMethodInvocation.java:179) ~[spring-aop-7.0.6.jar:7.0.6]
	at org.springframework.dao.support.PersistenceExceptionTranslationInterceptor.invoke(PersistenceExceptionTranslationInterceptor.java:135) ~[spring-tx-7.0.6.jar:7.0.6]
	at org.springframework.aop.framework.ReflectiveMethodInvocation.proceed(ReflectiveMethodInvocation.java:179) ~[spring-aop-7.0.6.jar:7.0.6]
	at org.springframework.data.jpa.repository.support.CrudMethodMetadataPostProcessor$CrudMethodMetadataPopulatingMethodInterceptor.invoke(CrudMethodMetadataPostProcessor.java:137) ~[spring-data-jpa-4.0.4.jar:4.0.4]
	at org.springframework.aop.framework.ReflectiveMethodInvocation.proceed(ReflectiveMethodInvocation.java:179) ~[spring-aop-7.0.6.jar:7.0.6]
	at org.springframework.aop.framework.JdkDynamicAopProxy.invoke(JdkDynamicAopProxy.java:222) ~[spring-aop-7.0.6.jar:7.0.6]
	at jdk.proxy2/jdk.proxy2.$Proxy132.findDistinctTop5ByArrivingFlights_DepartureDateBetweenOrderByArrivingFlights_EstimatedPassengersDesc(Unknown Source) ~[na:na]
	at com.example.demo.controller.AirportController.findTop5AirportsWithMostPassengerArrivalsByDateRange(AirportController.java:37) ~[classes/:na]
	at java.base/jdk.internal.reflect.NativeMethodAccessorImpl.invoke0(Native Method) ~[na:na]
	at java.base/jdk.internal.reflect.NativeMethodAccessorImpl.invoke(NativeMethodAccessorImpl.java:77) ~[na:na]
	at java.base/jdk.internal.reflect.DelegatingMethodAccessorImpl.invoke(DelegatingMethodAccessorImpl.java:43) ~[na:na]
	at java.base/java.lang.reflect.Method.invoke(Method.java:568) ~[na:na]
	at org.springframework.web.method.support.InvocableHandlerMethod.doInvoke(InvocableHandlerMethod.java:252) ~[spring-web-7.0.6.jar:7.0.6]
	at org.springframework.web.method.support.InvocableHandlerMethod.invokeForRequest(InvocableHandlerMethod.java:184) ~[spring-web-7.0.6.jar:7.0.6]
	at org.springframework.web.servlet.mvc.method.annotation.ServletInvocableHandlerMethod.invokeAndHandle(ServletInvocableHandlerMethod.java:117) ~[spring-webmvc-7.0.6.jar:7.0.6]
	at org.springframework.web.servlet.mvc.method.annotation.RequestMappingHandlerAdapter.invokeHandlerMethod(RequestMappingHandlerAdapter.java:934) ~[spring-webmvc-7.0.6.jar:7.0.6]
	at org.springframework.web.servlet.mvc.method.annotation.RequestMappingHandlerAdapter.handleInternal(RequestMappingHandlerAdapter.java:853) ~[spring-webmvc-7.0.6.jar:7.0.6]
	at org.springframework.web.servlet.mvc.method.AbstractHandlerMethodAdapter.handle(AbstractHandlerMethodAdapter.java:86) ~[spring-webmvc-7.0.6.jar:7.0.6]
	at org.springframework.web.servlet.DispatcherServlet.doDispatch(DispatcherServlet.java:963) ~[spring-webmvc-7.0.6.jar:7.0.6]
	at org.springframework.web.servlet.DispatcherServlet.doService(DispatcherServlet.java:866) ~[spring-webmvc-7.0.6.jar:7.0.6]
	at org.springframework.web.servlet.FrameworkServlet.processRequest(FrameworkServlet.java:1000) ~[spring-webmvc-7.0.6.jar:7.0.6]
	at org.springframework.web.servlet.FrameworkServlet.doGet(FrameworkServlet.java:892) ~[spring-webmvc-7.0.6.jar:7.0.6]
	at jakarta.servlet.http.HttpServlet.service(HttpServlet.java:633) ~[jakarta.servlet-api-6.1.0.jar:6.1.0]
	at org.springframework.web.servlet.FrameworkServlet.service(FrameworkServlet.java:874) ~[spring-webmvc-7.0.6.jar:7.0.6]
	at jakarta.servlet.http.HttpServlet.service(HttpServlet.java:723) ~[jakarta.servlet-api-6.1.0.jar:6.1.0]
	at org.apache.catalina.core.ApplicationFilterChain.doFilter(ApplicationFilterChain.java:128) ~[tomcat-embed-core-11.0.18.jar:11.0.18]
	at org.apache.tomcat.websocket.server.WsFilter.doFilter(WsFilter.java:53) ~[tomcat-embed-websocket-11.0.18.jar:11.0.18]
	at org.apache.catalina.core.ApplicationFilterChain.doFilter(ApplicationFilterChain.java:107) ~[tomcat-embed-core-11.0.18.jar:11.0.18]
	at org.springframework.web.filter.RequestContextFilter.doFilterInternal(RequestContextFilter.java:100) ~[spring-web-7.0.6.jar:7.0.6]
	at org.springframework.web.filter.OncePerRequestFilter.doFilter(OncePerRequestFilter.java:116) ~[spring-web-7.0.6.jar:7.0.6]
	at org.apache.catalina.core.ApplicationFilterChain.doFilter(ApplicationFilterChain.java:107) ~[tomcat-embed-core-11.0.18.jar:11.0.18]
	at org.springframework.web.filter.FormContentFilter.doFilterInternal(FormContentFilter.java:93) ~[spring-web-7.0.6.jar:7.0.6]
	at org.springframework.web.filter.OncePerRequestFilter.doFilter(OncePerRequestFilter.java:116) ~[spring-web-7.0.6.jar:7.0.6]
	at org.apache.catalina.core.ApplicationFilterChain.doFilter(ApplicationFilterChain.java:107) ~[tomcat-embed-core-11.0.18.jar:11.0.18]
	at org.springframework.web.filter.CharacterEncodingFilter.doFilterInternal(CharacterEncodingFilter.java:199) ~[spring-web-7.0.6.jar:7.0.6]
	at org.springframework.web.filter.OncePerRequestFilter.doFilter(OncePerRequestFilter.java:116) ~[spring-web-7.0.6.jar:7.0.6]
	at org.apache.catalina.core.ApplicationFilterChain.doFilter(ApplicationFilterChain.java:107) ~[tomcat-embed-core-11.0.18.jar:11.0.18]
	at org.apache.catalina.core.StandardWrapperValve.invoke(StandardWrapperValve.java:165) ~[tomcat-embed-core-11.0.18.jar:11.0.18]
	at org.apache.catalina.core.StandardContextValve.invoke(StandardContextValve.java:77) ~[tomcat-embed-core-11.0.18.jar:11.0.18]
	at org.apache.catalina.authenticator.AuthenticatorBase.invoke(AuthenticatorBase.java:492) ~[tomcat-embed-core-11.0.18.jar:11.0.18]
	at org.apache.catalina.core.StandardHostValve.invoke(StandardHostValve.java:113) ~[tomcat-embed-core-11.0.18.jar:11.0.18]
	at org.apache.catalina.valves.ErrorReportValve.invoke(ErrorReportValve.java:83) ~[tomcat-embed-core-11.0.18.jar:11.0.18]
	at org.apache.catalina.core.StandardEngineValve.invoke(StandardEngineValve.java:72) ~[tomcat-embed-core-11.0.18.jar:11.0.18]
	at org.apache.catalina.connector.CoyoteAdapter.service(CoyoteAdapter.java:341) ~[tomcat-embed-core-11.0.18.jar:11.0.18]
	at org.apache.coyote.http11.Http11Processor.service(Http11Processor.java:397) ~[tomcat-embed-core-11.0.18.jar:11.0.18]
	at org.apache.coyote.AbstractProcessorLight.process(AbstractProcessorLight.java:63) ~[tomcat-embed-core-11.0.18.jar:11.0.18]
	at org.apache.coyote.AbstractProtocol$ConnectionHandler.process(AbstractProtocol.java:903) ~[tomcat-embed-core-11.0.18.jar:11.0.18]
	at org.apache.tomcat.util.net.NioEndpoint$SocketProcessor.doRun(NioEndpoint.java:1779) ~[tomcat-embed-core-11.0.18.jar:11.0.18]
	at org.apache.tomcat.util.net.SocketProcessorBase.run(SocketProcessorBase.java:52) ~[tomcat-embed-core-11.0.18.jar:11.0.18]
	at org.apache.tomcat.util.threads.ThreadPoolExecutor.runWorker(ThreadPoolExecutor.java:946) ~[tomcat-embed-core-11.0.18.jar:11.0.18]
	at org.apache.tomcat.util.threads.ThreadPoolExecutor$Worker.run(ThreadPoolExecutor.java:480) ~[tomcat-embed-core-11.0.18.jar:11.0.18]
	at org.apache.tomcat.util.threads.TaskThread$WrappingRunnable.run(TaskThread.java:57) ~[tomcat-embed-core-11.0.18.jar:11.0.18]
	at java.base/java.lang.Thread.run(Thread.java:842) ~[na:na]

2026-03-21 13:14:11.114  INFO 1388 --- [demo] [SpringApplicationShutdownHook] o.s.boot.tomcat.GracefulShutdown         : Commencing graceful shutdown. Waiting for active requests to complete
2026-03-21 13:14:11.203  INFO 1388 --- [demo] [tomcat-shutdown] o.s.boot.tomcat.GracefulShutdown         : Graceful shutdown complete
2026-03-21 13:14:11.208  INFO 1388 --- [demo] [SpringApplicationShutdownHook] j.LocalContainerEntityManagerFactoryBean : Closing JPA EntityManagerFactory for persistence unit 'default'
2026-03-21 13:14:11.211  INFO 1388 --- [demo] [SpringApplicationShutdownHook] com.zaxxer.hikari.HikariDataSource       : HikariPool-1 - Shutdown initiated...
2026-03-21 13:14:11.213  INFO 1388 --- [demo] [SpringApplicationShutdownHook] com.zaxxer.hikari.HikariDataSource       : HikariPool-1 - Shutdown completed.
2026-03-21 13:14:18.940  INFO 23568 --- [demo] [main] com.example.demo.DemoApplication         : Starting DemoApplication using Java 17.0.11 with PID 23568 (F:\Universidad\Docencia ICESI\Computación en Internet 2\2026 01\parcial-jpa-avion\target\classes started by Kelocoes in F:\Universidad\Docencia ICESI\Computación en Internet 2\2026 01\parcial-jpa-avion)
2026-03-21 13:14:18.943  INFO 23568 --- [demo] [main] com.example.demo.DemoApplication         : No active profile set, falling back to 1 default profile: "default"
2026-03-21 13:14:19.325  INFO 23568 --- [demo] [main] .s.d.r.c.RepositoryConfigurationDelegate : Bootstrapping Spring Data JPA repositories in DEFAULT mode.
2026-03-21 13:14:19.374  INFO 23568 --- [demo] [main] .s.d.r.c.RepositoryConfigurationDelegate : Finished Spring Data repository scanning in 43 ms. Found 6 JPA repository interfaces.
2026-03-21 13:14:19.732  INFO 23568 --- [demo] [main] o.s.boot.tomcat.TomcatWebServer          : Tomcat initialized with port 8081 (http)
2026-03-21 13:14:19.744  INFO 23568 --- [demo] [main] o.apache.catalina.core.StandardService   : Starting service [Tomcat]
2026-03-21 13:14:19.744  INFO 23568 --- [demo] [main] o.apache.catalina.core.StandardEngine    : Starting Servlet engine: [Apache Tomcat/11.0.18]
2026-03-21 13:14:19.801  INFO 23568 --- [demo] [main] b.w.c.s.WebApplicationContextInitializer : Root WebApplicationContext: initialization completed in 825 ms
2026-03-21 13:14:19.931  INFO 23568 --- [demo] [main] org.hibernate.orm.jpa                    : HHH008540: Processing PersistenceUnitInfo [name: default]
2026-03-21 13:14:19.975  INFO 23568 --- [demo] [main] org.hibernate.orm.core                   : HHH000001: Hibernate ORM core version 7.2.7.Final
2026-03-21 13:14:20.339  INFO 23568 --- [demo] [main] o.s.o.j.p.SpringPersistenceUnitInfo      : No LoadTimeWeaver setup: ignoring JPA class transformer
2026-03-21 13:14:20.368  INFO 23568 --- [demo] [main] com.zaxxer.hikari.HikariDataSource       : HikariPool-1 - Starting...
2026-03-21 13:14:20.496  INFO 23568 --- [demo] [main] com.zaxxer.hikari.pool.HikariPool        : HikariPool-1 - Added connection conn0: url=jdbc:h2:mem:db-test user=POSTGRES
2026-03-21 13:14:20.497  INFO 23568 --- [demo] [main] com.zaxxer.hikari.HikariDataSource       : HikariPool-1 - Start completed.
2026-03-21 13:14:20.543  INFO 23568 --- [demo] [main] org.hibernate.orm.connections.pooling    : HHH10001005: Database info:
	Database JDBC URL [jdbc:h2:mem:db-test]
	Database driver: H2 JDBC Driver
	Database dialect: H2Dialect
	Database version: 2.4.240
	Default catalog/schema: DB-TEST/PUBLIC
	Autocommit mode: undefined/unknown
	Isolation level: READ_COMMITTED [default READ_COMMITTED]
	JDBC fetch size: 100
	Pool: DataSourceConnectionProvider
	Minimum pool size: undefined/unknown
	Maximum pool size: undefined/unknown
2026-03-21 13:14:21.204  INFO 23568 --- [demo] [main] org.hibernate.orm.core                   : HHH000489: No JTA platform available (set 'hibernate.transaction.jta.platform' to enable JTA platform integration)
2026-03-21 13:14:21.256  INFO 23568 --- [demo] [main] j.LocalContainerEntityManagerFactoryBean : Initialized JPA EntityManagerFactory for persistence unit 'default'
2026-03-21 13:14:21.307  INFO 23568 --- [demo] [main] o.s.d.j.r.query.QueryEnhancerFactories   : Hibernate is in classpath; If applicable, HQL parser will be used.
2026-03-21 13:14:21.477  WARN 23568 --- [demo] [main] JpaBaseConfiguration$JpaWebConfiguration : spring.jpa.open-in-view is enabled by default. Therefore, database queries may be performed during view rendering. Explicitly configure spring.jpa.open-in-view to disable this warning
2026-03-21 13:14:21.652  INFO 23568 --- [demo] [main] o.s.b.h.a.H2ConsoleAutoConfiguration     : H2 console available at '/h2-console'. Database available at 'jdbc:h2:mem:db-test'
2026-03-21 13:14:21.711  INFO 23568 --- [demo] [main] o.s.boot.tomcat.TomcatWebServer          : Tomcat started on port 8081 (http) with context path '/compunet2-2026'
2026-03-21 13:14:21.714  INFO 23568 --- [demo] [main] com.example.demo.DemoApplication         : Started DemoApplication in 3.103 seconds (process running for 3.412)
2026-03-21 13:14:23.372  INFO 23568 --- [demo] [http-nio-8081-exec-1] o.a.c.c.C.[.[.[/compunet2-2026]          : Initializing Spring DispatcherServlet 'dispatcherServlet'
2026-03-21 13:14:23.372  INFO 23568 --- [demo] [http-nio-8081-exec-1] o.s.web.servlet.DispatcherServlet        : Initializing Servlet 'dispatcherServlet'
2026-03-21 13:14:23.373  INFO 23568 --- [demo] [http-nio-8081-exec-1] o.s.web.servlet.DispatcherServlet        : Completed initialization in 1 ms
2026-03-21 13:16:36.252  INFO 23568 --- [demo] [SpringApplicationShutdownHook] o.s.boot.tomcat.GracefulShutdown         : Commencing graceful shutdown. Waiting for active requests to complete
2026-03-21 13:16:36.339  INFO 23568 --- [demo] [tomcat-shutdown] o.s.boot.tomcat.GracefulShutdown         : Graceful shutdown complete
2026-03-21 13:16:36.341  INFO 23568 --- [demo] [SpringApplicationShutdownHook] j.LocalContainerEntityManagerFactoryBean : Closing JPA EntityManagerFactory for persistence unit 'default'
2026-03-21 13:16:36.346  INFO 23568 --- [demo] [SpringApplicationShutdownHook] com.zaxxer.hikari.HikariDataSource       : HikariPool-1 - Shutdown initiated...
2026-03-21 13:16:36.347  INFO 23568 --- [demo] [SpringApplicationShutdownHook] com.zaxxer.hikari.HikariDataSource       : HikariPool-1 - Shutdown completed.
2026-03-21 13:16:44.340  INFO 23648 --- [demo] [main] com.example.demo.DemoApplication         : Starting DemoApplication using Java 17.0.11 with PID 23648 (F:\Universidad\Docencia ICESI\Computación en Internet 2\2026 01\parcial-jpa-avion\target\classes started by Kelocoes in F:\Universidad\Docencia ICESI\Computación en Internet 2\2026 01\parcial-jpa-avion)
2026-03-21 13:16:44.343  INFO 23648 --- [demo] [main] com.example.demo.DemoApplication         : No active profile set, falling back to 1 default profile: "default"
2026-03-21 13:16:44.729  INFO 23648 --- [demo] [main] .s.d.r.c.RepositoryConfigurationDelegate : Bootstrapping Spring Data JPA repositories in DEFAULT mode.
2026-03-21 13:16:44.778  INFO 23648 --- [demo] [main] .s.d.r.c.RepositoryConfigurationDelegate : Finished Spring Data repository scanning in 41 ms. Found 6 JPA repository interfaces.
2026-03-21 13:16:45.138  INFO 23648 --- [demo] [main] o.s.boot.tomcat.TomcatWebServer          : Tomcat initialized with port 8081 (http)
2026-03-21 13:16:45.148  INFO 23648 --- [demo] [main] o.apache.catalina.core.StandardService   : Starting service [Tomcat]
2026-03-21 13:16:45.148  INFO 23648 --- [demo] [main] o.apache.catalina.core.StandardEngine    : Starting Servlet engine: [Apache Tomcat/11.0.18]
2026-03-21 13:16:45.202  INFO 23648 --- [demo] [main] b.w.c.s.WebApplicationContextInitializer : Root WebApplicationContext: initialization completed in 826 ms
2026-03-21 13:16:45.314  INFO 23648 --- [demo] [main] org.hibernate.orm.jpa                    : HHH008540: Processing PersistenceUnitInfo [name: default]
2026-03-21 13:16:45.358  INFO 23648 --- [demo] [main] org.hibernate.orm.core                   : HHH000001: Hibernate ORM core version 7.2.7.Final
2026-03-21 13:16:45.685  INFO 23648 --- [demo] [main] o.s.o.j.p.SpringPersistenceUnitInfo      : No LoadTimeWeaver setup: ignoring JPA class transformer
2026-03-21 13:16:45.711  INFO 23648 --- [demo] [main] com.zaxxer.hikari.HikariDataSource       : HikariPool-1 - Starting...
2026-03-21 13:16:45.844  INFO 23648 --- [demo] [main] com.zaxxer.hikari.pool.HikariPool        : HikariPool-1 - Added connection conn0: url=jdbc:h2:mem:db-test user=POSTGRES
2026-03-21 13:16:45.846  INFO 23648 --- [demo] [main] com.zaxxer.hikari.HikariDataSource       : HikariPool-1 - Start completed.
2026-03-21 13:16:45.891  INFO 23648 --- [demo] [main] org.hibernate.orm.connections.pooling    : HHH10001005: Database info:
	Database JDBC URL [jdbc:h2:mem:db-test]
	Database driver: H2 JDBC Driver
	Database dialect: H2Dialect
	Database version: 2.4.240
	Default catalog/schema: DB-TEST/PUBLIC
	Autocommit mode: undefined/unknown
	Isolation level: READ_COMMITTED [default READ_COMMITTED]
	JDBC fetch size: 100
	Pool: DataSourceConnectionProvider
	Minimum pool size: undefined/unknown
	Maximum pool size: undefined/unknown
2026-03-21 13:16:46.596  INFO 23648 --- [demo] [main] org.hibernate.orm.core                   : HHH000489: No JTA platform available (set 'hibernate.transaction.jta.platform' to enable JTA platform integration)
2026-03-21 13:16:46.647  INFO 23648 --- [demo] [main] j.LocalContainerEntityManagerFactoryBean : Initialized JPA EntityManagerFactory for persistence unit 'default'
2026-03-21 13:16:46.697  INFO 23648 --- [demo] [main] o.s.d.j.r.query.QueryEnhancerFactories   : Hibernate is in classpath; If applicable, HQL parser will be used.
2026-03-21 13:16:46.876  WARN 23648 --- [demo] [main] JpaBaseConfiguration$JpaWebConfiguration : spring.jpa.open-in-view is enabled by default. Therefore, database queries may be performed during view rendering. Explicitly configure spring.jpa.open-in-view to disable this warning
2026-03-21 13:16:47.053  INFO 23648 --- [demo] [main] o.s.b.h.a.H2ConsoleAutoConfiguration     : H2 console available at '/h2-console'. Database available at 'jdbc:h2:mem:db-test'
2026-03-21 13:16:47.116  INFO 23648 --- [demo] [main] o.s.boot.tomcat.TomcatWebServer          : Tomcat started on port 8081 (http) with context path '/compunet2-2026'
2026-03-21 13:16:47.121  INFO 23648 --- [demo] [main] com.example.demo.DemoApplication         : Started DemoApplication in 3.109 seconds (process running for 3.428)
2026-03-21 13:16:48.315  INFO 23648 --- [demo] [http-nio-8081-exec-1] o.a.c.c.C.[.[.[/compunet2-2026]          : Initializing Spring DispatcherServlet 'dispatcherServlet'
2026-03-21 13:16:48.315  INFO 23648 --- [demo] [http-nio-8081-exec-1] o.s.web.servlet.DispatcherServlet        : Initializing Servlet 'dispatcherServlet'
2026-03-21 13:16:48.316  INFO 23648 --- [demo] [http-nio-8081-exec-1] o.s.web.servlet.DispatcherServlet        : Completed initialization in 1 ms
2026-03-21 13:17:17.524  INFO 23648 --- [demo] [SpringApplicationShutdownHook] o.s.boot.tomcat.GracefulShutdown         : Commencing graceful shutdown. Waiting for active requests to complete
2026-03-21 13:17:17.607  INFO 23648 --- [demo] [tomcat-shutdown] o.s.boot.tomcat.GracefulShutdown         : Graceful shutdown complete
2026-03-21 13:17:17.610  INFO 23648 --- [demo] [SpringApplicationShutdownHook] j.LocalContainerEntityManagerFactoryBean : Closing JPA EntityManagerFactory for persistence unit 'default'
2026-03-21 13:17:17.614  INFO 23648 --- [demo] [SpringApplicationShutdownHook] com.zaxxer.hikari.HikariDataSource       : HikariPool-1 - Shutdown initiated...
2026-03-21 13:17:17.616  INFO 23648 --- [demo] [SpringApplicationShutdownHook] com.zaxxer.hikari.HikariDataSource       : HikariPool-1 - Shutdown completed.
2026-09-23 08:30:26.128  INFO 11004 --- [demo] [main] com.example.demo.DemoApplication         : Starting DemoApplication using Java 17.0.20 with PID 11004 (/home/xnieb/Desktop/parcial-avion/target/classes started by xnieb in /home/xnieb/Desktop/parcial-avion)
2026-09-23 08:30:26.132  INFO 11004 --- [demo] [main] com.example.demo.DemoApplication         : No active profile set, falling back to 1 default profile: "default"
2026-09-23 08:30:26.771  INFO 11004 --- [demo] [main] .s.d.r.c.RepositoryConfigurationDelegate : Bootstrapping Spring Data JPA repositories in DEFAULT mode.
2026-09-23 08:30:26.847  INFO 11004 --- [demo] [main] .s.d.r.c.RepositoryConfigurationDelegate : Finished Spring Data repository scanning in 66 ms. Found 6 JPA repository interfaces.
2026-09-23 08:30:27.284  INFO 11004 --- [demo] [main] o.s.boot.tomcat.TomcatWebServer          : Tomcat initialized with port 8081 (http)
2026-09-23 08:30:27.297  INFO 11004 --- [demo] [main] o.apache.catalina.core.StandardService   : Starting service [Tomcat]
2026-09-23 08:30:27.298  INFO 11004 --- [demo] [main] o.apache.catalina.core.StandardEngine    : Starting Servlet engine: [Apache Tomcat/11.0.18]
2026-09-23 08:30:27.362  INFO 11004 --- [demo] [main] b.w.c.s.WebApplicationContextInitializer : Root WebApplicationContext: initialization completed in 1166 ms
2026-09-23 08:30:27.539  INFO 11004 --- [demo] [main] org.hibernate.orm.jpa                    : HHH008540: Processing PersistenceUnitInfo [name: default]
2026-09-23 08:30:27.609  INFO 11004 --- [demo] [main] org.hibernate.orm.core                   : HHH000001: Hibernate ORM core version 7.2.7.Final
2026-09-23 08:30:27.972  INFO 11004 --- [demo] [main] o.s.o.j.p.SpringPersistenceUnitInfo      : No LoadTimeWeaver setup: ignoring JPA class transformer
2026-09-23 08:30:28.022  INFO 11004 --- [demo] [main] com.zaxxer.hikari.HikariDataSource       : HikariPool-1 - Starting...
2026-09-23 08:30:28.198  INFO 11004 --- [demo] [main] com.zaxxer.hikari.pool.HikariPool        : HikariPool-1 - Added connection conn0: url=jdbc:h2:mem:db-test user=POSTGRES
2026-09-23 08:30:28.200  INFO 11004 --- [demo] [main] com.zaxxer.hikari.HikariDataSource       : HikariPool-1 - Start completed.
2026-09-23 08:30:28.271  INFO 11004 --- [demo] [main] org.hibernate.orm.connections.pooling    : HHH10001005: Database info:
	Database JDBC URL [jdbc:h2:mem:db-test]
	Database driver: H2 JDBC Driver
	Database dialect: H2Dialect
	Database version: 2.4.240
	Default catalog/schema: DB-TEST/PUBLIC
	Autocommit mode: undefined/unknown
	Isolation level: READ_COMMITTED [default READ_COMMITTED]
	JDBC fetch size: 100
	Pool: DataSourceConnectionProvider
	Minimum pool size: undefined/unknown
	Maximum pool size: undefined/unknown
2026-09-23 08:30:28.413 ERROR 11004 --- [demo] [main] j.LocalContainerEntityManagerFactoryBean : Failed to initialize JPA EntityManagerFactory: Property 'com.example.demo.model.Flight.destinationAirport' is not a collection and may not be a '@OneToMany', '@ManyToMany', or '@ElementCollection'
2026-09-23 08:30:28.414  WARN 11004 --- [demo] [main] ConfigServletWebServerApplicationContext : Exception encountered during context initialization - cancelling refresh attempt: org.springframework.beans.factory.BeanCreationException: Error creating bean with name 'entityManagerFactory' defined in class path resource [org/springframework/boot/hibernate/autoconfigure/HibernateJpaConfiguration.class]: Property 'com.example.demo.model.Flight.destinationAirport' is not a collection and may not be a '@OneToMany', '@ManyToMany', or '@ElementCollection'
2026-09-23 08:30:28.415  INFO 11004 --- [demo] [main] com.zaxxer.hikari.HikariDataSource       : HikariPool-1 - Shutdown initiated...
2026-09-23 08:30:28.429  INFO 11004 --- [demo] [main] com.zaxxer.hikari.HikariDataSource       : HikariPool-1 - Shutdown completed.
2026-09-23 08:30:28.434  INFO 11004 --- [demo] [main] o.apache.catalina.core.StandardService   : Stopping service [Tomcat]
2026-09-23 08:30:28.452  INFO 11004 --- [demo] [main] .s.b.a.l.ConditionEvaluationReportLogger : 

Error starting ApplicationContext. To display the condition evaluation report re-run your application with 'debug' enabled.
2026-09-23 08:30:28.471 ERROR 11004 --- [demo] [main] o.s.boot.SpringApplication               : Application run failed

org.springframework.beans.factory.BeanCreationException: Error creating bean with name 'entityManagerFactory' defined in class path resource [org/springframework/boot/hibernate/autoconfigure/HibernateJpaConfiguration.class]: Property 'com.example.demo.model.Flight.destinationAirport' is not a collection and may not be a '@OneToMany', '@ManyToMany', or '@ElementCollection'
	at org.springframework.beans.factory.support.AbstractAutowireCapableBeanFactory.initializeBean(AbstractAutowireCapableBeanFactory.java:1817) ~[spring-beans-7.0.6.jar:7.0.6]
	at org.springframework.beans.factory.support.AbstractAutowireCapableBeanFactory.doCreateBean(AbstractAutowireCapableBeanFactory.java:603) ~[spring-beans-7.0.6.jar:7.0.6]
	at org.springframework.beans.factory.support.AbstractAutowireCapableBeanFactory.createBean(AbstractAutowireCapableBeanFactory.java:525) ~[spring-beans-7.0.6.jar:7.0.6]
	at org.springframework.beans.factory.support.AbstractBeanFactory.lambda$doGetBean$0(AbstractBeanFactory.java:333) ~[spring-beans-7.0.6.jar:7.0.6]
	at org.springframework.beans.factory.support.DefaultSingletonBeanRegistry.getSingleton(DefaultSingletonBeanRegistry.java:371) ~[spring-beans-7.0.6.jar:7.0.6]
	at org.springframework.beans.factory.support.AbstractBeanFactory.doGetBean(AbstractBeanFactory.java:331) ~[spring-beans-7.0.6.jar:7.0.6]
	at org.springframework.beans.factory.support.AbstractBeanFactory.getBean(AbstractBeanFactory.java:201) ~[spring-beans-7.0.6.jar:7.0.6]
	at org.springframework.context.support.AbstractApplicationContext.finishBeanFactoryInitialization(AbstractApplicationContext.java:977) ~[spring-context-7.0.6.jar:7.0.6]
	at org.springframework.context.support.AbstractApplicationContext.refresh(AbstractApplicationContext.java:621) ~[spring-context-7.0.6.jar:7.0.6]
	at org.springframework.boot.web.server.servlet.context.ServletWebServerApplicationContext.refresh(ServletWebServerApplicationContext.java:143) ~[spring-boot-web-server-4.0.4.jar:4.0.4]
	at org.springframework.boot.SpringApplication.refresh(SpringApplication.java:756) ~[spring-boot-4.0.4.jar:4.0.4]
	at org.springframework.boot.SpringApplication.refreshContext(SpringApplication.java:445) ~[spring-boot-4.0.4.jar:4.0.4]
	at org.springframework.boot.SpringApplication.run(SpringApplication.java:321) ~[spring-boot-4.0.4.jar:4.0.4]
	at org.springframework.boot.SpringApplication.run(SpringApplication.java:1365) ~[spring-boot-4.0.4.jar:4.0.4]
	at org.springframework.boot.SpringApplication.run(SpringApplication.java:1354) ~[spring-boot-4.0.4.jar:4.0.4]
	at com.example.demo.DemoApplication.main(DemoApplication.java:10) ~[classes/:na]
Caused by: org.hibernate.AnnotationException: Property 'com.example.demo.model.Flight.destinationAirport' is not a collection and may not be a '@OneToMany', '@ManyToMany', or '@ElementCollection'
	at org.hibernate.boot.model.internal.CollectionBinder.determineSemanticJavaType(CollectionBinder.java:996) ~[hibernate-core-7.2.7.Final.jar:7.2.7.Final]
	at org.hibernate.boot.model.internal.CollectionBinder.determineCollectionClassification(CollectionBinder.java:880) ~[hibernate-core-7.2.7.Final.jar:7.2.7.Final]
	at org.hibernate.boot.model.internal.CollectionBinder.createBinderAutomatically(CollectionBinder.java:784) ~[hibernate-core-7.2.7.Final.jar:7.2.7.Final]
	at org.hibernate.boot.model.internal.CollectionBinder.getCollectionBinder(CollectionBinder.java:778) ~[hibernate-core-7.2.7.Final.jar:7.2.7.Final]
	at org.hibernate.boot.model.internal.CollectionBinder.bindCollection(CollectionBinder.java:225) ~[hibernate-core-7.2.7.Final.jar:7.2.7.Final]
	at org.hibernate.boot.model.internal.PropertyBinder.bindProperty(PropertyBinder.java:895) ~[hibernate-core-7.2.7.Final.jar:7.2.7.Final]
	at org.hibernate.boot.model.internal.PropertyBinder.buildProperty(PropertyBinder.java:792) ~[hibernate-core-7.2.7.Final.jar:7.2.7.Final]
	at org.hibernate.boot.model.internal.PropertyBinder.processElementAnnotations(PropertyBinder.java:719) ~[hibernate-core-7.2.7.Final.jar:7.2.7.Final]
	at org.hibernate.boot.model.internal.EntityBinder.processIdPropertiesIfNotAlready(EntityBinder.java:1072) ~[hibernate-core-7.2.7.Final.jar:7.2.7.Final]
	at org.hibernate.boot.model.internal.EntityBinder.handleIdentifier(EntityBinder.java:380) ~[hibernate-core-7.2.7.Final.jar:7.2.7.Final]
	at org.hibernate.boot.model.internal.EntityBinder.bindEntityClass(EntityBinder.java:217) ~[hibernate-core-7.2.7.Final.jar:7.2.7.Final]
	at org.hibernate.boot.model.internal.AnnotationBinder.bindClass(AnnotationBinder.java:247) ~[hibernate-core-7.2.7.Final.jar:7.2.7.Final]
	at org.hibernate.boot.model.source.internal.annotations.AnnotationMetadataSourceProcessorImpl.processEntityHierarchies(AnnotationMetadataSourceProcessorImpl.java:167) ~[hibernate-core-7.2.7.Final.jar:7.2.7.Final]
	at org.hibernate.boot.model.process.spi.MetadataBuildingProcess$1.processEntityHierarchies(MetadataBuildingProcess.java:318) ~[hibernate-core-7.2.7.Final.jar:7.2.7.Final]
	at org.hibernate.boot.model.process.spi.MetadataBuildingProcess.coordinateProcessors(MetadataBuildingProcess.java:352) ~[hibernate-core-7.2.7.Final.jar:7.2.7.Final]
	at org.hibernate.boot.model.process.spi.MetadataBuildingProcess.complete(MetadataBuildingProcess.java:201) ~[hibernate-core-7.2.7.Final.jar:7.2.7.Final]
	at org.hibernate.jpa.boot.internal.EntityManagerFactoryBuilderImpl.metadata(EntityManagerFactoryBuilderImpl.java:1392) ~[hibernate-core-7.2.7.Final.jar:7.2.7.Final]
	at org.hibernate.jpa.boot.internal.EntityManagerFactoryBuilderImpl.populateSessionFactoryBuilder(EntityManagerFactoryBuilderImpl.java:1472) ~[hibernate-core-7.2.7.Final.jar:7.2.7.Final]
	at org.hibernate.jpa.boot.internal.EntityManagerFactoryBuilderImpl.build(EntityManagerFactoryBuilderImpl.java:1454) ~[hibernate-core-7.2.7.Final.jar:7.2.7.Final]
	at org.springframework.orm.jpa.vendor.SpringHibernateJpaPersistenceProvider.createContainerEntityManagerFactory(SpringHibernateJpaPersistenceProvider.java:93) ~[spring-orm-7.0.6.jar:7.0.6]
	at org.springframework.orm.jpa.LocalContainerEntityManagerFactoryBean.createNativeEntityManagerFactory(LocalContainerEntityManagerFactoryBean.java:443) ~[spring-orm-7.0.6.jar:7.0.6]
	at org.springframework.orm.jpa.AbstractEntityManagerFactoryBean.buildNativeEntityManagerFactory(AbstractEntityManagerFactoryBean.java:436) ~[spring-orm-7.0.6.jar:7.0.6]
	at org.springframework.orm.jpa.AbstractEntityManagerFactoryBean.afterPropertiesSet(AbstractEntityManagerFactoryBean.java:411) ~[spring-orm-7.0.6.jar:7.0.6]
	at org.springframework.orm.jpa.LocalContainerEntityManagerFactoryBean.afterPropertiesSet(LocalContainerEntityManagerFactoryBean.java:419) ~[spring-orm-7.0.6.jar:7.0.6]
	at org.springframework.beans.factory.support.AbstractAutowireCapableBeanFactory.invokeInitMethods(AbstractAutowireCapableBeanFactory.java:1864) ~[spring-beans-7.0.6.jar:7.0.6]
	at org.springframework.beans.factory.support.AbstractAutowireCapableBeanFactory.initializeBean(AbstractAutowireCapableBeanFactory.java:1813) ~[spring-beans-7.0.6.jar:7.0.6]
	... 15 common frames omitted

2026-09-23 09:42:18.791  INFO 50152 --- [demo] [main] com.example.demo.DemoApplication         : Starting DemoApplication using Java 17.0.20 with PID 50152 (/home/xnieb/Desktop/parcial-avion/target/classes started by xnieb in /home/xnieb/Desktop/parcial-avion)
2026-09-23 09:42:18.796  INFO 50152 --- [demo] [main] com.example.demo.DemoApplication         : No active profile set, falling back to 1 default profile: "default"
2026-09-23 09:42:19.456  INFO 50152 --- [demo] [main] .s.d.r.c.RepositoryConfigurationDelegate : Bootstrapping Spring Data JPA repositories in DEFAULT mode.
2026-09-23 09:42:19.529  INFO 50152 --- [demo] [main] .s.d.r.c.RepositoryConfigurationDelegate : Finished Spring Data repository scanning in 64 ms. Found 6 JPA repository interfaces.
2026-09-23 09:42:20.033  INFO 50152 --- [demo] [main] o.s.boot.tomcat.TomcatWebServer          : Tomcat initialized with port 8081 (http)
2026-09-23 09:42:20.049  INFO 50152 --- [demo] [main] o.apache.catalina.core.StandardService   : Starting service [Tomcat]
2026-09-23 09:42:20.050  INFO 50152 --- [demo] [main] o.apache.catalina.core.StandardEngine    : Starting Servlet engine: [Apache Tomcat/11.0.18]
2026-09-23 09:42:20.135  INFO 50152 --- [demo] [main] b.w.c.s.WebApplicationContextInitializer : Root WebApplicationContext: initialization completed in 1268 ms
2026-09-23 09:42:20.442  INFO 50152 --- [demo] [main] org.hibernate.orm.jpa                    : HHH008540: Processing PersistenceUnitInfo [name: default]
2026-09-23 09:42:20.522  INFO 50152 --- [demo] [main] org.hibernate.orm.core                   : HHH000001: Hibernate ORM core version 7.2.7.Final
2026-09-23 09:42:20.982  INFO 50152 --- [demo] [main] o.s.o.j.p.SpringPersistenceUnitInfo      : No LoadTimeWeaver setup: ignoring JPA class transformer
2026-09-23 09:42:21.046  INFO 50152 --- [demo] [main] com.zaxxer.hikari.HikariDataSource       : HikariPool-1 - Starting...
2026-09-23 09:42:21.277  INFO 50152 --- [demo] [main] com.zaxxer.hikari.pool.HikariPool        : HikariPool-1 - Added connection conn0: url=jdbc:h2:mem:db-test user=POSTGRES
2026-09-23 09:42:21.279  INFO 50152 --- [demo] [main] com.zaxxer.hikari.HikariDataSource       : HikariPool-1 - Start completed.
2026-09-23 09:42:21.354  INFO 50152 --- [demo] [main] org.hibernate.orm.connections.pooling    : HHH10001005: Database info:
	Database JDBC URL [jdbc:h2:mem:db-test]
	Database driver: H2 JDBC Driver
	Database dialect: H2Dialect
	Database version: 2.4.240
	Default catalog/schema: DB-TEST/PUBLIC
	Autocommit mode: undefined/unknown
	Isolation level: READ_COMMITTED [default READ_COMMITTED]
	JDBC fetch size: 100
	Pool: DataSourceConnectionProvider
	Minimum pool size: undefined/unknown
	Maximum pool size: undefined/unknown
2026-09-23 09:42:22.298  INFO 50152 --- [demo] [main] org.hibernate.orm.core                   : HHH000489: No JTA platform available (set 'hibernate.transaction.jta.platform' to enable JTA platform integration)
2026-09-23 09:42:22.392  INFO 50152 --- [demo] [main] j.LocalContainerEntityManagerFactoryBean : Initialized JPA EntityManagerFactory for persistence unit 'default'
2026-09-23 09:42:22.481  INFO 50152 --- [demo] [main] o.s.d.j.r.query.QueryEnhancerFactories   : Hibernate is in classpath; If applicable, HQL parser will be used.
2026-09-23 09:42:22.705  WARN 50152 --- [demo] [main] JpaBaseConfiguration$JpaWebConfiguration : spring.jpa.open-in-view is enabled by default. Therefore, database queries may be performed during view rendering. Explicitly configure spring.jpa.open-in-view to disable this warning
2026-09-23 09:42:23.048  INFO 50152 --- [demo] [main] o.s.b.h.a.H2ConsoleAutoConfiguration     : H2 console available at '/h2-console'. Database available at 'jdbc:h2:mem:db-test'
2026-09-23 09:42:23.171  INFO 50152 --- [demo] [main] o.s.boot.tomcat.TomcatWebServer          : Tomcat started on port 8081 (http) with context path '/compunet2-2026'
2026-09-23 09:42:23.178  INFO 50152 --- [demo] [main] com.example.demo.DemoApplication         : Started DemoApplication in 4.942 seconds (process running for 5.331)
2026-09-23 09:42:56.817  INFO 50152 --- [demo] [SpringApplicationShutdownHook] o.s.boot.tomcat.GracefulShutdown         : Commencing graceful shutdown. Waiting for active requests to complete
2026-09-23 09:42:56.830  INFO 50152 --- [demo] [tomcat-shutdown] o.s.boot.tomcat.GracefulShutdown         : Graceful shutdown complete
2026-09-23 09:42:56.837  INFO 50152 --- [demo] [SpringApplicationShutdownHook] j.LocalContainerEntityManagerFactoryBean : Closing JPA EntityManagerFactory for persistence unit 'default'
2026-09-23 09:42:56.851  INFO 50152 --- [demo] [SpringApplicationShutdownHook] com.zaxxer.hikari.HikariDataSource       : HikariPool-1 - Shutdown initiated...
2026-09-23 09:42:56.854  INFO 50152 --- [demo] [SpringApplicationShutdownHook] com.zaxxer.hikari.HikariDataSource       : HikariPool-1 - Shutdown completed.
2026-09-23 09:43:04.720  INFO 50792 --- [demo] [main] com.example.demo.DemoApplication         : Starting DemoApplication using Java 17.0.20 with PID 50792 (/home/xnieb/Desktop/parcial-avion/target/classes started by xnieb in /home/xnieb/Desktop/parcial-avion)
2026-09-23 09:43:04.725  INFO 50792 --- [demo] [main] com.example.demo.DemoApplication         : No active profile set, falling back to 1 default profile: "default"
2026-09-23 09:43:05.574  INFO 50792 --- [demo] [main] .s.d.r.c.RepositoryConfigurationDelegate : Bootstrapping Spring Data JPA repositories in DEFAULT mode.
2026-09-23 09:43:05.677  INFO 50792 --- [demo] [main] .s.d.r.c.RepositoryConfigurationDelegate : Finished Spring Data repository scanning in 87 ms. Found 6 JPA repository interfaces.
2026-09-23 09:43:06.294  INFO 50792 --- [demo] [main] o.s.boot.tomcat.TomcatWebServer          : Tomcat initialized with port 8081 (http)
2026-09-23 09:43:06.308  INFO 50792 --- [demo] [main] o.apache.catalina.core.StandardService   : Starting service [Tomcat]
2026-09-23 09:43:06.310  INFO 50792 --- [demo] [main] o.apache.catalina.core.StandardEngine    : Starting Servlet engine: [Apache Tomcat/11.0.18]
2026-09-23 09:43:06.374  INFO 50792 --- [demo] [main] b.w.c.s.WebApplicationContextInitializer : Root WebApplicationContext: initialization completed in 1572 ms
2026-09-23 09:43:06.584  INFO 50792 --- [demo] [main] org.hibernate.orm.jpa                    : HHH008540: Processing PersistenceUnitInfo [name: default]
2026-09-23 09:43:06.653  INFO 50792 --- [demo] [main] org.hibernate.orm.core                   : HHH000001: Hibernate ORM core version 7.2.7.Final
2026-09-23 09:43:07.324  INFO 50792 --- [demo] [main] o.s.o.j.p.SpringPersistenceUnitInfo      : No LoadTimeWeaver setup: ignoring JPA class transformer
2026-09-23 09:43:07.378  INFO 50792 --- [demo] [main] com.zaxxer.hikari.HikariDataSource       : HikariPool-1 - Starting...
2026-09-23 09:43:07.665  INFO 50792 --- [demo] [main] com.zaxxer.hikari.pool.HikariPool        : HikariPool-1 - Added connection conn0: url=jdbc:h2:mem:db-test user=POSTGRES
2026-09-23 09:43:07.670  INFO 50792 --- [demo] [main] com.zaxxer.hikari.HikariDataSource       : HikariPool-1 - Start completed.
2026-09-23 09:43:07.792  INFO 50792 --- [demo] [main] org.hibernate.orm.connections.pooling    : HHH10001005: Database info:
	Database JDBC URL [jdbc:h2:mem:db-test]
	Database driver: H2 JDBC Driver
	Database dialect: H2Dialect
	Database version: 2.4.240
	Default catalog/schema: DB-TEST/PUBLIC
	Autocommit mode: undefined/unknown
	Isolation level: READ_COMMITTED [default READ_COMMITTED]
	JDBC fetch size: 100
	Pool: DataSourceConnectionProvider
	Minimum pool size: undefined/unknown
	Maximum pool size: undefined/unknown
2026-09-23 09:43:08.853  INFO 50792 --- [demo] [main] org.hibernate.orm.core                   : HHH000489: No JTA platform available (set 'hibernate.transaction.jta.platform' to enable JTA platform integration)
2026-09-23 09:43:08.946  INFO 50792 --- [demo] [main] j.LocalContainerEntityManagerFactoryBean : Initialized JPA EntityManagerFactory for persistence unit 'default'
2026-09-23 09:43:09.041  INFO 50792 --- [demo] [main] o.s.d.j.r.query.QueryEnhancerFactories   : Hibernate is in classpath; If applicable, HQL parser will be used.
2026-09-23 09:43:09.224  WARN 50792 --- [demo] [main] JpaBaseConfiguration$JpaWebConfiguration : spring.jpa.open-in-view is enabled by default. Therefore, database queries may be performed during view rendering. Explicitly configure spring.jpa.open-in-view to disable this warning
2026-09-23 09:43:09.533  INFO 50792 --- [demo] [main] o.s.b.h.a.H2ConsoleAutoConfiguration     : H2 console available at '/h2-console'. Database available at 'jdbc:h2:mem:db-test'
2026-09-23 09:43:09.637  INFO 50792 --- [demo] [main] o.s.boot.tomcat.TomcatWebServer          : Tomcat started on port 8081 (http) with context path '/compunet2-2026'
2026-09-23 09:43:09.643  INFO 50792 --- [demo] [main] com.example.demo.DemoApplication         : Started DemoApplication in 5.653 seconds (process running for 6.176)
2026-09-23 09:43:23.505  INFO 50792 --- [demo] [http-nio-8081-exec-2] o.a.c.c.C.[.[.[/compunet2-2026]          : Initializing Spring DispatcherServlet 'dispatcherServlet'
2026-09-23 09:43:23.506  INFO 50792 --- [demo] [http-nio-8081-exec-2] o.s.web.servlet.DispatcherServlet        : Initializing Servlet 'dispatcherServlet'
2026-09-23 09:43:23.510  INFO 50792 --- [demo] [http-nio-8081-exec-2] o.s.web.servlet.DispatcherServlet        : Completed initialization in 3 ms
2026-09-23 09:43:41.406  WARN 50792 --- [demo] [http-nio-8081-exec-3] .w.s.m.s.DefaultHandlerExceptionResolver : Ignoring exception, response committed already: org.springframework.http.converter.HttpMessageNotWritableException: Could not write JSON: Document nesting depth (501) exceeds the maximum allowed (500, from `StreamWriteConstraints.getMaxNestingDepth()`)
2026-09-23 09:43:41.410  WARN 50792 --- [demo] [http-nio-8081-exec-3] .w.s.m.s.DefaultHandlerExceptionResolver : Resolved [org.springframework.http.converter.HttpMessageNotWritableException: Could not write JSON: Document nesting depth (501) exceeds the maximum allowed (500, from `StreamWriteConstraints.getMaxNestingDepth()`)]
2026-09-23 09:54:07.506  INFO 50792 --- [demo] [SpringApplicationShutdownHook] o.s.boot.tomcat.GracefulShutdown         : Commencing graceful shutdown. Waiting for active requests to complete
2026-09-23 09:54:07.516  INFO 50792 --- [demo] [tomcat-shutdown] o.s.boot.tomcat.GracefulShutdown         : Graceful shutdown complete
2026-09-23 09:54:07.526  INFO 50792 --- [demo] [SpringApplicationShutdownHook] j.LocalContainerEntityManagerFactoryBean : Closing JPA EntityManagerFactory for persistence unit 'default'
2026-09-23 09:54:07.544  INFO 50792 --- [demo] [SpringApplicationShutdownHook] com.zaxxer.hikari.HikariDataSource       : HikariPool-1 - Shutdown initiated...
2026-09-23 09:54:07.548  INFO 50792 --- [demo] [SpringApplicationShutdownHook] com.zaxxer.hikari.HikariDataSource       : HikariPool-1 - Shutdown completed.
2026-09-23 09:54:33.387  INFO 57475 --- [demo] [main] com.example.demo.DemoApplication         : Starting DemoApplication using Java 17.0.20 with PID 57475 (/home/xnieb/Desktop/parcial-avion/target/classes started by xnieb in /home/xnieb/Desktop/parcial-avion)
2026-09-23 09:54:33.393  INFO 57475 --- [demo] [main] com.example.demo.DemoApplication         : No active profile set, falling back to 1 default profile: "default"
2026-09-23 09:54:34.166  INFO 57475 --- [demo] [main] .s.d.r.c.RepositoryConfigurationDelegate : Bootstrapping Spring Data JPA repositories in DEFAULT mode.
2026-09-23 09:54:34.241  INFO 57475 --- [demo] [main] .s.d.r.c.RepositoryConfigurationDelegate : Finished Spring Data repository scanning in 66 ms. Found 6 JPA repository interfaces.
2026-09-23 09:54:34.710  INFO 57475 --- [demo] [main] o.s.boot.tomcat.TomcatWebServer          : Tomcat initialized with port 8081 (http)
2026-09-23 09:54:34.723  INFO 57475 --- [demo] [main] o.apache.catalina.core.StandardService   : Starting service [Tomcat]
2026-09-23 09:54:34.724  INFO 57475 --- [demo] [main] o.apache.catalina.core.StandardEngine    : Starting Servlet engine: [Apache Tomcat/11.0.18]
2026-09-23 09:54:34.792  INFO 57475 --- [demo] [main] b.w.c.s.WebApplicationContextInitializer : Root WebApplicationContext: initialization completed in 1323 ms
2026-09-23 09:54:34.969  INFO 57475 --- [demo] [main] org.hibernate.orm.jpa                    : HHH008540: Processing PersistenceUnitInfo [name: default]
2026-09-23 09:54:35.038  INFO 57475 --- [demo] [main] org.hibernate.orm.core                   : HHH000001: Hibernate ORM core version 7.2.7.Final
2026-09-23 09:54:35.432  INFO 57475 --- [demo] [main] o.s.o.j.p.SpringPersistenceUnitInfo      : No LoadTimeWeaver setup: ignoring JPA class transformer
2026-09-23 09:54:35.494  INFO 57475 --- [demo] [main] com.zaxxer.hikari.HikariDataSource       : HikariPool-1 - Starting...
2026-09-23 09:54:35.686  INFO 57475 --- [demo] [main] com.zaxxer.hikari.pool.HikariPool        : HikariPool-1 - Added connection conn0: url=jdbc:h2:mem:db-test user=POSTGRES
2026-09-23 09:54:35.689  INFO 57475 --- [demo] [main] com.zaxxer.hikari.HikariDataSource       : HikariPool-1 - Start completed.
2026-09-23 09:54:35.764  INFO 57475 --- [demo] [main] org.hibernate.orm.connections.pooling    : HHH10001005: Database info:
	Database JDBC URL [jdbc:h2:mem:db-test]
	Database driver: H2 JDBC Driver
	Database dialect: H2Dialect
	Database version: 2.4.240
	Default catalog/schema: DB-TEST/PUBLIC
	Autocommit mode: undefined/unknown
	Isolation level: READ_COMMITTED [default READ_COMMITTED]
	JDBC fetch size: 100
	Pool: DataSourceConnectionProvider
	Minimum pool size: undefined/unknown
	Maximum pool size: undefined/unknown
2026-09-23 09:54:36.809  INFO 57475 --- [demo] [main] org.hibernate.orm.core                   : HHH000489: No JTA platform available (set 'hibernate.transaction.jta.platform' to enable JTA platform integration)
2026-09-23 09:54:36.904  INFO 57475 --- [demo] [main] j.LocalContainerEntityManagerFactoryBean : Initialized JPA EntityManagerFactory for persistence unit 'default'
2026-09-23 09:54:37.008  INFO 57475 --- [demo] [main] o.s.d.j.r.query.QueryEnhancerFactories   : Hibernate is in classpath; If applicable, HQL parser will be used.
2026-09-23 09:54:37.221  WARN 57475 --- [demo] [main] JpaBaseConfiguration$JpaWebConfiguration : spring.jpa.open-in-view is enabled by default. Therefore, database queries may be performed during view rendering. Explicitly configure spring.jpa.open-in-view to disable this warning
2026-09-23 09:54:37.514  INFO 57475 --- [demo] [main] o.s.b.h.a.H2ConsoleAutoConfiguration     : H2 console available at '/h2-console'. Database available at 'jdbc:h2:mem:db-test'
2026-09-23 09:54:37.558  WARN 57475 --- [demo] [main] ConfigServletWebServerApplicationContext : Exception encountered during context initialization - cancelling refresh attempt: org.springframework.beans.factory.BeanCreationException: Error creating bean with name 'dataSourceScriptDatabaseInitializer' defined in class path resource [org/springframework/boot/jdbc/autoconfigure/DataSourceInitializationAutoConfiguration.class]: Failed to execute SQL script statement #6 of file [/home/xnieb/Desktop/parcial-avion/target/classes/data.sql]: INSERT INTO ticket_flights (id, segment_order, ticket_id, flight_id) VALUES (1, 1, 1, 1), (2, 2, 1, 7), (3, 1, 2, 4), (4, 1, 3, 3), (5, 2, 3, 20), (6, 1, 4, 11), (7, 1, 5, 13), (8, 1, 6, 8), (9, 1, 7, 2), (10, 1, 8, 10), (11, 1, 9, 12), (12, 1, 10, 15), (13, 2, 10, 19), (14, 1, 2, 18), (15, 2, 2, 6), (16, 1, 5, 5), (17, 2, 5, 17), (18, 1, 6, 14), (19, 1, 4, 16), (20, 2, 4, 10)
2026-09-23 09:54:37.561  INFO 57475 --- [demo] [main] j.LocalContainerEntityManagerFactoryBean : Closing JPA EntityManagerFactory for persistence unit 'default'
2026-09-23 09:54:37.573  INFO 57475 --- [demo] [main] com.zaxxer.hikari.HikariDataSource       : HikariPool-1 - Shutdown initiated...
2026-09-23 09:54:37.576  INFO 57475 --- [demo] [main] com.zaxxer.hikari.HikariDataSource       : HikariPool-1 - Shutdown completed.
2026-09-23 09:54:37.579  INFO 57475 --- [demo] [main] o.apache.catalina.core.StandardService   : Stopping service [Tomcat]
2026-09-23 09:54:37.593  INFO 57475 --- [demo] [main] .s.b.a.l.ConditionEvaluationReportLogger : 

Error starting ApplicationContext. To display the condition evaluation report re-run your application with 'debug' enabled.
2026-09-23 09:54:37.615 ERROR 57475 --- [demo] [main] o.s.boot.SpringApplication               : Application run failed

org.springframework.beans.factory.BeanCreationException: Error creating bean with name 'dataSourceScriptDatabaseInitializer' defined in class path resource [org/springframework/boot/jdbc/autoconfigure/DataSourceInitializationAutoConfiguration.class]: Failed to execute SQL script statement #6 of file [/home/xnieb/Desktop/parcial-avion/target/classes/data.sql]: INSERT INTO ticket_flights (id, segment_order, ticket_id, flight_id) VALUES (1, 1, 1, 1), (2, 2, 1, 7), (3, 1, 2, 4), (4, 1, 3, 3), (5, 2, 3, 20), (6, 1, 4, 11), (7, 1, 5, 13), (8, 1, 6, 8), (9, 1, 7, 2), (10, 1, 8, 10), (11, 1, 9, 12), (12, 1, 10, 15), (13, 2, 10, 19), (14, 1, 2, 18), (15, 2, 2, 6), (16, 1, 5, 5), (17, 2, 5, 17), (18, 1, 6, 14), (19, 1, 4, 16), (20, 2, 4, 10)
	at org.springframework.beans.factory.support.AbstractAutowireCapableBeanFactory.initializeBean(AbstractAutowireCapableBeanFactory.java:1817) ~[spring-beans-7.0.6.jar:7.0.6]
	at org.springframework.beans.factory.support.AbstractAutowireCapableBeanFactory.doCreateBean(AbstractAutowireCapableBeanFactory.java:603) ~[spring-beans-7.0.6.jar:7.0.6]
	at org.springframework.beans.factory.support.AbstractAutowireCapableBeanFactory.createBean(AbstractAutowireCapableBeanFactory.java:525) ~[spring-beans-7.0.6.jar:7.0.6]
	at org.springframework.beans.factory.support.AbstractBeanFactory.lambda$doGetBean$0(AbstractBeanFactory.java:333) ~[spring-beans-7.0.6.jar:7.0.6]
	at org.springframework.beans.factory.support.DefaultSingletonBeanRegistry.getSingleton(DefaultSingletonBeanRegistry.java:371) ~[spring-beans-7.0.6.jar:7.0.6]
	at org.springframework.beans.factory.support.AbstractBeanFactory.doGetBean(AbstractBeanFactory.java:331) ~[spring-beans-7.0.6.jar:7.0.6]
	at org.springframework.beans.factory.support.AbstractBeanFactory.getBean(AbstractBeanFactory.java:196) ~[spring-beans-7.0.6.jar:7.0.6]
	at org.springframework.beans.factory.support.DefaultListableBeanFactory.instantiateSingleton(DefaultListableBeanFactory.java:1218) ~[spring-beans-7.0.6.jar:7.0.6]
	at org.springframework.beans.factory.support.DefaultListableBeanFactory.preInstantiateSingleton(DefaultListableBeanFactory.java:1184) ~[spring-beans-7.0.6.jar:7.0.6]
	at org.springframework.beans.factory.support.DefaultListableBeanFactory.preInstantiateSingletons(DefaultListableBeanFactory.java:1121) ~[spring-beans-7.0.6.jar:7.0.6]
	at org.springframework.context.support.AbstractApplicationContext.finishBeanFactoryInitialization(AbstractApplicationContext.java:994) ~[spring-context-7.0.6.jar:7.0.6]
	at org.springframework.context.support.AbstractApplicationContext.refresh(AbstractApplicationContext.java:621) ~[spring-context-7.0.6.jar:7.0.6]
	at org.springframework.boot.web.server.servlet.context.ServletWebServerApplicationContext.refresh(ServletWebServerApplicationContext.java:143) ~[spring-boot-web-server-4.0.4.jar:4.0.4]
	at org.springframework.boot.SpringApplication.refresh(SpringApplication.java:756) ~[spring-boot-4.0.4.jar:4.0.4]
	at org.springframework.boot.SpringApplication.refreshContext(SpringApplication.java:445) ~[spring-boot-4.0.4.jar:4.0.4]
	at org.springframework.boot.SpringApplication.run(SpringApplication.java:321) ~[spring-boot-4.0.4.jar:4.0.4]
	at org.springframework.boot.SpringApplication.run(SpringApplication.java:1365) ~[spring-boot-4.0.4.jar:4.0.4]
	at org.springframework.boot.SpringApplication.run(SpringApplication.java:1354) ~[spring-boot-4.0.4.jar:4.0.4]
	at com.example.demo.DemoApplication.main(DemoApplication.java:10) ~[classes/:na]
Caused by: org.springframework.jdbc.datasource.init.ScriptStatementFailedException: Failed to execute SQL script statement #6 of file [/home/xnieb/Desktop/parcial-avion/target/classes/data.sql]: INSERT INTO ticket_flights (id, segment_order, ticket_id, flight_id) VALUES (1, 1, 1, 1), (2, 2, 1, 7), (3, 1, 2, 4), (4, 1, 3, 3), (5, 2, 3, 20), (6, 1, 4, 11), (7, 1, 5, 13), (8, 1, 6, 8), (9, 1, 7, 2), (10, 1, 8, 10), (11, 1, 9, 12), (12, 1, 10, 15), (13, 2, 10, 19), (14, 1, 2, 18), (15, 2, 2, 6), (16, 1, 5, 5), (17, 2, 5, 17), (18, 1, 6, 14), (19, 1, 4, 16), (20, 2, 4, 10)
	at org.springframework.jdbc.datasource.init.ScriptUtils.executeSqlScript(ScriptUtils.java:293) ~[spring-jdbc-7.0.6.jar:7.0.6]
	at org.springframework.jdbc.datasource.init.ResourceDatabasePopulator.populate(ResourceDatabasePopulator.java:254) ~[spring-jdbc-7.0.6.jar:7.0.6]
	at org.springframework.jdbc.datasource.init.DatabasePopulatorUtils.execute(DatabasePopulatorUtils.java:54) ~[spring-jdbc-7.0.6.jar:7.0.6]
	at org.springframework.boot.jdbc.init.DataSourceScriptDatabaseInitializer.runScripts(DataSourceScriptDatabaseInitializer.java:87) ~[spring-boot-jdbc-4.0.4.jar:4.0.4]
	at org.springframework.boot.sql.init.AbstractScriptDatabaseInitializer.runScripts(AbstractScriptDatabaseInitializer.java:159) ~[spring-boot-sql-4.0.4.jar:4.0.4]
	at org.springframework.boot.sql.init.AbstractScriptDatabaseInitializer.applyScripts(AbstractScriptDatabaseInitializer.java:120) ~[spring-boot-sql-4.0.4.jar:4.0.4]
	at org.springframework.boot.sql.init.AbstractScriptDatabaseInitializer.applyDataScripts(AbstractScriptDatabaseInitializer.java:113) ~[spring-boot-sql-4.0.4.jar:4.0.4]
	at org.springframework.boot.sql.init.AbstractScriptDatabaseInitializer.initializeDatabase(AbstractScriptDatabaseInitializer.java:88) ~[spring-boot-sql-4.0.4.jar:4.0.4]
	at org.springframework.boot.sql.init.AbstractScriptDatabaseInitializer.afterPropertiesSet(AbstractScriptDatabaseInitializer.java:77) ~[spring-boot-sql-4.0.4.jar:4.0.4]
	at org.springframework.beans.factory.support.AbstractAutowireCapableBeanFactory.invokeInitMethods(AbstractAutowireCapableBeanFactory.java:1864) ~[spring-beans-7.0.6.jar:7.0.6]
	at org.springframework.beans.factory.support.AbstractAutowireCapableBeanFactory.initializeBean(AbstractAutowireCapableBeanFactory.java:1813) ~[spring-beans-7.0.6.jar:7.0.6]
	... 18 common frames omitted
Caused by: org.h2.jdbc.JdbcSQLSyntaxErrorException: Column "ID" not found; SQL statement:
INSERT INTO ticket_flights (id, segment_order, ticket_id, flight_id) VALUES (1, 1, 1, 1), (2, 2, 1, 7), (3, 1, 2, 4), (4, 1, 3, 3), (5, 2, 3, 20), (6, 1, 4, 11), (7, 1, 5, 13), (8, 1, 6, 8), (9, 1, 7, 2), (10, 1, 8, 10), (11, 1, 9, 12), (12, 1, 10, 15), (13, 2, 10, 19), (14, 1, 2, 18), (15, 2, 2, 6), (16, 1, 5, 5), (17, 2, 5, 17), (18, 1, 6, 14), (19, 1, 4, 16), (20, 2, 4, 10) [42122-240]
	at org.h2.message.DbException.getJdbcSQLException(DbException.java:514) ~[h2-2.4.240.jar:2.4.240]
	at org.h2.message.DbException.getJdbcSQLException(DbException.java:489) ~[h2-2.4.240.jar:2.4.240]
	at org.h2.message.DbException.get(DbException.java:223) ~[h2-2.4.240.jar:2.4.240]
	at org.h2.message.DbException.get(DbException.java:199) ~[h2-2.4.240.jar:2.4.240]
	at org.h2.table.Table.getColumn(Table.java:778) ~[h2-2.4.240.jar:2.4.240]
	at org.h2.command.Parser.parseColumn(Parser.java:1174) ~[h2-2.4.240.jar:2.4.240]
	at org.h2.command.Parser.parseColumnList(Parser.java:1159) ~[h2-2.4.240.jar:2.4.240]
	at org.h2.command.Parser.parseInsert(Parser.java:1533) ~[h2-2.4.240.jar:2.4.240]
	at org.h2.command.Parser.parsePrepared(Parser.java:701) ~[h2-2.4.240.jar:2.4.240]
	at org.h2.command.Parser.parse(Parser.java:584) ~[h2-2.4.240.jar:2.4.240]
	at org.h2.command.Parser.parse(Parser.java:559) ~[h2-2.4.240.jar:2.4.240]
	at org.h2.command.Parser.prepareCommand(Parser.java:487) ~[h2-2.4.240.jar:2.4.240]
	at org.h2.engine.SessionLocal.prepareLocal(SessionLocal.java:647) ~[h2-2.4.240.jar:2.4.240]
	at org.h2.engine.SessionLocal.prepareCommand(SessionLocal.java:563) ~[h2-2.4.240.jar:2.4.240]
	at org.h2.jdbc.JdbcConnection.prepareCommand(JdbcConnection.java:1160) ~[h2-2.4.240.jar:2.4.240]
	at org.h2.jdbc.JdbcStatement.executeInternal(JdbcStatement.java:245) ~[h2-2.4.240.jar:2.4.240]
	at org.h2.jdbc.JdbcStatement.execute(JdbcStatement.java:231) ~[h2-2.4.240.jar:2.4.240]
	at com.zaxxer.hikari.pool.ProxyStatement.execute(ProxyStatement.java:95) ~[HikariCP-7.0.2.jar:na]
	at com.zaxxer.hikari.pool.HikariProxyStatement.execute(HikariProxyStatement.java) ~[HikariCP-7.0.2.jar:na]
	at org.springframework.jdbc.datasource.init.ScriptUtils.executeSqlScript(ScriptUtils.java:261) ~[spring-jdbc-7.0.6.jar:7.0.6]
	... 28 common frames omitted

2026-09-23 09:57:27.374  INFO 59203 --- [demo] [main] com.example.demo.DemoApplication         : Starting DemoApplication using Java 17.0.20 with PID 59203 (/home/xnieb/Desktop/parcial-avion/target/classes started by xnieb in /home/xnieb/Desktop/parcial-avion)
2026-09-23 09:57:27.380  INFO 59203 --- [demo] [main] com.example.demo.DemoApplication         : No active profile set, falling back to 1 default profile: "default"
2026-09-23 09:57:28.240  INFO 59203 --- [demo] [main] .s.d.r.c.RepositoryConfigurationDelegate : Bootstrapping Spring Data JPA repositories in DEFAULT mode.
2026-09-23 09:57:28.330  INFO 59203 --- [demo] [main] .s.d.r.c.RepositoryConfigurationDelegate : Finished Spring Data repository scanning in 78 ms. Found 6 JPA repository interfaces.
2026-09-23 09:57:28.846  INFO 59203 --- [demo] [main] o.s.boot.tomcat.TomcatWebServer          : Tomcat initialized with port 8081 (http)
2026-09-23 09:57:28.880  INFO 59203 --- [demo] [main] o.apache.catalina.core.StandardService   : Starting service [Tomcat]
2026-09-23 09:57:28.881  INFO 59203 --- [demo] [main] o.apache.catalina.core.StandardEngine    : Starting Servlet engine: [Apache Tomcat/11.0.18]
2026-09-23 09:57:28.962  INFO 59203 --- [demo] [main] b.w.c.s.WebApplicationContextInitializer : Root WebApplicationContext: initialization completed in 1509 ms
2026-09-23 09:57:29.202  INFO 59203 --- [demo] [main] org.hibernate.orm.jpa                    : HHH008540: Processing PersistenceUnitInfo [name: default]
2026-09-23 09:57:29.286  INFO 59203 --- [demo] [main] org.hibernate.orm.core                   : HHH000001: Hibernate ORM core version 7.2.7.Final
2026-09-23 09:57:29.753  INFO 59203 --- [demo] [main] o.s.o.j.p.SpringPersistenceUnitInfo      : No LoadTimeWeaver setup: ignoring JPA class transformer
2026-09-23 09:57:29.801  INFO 59203 --- [demo] [main] com.zaxxer.hikari.HikariDataSource       : HikariPool-1 - Starting...
2026-09-23 09:57:29.987  INFO 59203 --- [demo] [main] com.zaxxer.hikari.pool.HikariPool        : HikariPool-1 - Added connection conn0: url=jdbc:h2:mem:db-test user=POSTGRES
2026-09-23 09:57:29.989  INFO 59203 --- [demo] [main] com.zaxxer.hikari.HikariDataSource       : HikariPool-1 - Start completed.
2026-09-23 09:57:30.057  INFO 59203 --- [demo] [main] org.hibernate.orm.connections.pooling    : HHH10001005: Database info:
	Database JDBC URL [jdbc:h2:mem:db-test]
	Database driver: H2 JDBC Driver
	Database dialect: H2Dialect
	Database version: 2.4.240
	Default catalog/schema: DB-TEST/PUBLIC
	Autocommit mode: undefined/unknown
	Isolation level: READ_COMMITTED [default READ_COMMITTED]
	JDBC fetch size: 100
	Pool: DataSourceConnectionProvider
	Minimum pool size: undefined/unknown
	Maximum pool size: undefined/unknown
2026-09-23 09:57:31.016  INFO 59203 --- [demo] [main] org.hibernate.orm.core                   : HHH000489: No JTA platform available (set 'hibernate.transaction.jta.platform' to enable JTA platform integration)
2026-09-23 09:57:31.112  INFO 59203 --- [demo] [main] j.LocalContainerEntityManagerFactoryBean : Initialized JPA EntityManagerFactory for persistence unit 'default'
2026-09-23 09:57:31.217  INFO 59203 --- [demo] [main] o.s.d.j.r.query.QueryEnhancerFactories   : Hibernate is in classpath; If applicable, HQL parser will be used.
2026-09-23 09:57:31.479  WARN 59203 --- [demo] [main] JpaBaseConfiguration$JpaWebConfiguration : spring.jpa.open-in-view is enabled by default. Therefore, database queries may be performed during view rendering. Explicitly configure spring.jpa.open-in-view to disable this warning
2026-09-23 09:57:31.842  INFO 59203 --- [demo] [main] o.s.b.h.a.H2ConsoleAutoConfiguration     : H2 console available at '/h2-console'. Database available at 'jdbc:h2:mem:db-test'
2026-09-23 09:57:31.956  INFO 59203 --- [demo] [main] o.s.boot.tomcat.TomcatWebServer          : Tomcat started on port 8081 (http) with context path '/compunet2-2026'
2026-09-23 09:57:31.963  INFO 59203 --- [demo] [main] com.example.demo.DemoApplication         : Started DemoApplication in 5.273 seconds (process running for 5.763)
2026-09-23 09:57:49.448  INFO 59203 --- [demo] [http-nio-8081-exec-1] o.a.c.c.C.[.[.[/compunet2-2026]          : Initializing Spring DispatcherServlet 'dispatcherServlet'
2026-09-23 09:57:49.449  INFO 59203 --- [demo] [http-nio-8081-exec-1] o.s.web.servlet.DispatcherServlet        : Initializing Servlet 'dispatcherServlet'
2026-09-23 09:57:49.451  INFO 59203 --- [demo] [http-nio-8081-exec-1] o.s.web.servlet.DispatcherServlet        : Completed initialization in 2 ms
2026-09-23 09:57:49.976  WARN 59203 --- [demo] [http-nio-8081-exec-1] .w.s.m.s.DefaultHandlerExceptionResolver : Ignoring exception, response committed already: org.springframework.http.converter.HttpMessageNotWritableException: Could not write JSON: Document nesting depth (501) exceeds the maximum allowed (500, from `StreamWriteConstraints.getMaxNestingDepth()`)
2026-09-23 09:57:49.983  WARN 59203 --- [demo] [http-nio-8081-exec-1] .w.s.m.s.DefaultHandlerExceptionResolver : Resolved [org.springframework.http.converter.HttpMessageNotWritableException: Could not write JSON: Document nesting depth (501) exceeds the maximum allowed (500, from `StreamWriteConstraints.getMaxNestingDepth()`)]
2026-09-23 09:57:54.786  WARN 59203 --- [demo] [http-nio-8081-exec-3] .w.s.m.s.DefaultHandlerExceptionResolver : Ignoring exception, response committed already: org.springframework.http.converter.HttpMessageNotWritableException: Could not write JSON: Document nesting depth (501) exceeds the maximum allowed (500, from `StreamWriteConstraints.getMaxNestingDepth()`)
2026-09-23 09:57:54.788  WARN 59203 --- [demo] [http-nio-8081-exec-3] .w.s.m.s.DefaultHandlerExceptionResolver : Resolved [org.springframework.http.converter.HttpMessageNotWritableException: Could not write JSON: Document nesting depth (501) exceeds the maximum allowed (500, from `StreamWriteConstraints.getMaxNestingDepth()`)]
2026-09-23 10:18:55.248  INFO 59203 --- [demo] [SpringApplicationShutdownHook] o.s.boot.tomcat.GracefulShutdown         : Commencing graceful shutdown. Waiting for active requests to complete
2026-09-23 10:18:55.261  INFO 59203 --- [demo] [tomcat-shutdown] o.s.boot.tomcat.GracefulShutdown         : Graceful shutdown complete
2026-09-23 10:18:55.275  INFO 59203 --- [demo] [SpringApplicationShutdownHook] j.LocalContainerEntityManagerFactoryBean : Closing JPA EntityManagerFactory for persistence unit 'default'
2026-09-23 10:18:55.304  INFO 59203 --- [demo] [SpringApplicationShutdownHook] com.zaxxer.hikari.HikariDataSource       : HikariPool-1 - Shutdown initiated...
2026-09-23 10:18:55.310  INFO 59203 --- [demo] [SpringApplicationShutdownHook] com.zaxxer.hikari.HikariDataSource       : HikariPool-1 - Shutdown completed.
2026-09-23 10:19:03.110  INFO 71507 --- [demo] [main] com.example.demo.DemoApplication         : Starting DemoApplication using Java 17.0.20 with PID 71507 (/home/xnieb/Desktop/parcial-avion/target/classes started by xnieb in /home/xnieb/Desktop/parcial-avion)
2026-09-23 10:19:03.116  INFO 71507 --- [demo] [main] com.example.demo.DemoApplication         : No active profile set, falling back to 1 default profile: "default"
2026-09-23 10:19:04.048  INFO 71507 --- [demo] [main] .s.d.r.c.RepositoryConfigurationDelegate : Bootstrapping Spring Data JPA repositories in DEFAULT mode.
2026-09-23 10:19:04.156  INFO 71507 --- [demo] [main] .s.d.r.c.RepositoryConfigurationDelegate : Finished Spring Data repository scanning in 94 ms. Found 6 JPA repository interfaces.
2026-09-23 10:19:04.861  INFO 71507 --- [demo] [main] o.s.boot.tomcat.TomcatWebServer          : Tomcat initialized with port 8081 (http)
2026-09-23 10:19:04.880  INFO 71507 --- [demo] [main] o.apache.catalina.core.StandardService   : Starting service [Tomcat]
2026-09-23 10:19:04.881  INFO 71507 --- [demo] [main] o.apache.catalina.core.StandardEngine    : Starting Servlet engine: [Apache Tomcat/11.0.18]
2026-09-23 10:19:04.952  INFO 71507 --- [demo] [main] b.w.c.s.WebApplicationContextInitializer : Root WebApplicationContext: initialization completed in 1729 ms
2026-09-23 10:19:05.173  INFO 71507 --- [demo] [main] org.hibernate.orm.jpa                    : HHH008540: Processing PersistenceUnitInfo [name: default]
2026-09-23 10:19:05.250  INFO 71507 --- [demo] [main] org.hibernate.orm.core                   : HHH000001: Hibernate ORM core version 7.2.7.Final
2026-09-23 10:19:05.655  INFO 71507 --- [demo] [main] o.s.o.j.p.SpringPersistenceUnitInfo      : No LoadTimeWeaver setup: ignoring JPA class transformer
2026-09-23 10:19:05.707  INFO 71507 --- [demo] [main] com.zaxxer.hikari.HikariDataSource       : HikariPool-1 - Starting...
2026-09-23 10:19:05.897  INFO 71507 --- [demo] [main] com.zaxxer.hikari.pool.HikariPool        : HikariPool-1 - Added connection conn0: url=jdbc:h2:mem:db-test user=POSTGRES
2026-09-23 10:19:05.899  INFO 71507 --- [demo] [main] com.zaxxer.hikari.HikariDataSource       : HikariPool-1 - Start completed.
2026-09-23 10:19:05.968  INFO 71507 --- [demo] [main] org.hibernate.orm.connections.pooling    : HHH10001005: Database info:
	Database JDBC URL [jdbc:h2:mem:db-test]
	Database driver: H2 JDBC Driver
	Database dialect: H2Dialect
	Database version: 2.4.240
	Default catalog/schema: DB-TEST/PUBLIC
	Autocommit mode: undefined/unknown
	Isolation level: READ_COMMITTED [default READ_COMMITTED]
	JDBC fetch size: 100
	Pool: DataSourceConnectionProvider
	Minimum pool size: undefined/unknown
	Maximum pool size: undefined/unknown
2026-09-23 10:19:07.128  INFO 71507 --- [demo] [main] org.hibernate.orm.core                   : HHH000489: No JTA platform available (set 'hibernate.transaction.jta.platform' to enable JTA platform integration)
2026-09-23 10:19:07.236  INFO 71507 --- [demo] [main] j.LocalContainerEntityManagerFactoryBean : Initialized JPA EntityManagerFactory for persistence unit 'default'
2026-09-23 10:19:07.364  INFO 71507 --- [demo] [main] o.s.d.j.r.query.QueryEnhancerFactories   : Hibernate is in classpath; If applicable, HQL parser will be used.
2026-09-23 10:19:07.868  WARN 71507 --- [demo] [main] JpaBaseConfiguration$JpaWebConfiguration : spring.jpa.open-in-view is enabled by default. Therefore, database queries may be performed during view rendering. Explicitly configure spring.jpa.open-in-view to disable this warning
2026-09-23 10:19:08.260  INFO 71507 --- [demo] [main] o.s.b.h.a.H2ConsoleAutoConfiguration     : H2 console available at '/h2-console'. Database available at 'jdbc:h2:mem:db-test'
2026-09-23 10:19:08.414  INFO 71507 --- [demo] [main] o.s.boot.tomcat.TomcatWebServer          : Tomcat started on port 8081 (http) with context path '/compunet2-2026'
2026-09-23 10:19:08.422  INFO 71507 --- [demo] [main] com.example.demo.DemoApplication         : Started DemoApplication in 6.047 seconds (process running for 6.546)
2026-09-23 10:19:24.333  INFO 71507 --- [demo] [http-nio-8081-exec-1] o.a.c.c.C.[.[.[/compunet2-2026]          : Initializing Spring DispatcherServlet 'dispatcherServlet'
2026-09-23 10:19:24.333  INFO 71507 --- [demo] [http-nio-8081-exec-1] o.s.web.servlet.DispatcherServlet        : Initializing Servlet 'dispatcherServlet'
2026-09-23 10:19:24.335  INFO 71507 --- [demo] [http-nio-8081-exec-1] o.s.web.servlet.DispatcherServlet        : Completed initialization in 2 ms
2026-09-23 10:19:25.190  WARN 71507 --- [demo] [http-nio-8081-exec-1] .w.s.m.s.DefaultHandlerExceptionResolver : Ignoring exception, response committed already: org.springframework.http.converter.HttpMessageNotWritableException: Could not write JSON: Document nesting depth (501) exceeds the maximum allowed (500, from `StreamWriteConstraints.getMaxNestingDepth()`)
2026-09-23 10:19:25.197  WARN 71507 --- [demo] [http-nio-8081-exec-1] .w.s.m.s.DefaultHandlerExceptionResolver : Resolved [org.springframework.http.converter.HttpMessageNotWritableException: Could not write JSON: Document nesting depth (501) exceeds the maximum allowed (500, from `StreamWriteConstraints.getMaxNestingDepth()`)]
2026-09-23 10:19:37.583  WARN 71507 --- [demo] [http-nio-8081-exec-3] .w.s.m.s.DefaultHandlerExceptionResolver : Ignoring exception, response committed already: org.springframework.http.converter.HttpMessageNotWritableException: Could not write JSON: Document nesting depth (501) exceeds the maximum allowed (500, from `StreamWriteConstraints.getMaxNestingDepth()`)
2026-09-23 10:19:37.585  WARN 71507 --- [demo] [http-nio-8081-exec-3] .w.s.m.s.DefaultHandlerExceptionResolver : Resolved [org.springframework.http.converter.HttpMessageNotWritableException: Could not write JSON: Document nesting depth (501) exceeds the maximum allowed (500, from `StreamWriteConstraints.getMaxNestingDepth()`)]
2026-09-23 10:24:13.915  INFO 71507 --- [demo] [SpringApplicationShutdownHook] o.s.boot.tomcat.GracefulShutdown         : Commencing graceful shutdown. Waiting for active requests to complete
2026-09-23 10:24:13.925  INFO 71507 --- [demo] [tomcat-shutdown] o.s.boot.tomcat.GracefulShutdown         : Graceful shutdown complete
2026-09-23 10:24:13.934  INFO 71507 --- [demo] [SpringApplicationShutdownHook] j.LocalContainerEntityManagerFactoryBean : Closing JPA EntityManagerFactory for persistence unit 'default'
2026-09-23 10:24:13.947  INFO 71507 --- [demo] [SpringApplicationShutdownHook] com.zaxxer.hikari.HikariDataSource       : HikariPool-1 - Shutdown initiated...
2026-09-23 10:24:13.951  INFO 71507 --- [demo] [SpringApplicationShutdownHook] com.zaxxer.hikari.HikariDataSource       : HikariPool-1 - Shutdown completed.
2026-09-23 10:24:20.644  INFO 74798 --- [demo] [main] com.example.demo.DemoApplication         : Starting DemoApplication using Java 17.0.20 with PID 74798 (/home/xnieb/Desktop/parcial-avion/target/classes started by xnieb in /home/xnieb/Desktop/parcial-avion)
2026-09-23 10:24:20.648  INFO 74798 --- [demo] [main] com.example.demo.DemoApplication         : No active profile set, falling back to 1 default profile: "default"
2026-09-23 10:24:21.368  INFO 74798 --- [demo] [main] .s.d.r.c.RepositoryConfigurationDelegate : Bootstrapping Spring Data JPA repositories in DEFAULT mode.
2026-09-23 10:24:21.459  INFO 74798 --- [demo] [main] .s.d.r.c.RepositoryConfigurationDelegate : Finished Spring Data repository scanning in 81 ms. Found 6 JPA repository interfaces.
2026-09-23 10:24:22.021  INFO 74798 --- [demo] [main] o.s.boot.tomcat.TomcatWebServer          : Tomcat initialized with port 8081 (http)
2026-09-23 10:24:22.037  INFO 74798 --- [demo] [main] o.apache.catalina.core.StandardService   : Starting service [Tomcat]
2026-09-23 10:24:22.037  INFO 74798 --- [demo] [main] o.apache.catalina.core.StandardEngine    : Starting Servlet engine: [Apache Tomcat/11.0.18]
2026-09-23 10:24:22.111  INFO 74798 --- [demo] [main] b.w.c.s.WebApplicationContextInitializer : Root WebApplicationContext: initialization completed in 1401 ms
2026-09-23 10:24:22.292  INFO 74798 --- [demo] [main] org.hibernate.orm.jpa                    : HHH008540: Processing PersistenceUnitInfo [name: default]
2026-09-23 10:24:22.365  INFO 74798 --- [demo] [main] org.hibernate.orm.core                   : HHH000001: Hibernate ORM core version 7.2.7.Final
2026-09-23 10:24:22.817  INFO 74798 --- [demo] [main] o.s.o.j.p.SpringPersistenceUnitInfo      : No LoadTimeWeaver setup: ignoring JPA class transformer
2026-09-23 10:24:22.869  INFO 74798 --- [demo] [main] com.zaxxer.hikari.HikariDataSource       : HikariPool-1 - Starting...
2026-09-23 10:24:23.077  INFO 74798 --- [demo] [main] com.zaxxer.hikari.pool.HikariPool        : HikariPool-1 - Added connection conn0: url=jdbc:h2:mem:db-test user=POSTGRES
2026-09-23 10:24:23.079  INFO 74798 --- [demo] [main] com.zaxxer.hikari.HikariDataSource       : HikariPool-1 - Start completed.
2026-09-23 10:24:23.166  INFO 74798 --- [demo] [main] org.hibernate.orm.connections.pooling    : HHH10001005: Database info:
	Database JDBC URL [jdbc:h2:mem:db-test]
	Database driver: H2 JDBC Driver
	Database dialect: H2Dialect
	Database version: 2.4.240
	Default catalog/schema: DB-TEST/PUBLIC
	Autocommit mode: undefined/unknown
	Isolation level: READ_COMMITTED [default READ_COMMITTED]
	JDBC fetch size: 100
	Pool: DataSourceConnectionProvider
	Minimum pool size: undefined/unknown
	Maximum pool size: undefined/unknown
2026-09-23 10:24:24.235  INFO 74798 --- [demo] [main] org.hibernate.orm.core                   : HHH000489: No JTA platform available (set 'hibernate.transaction.jta.platform' to enable JTA platform integration)
2026-09-23 10:24:24.336  INFO 74798 --- [demo] [main] j.LocalContainerEntityManagerFactoryBean : Initialized JPA EntityManagerFactory for persistence unit 'default'
2026-09-23 10:24:24.427  INFO 74798 --- [demo] [main] o.s.d.j.r.query.QueryEnhancerFactories   : Hibernate is in classpath; If applicable, HQL parser will be used.
2026-09-23 10:24:24.735  WARN 74798 --- [demo] [main] JpaBaseConfiguration$JpaWebConfiguration : spring.jpa.open-in-view is enabled by default. Therefore, database queries may be performed during view rendering. Explicitly configure spring.jpa.open-in-view to disable this warning
2026-09-23 10:24:25.128  INFO 74798 --- [demo] [main] o.s.b.h.a.H2ConsoleAutoConfiguration     : H2 console available at '/h2-console'. Database available at 'jdbc:h2:mem:db-test'
2026-09-23 10:24:25.240  INFO 74798 --- [demo] [main] o.s.boot.tomcat.TomcatWebServer          : Tomcat started on port 8081 (http) with context path '/compunet2-2026'
2026-09-23 10:24:25.247  INFO 74798 --- [demo] [main] com.example.demo.DemoApplication         : Started DemoApplication in 5.153 seconds (process running for 5.555)
2026-09-23 10:24:30.226  INFO 74798 --- [demo] [http-nio-8081-exec-1] o.a.c.c.C.[.[.[/compunet2-2026]          : Initializing Spring DispatcherServlet 'dispatcherServlet'
2026-09-23 10:24:30.227  INFO 74798 --- [demo] [http-nio-8081-exec-1] o.s.web.servlet.DispatcherServlet        : Initializing Servlet 'dispatcherServlet'
2026-09-23 10:24:30.230  INFO 74798 --- [demo] [http-nio-8081-exec-1] o.s.web.servlet.DispatcherServlet        : Completed initialization in 2 ms
2026-09-23 10:24:31.014  WARN 74798 --- [demo] [http-nio-8081-exec-1] .w.s.m.s.DefaultHandlerExceptionResolver : Ignoring exception, response committed already: org.springframework.http.converter.HttpMessageNotWritableException: Could not write JSON: Document nesting depth (501) exceeds the maximum allowed (500, from `StreamWriteConstraints.getMaxNestingDepth()`)
2026-09-23 10:24:31.017  WARN 74798 --- [demo] [http-nio-8081-exec-1] .w.s.m.s.DefaultHandlerExceptionResolver : Resolved [org.springframework.http.converter.HttpMessageNotWritableException: Could not write JSON: Document nesting depth (501) exceeds the maximum allowed (500, from `StreamWriteConstraints.getMaxNestingDepth()`)]
2026-09-23 10:36:29.470  INFO 74798 --- [demo] [SpringApplicationShutdownHook] o.s.boot.tomcat.GracefulShutdown         : Commencing graceful shutdown. Waiting for active requests to complete
2026-09-23 10:36:29.479  INFO 74798 --- [demo] [tomcat-shutdown] o.s.boot.tomcat.GracefulShutdown         : Graceful shutdown complete
2026-09-23 10:36:29.488  INFO 74798 --- [demo] [SpringApplicationShutdownHook] j.LocalContainerEntityManagerFactoryBean : Closing JPA EntityManagerFactory for persistence unit 'default'
2026-09-23 10:36:29.505  INFO 74798 --- [demo] [SpringApplicationShutdownHook] com.zaxxer.hikari.HikariDataSource       : HikariPool-1 - Shutdown initiated...
2026-09-23 10:36:29.510  INFO 74798 --- [demo] [SpringApplicationShutdownHook] com.zaxxer.hikari.HikariDataSource       : HikariPool-1 - Shutdown completed.
2026-09-23 10:36:41.079  INFO 81883 --- [demo] [main] com.example.demo.DemoApplication         : Starting DemoApplication using Java 17.0.20 with PID 81883 (/home/xnieb/Desktop/parcial-avion/target/classes started by xnieb in /home/xnieb/Desktop/parcial-avion)
2026-09-23 10:36:41.083  INFO 81883 --- [demo] [main] com.example.demo.DemoApplication         : No active profile set, falling back to 1 default profile: "default"
2026-09-23 10:36:41.759  INFO 81883 --- [demo] [main] .s.d.r.c.RepositoryConfigurationDelegate : Bootstrapping Spring Data JPA repositories in DEFAULT mode.
2026-09-23 10:36:41.856  INFO 81883 --- [demo] [main] .s.d.r.c.RepositoryConfigurationDelegate : Finished Spring Data repository scanning in 84 ms. Found 6 JPA repository interfaces.
2026-09-23 10:36:42.305  INFO 81883 --- [demo] [main] o.s.boot.tomcat.TomcatWebServer          : Tomcat initialized with port 8081 (http)
2026-09-23 10:36:42.317  INFO 81883 --- [demo] [main] o.apache.catalina.core.StandardService   : Starting service [Tomcat]
2026-09-23 10:36:42.318  INFO 81883 --- [demo] [main] o.apache.catalina.core.StandardEngine    : Starting Servlet engine: [Apache Tomcat/11.0.18]
2026-09-23 10:36:42.385  INFO 81883 --- [demo] [main] b.w.c.s.WebApplicationContextInitializer : Root WebApplicationContext: initialization completed in 1238 ms
2026-09-23 10:36:42.563  INFO 81883 --- [demo] [main] org.hibernate.orm.jpa                    : HHH008540: Processing PersistenceUnitInfo [name: default]
2026-09-23 10:36:42.636  INFO 81883 --- [demo] [main] org.hibernate.orm.core                   : HHH000001: Hibernate ORM core version 7.2.7.Final
2026-09-23 10:36:43.037  INFO 81883 --- [demo] [main] o.s.o.j.p.SpringPersistenceUnitInfo      : No LoadTimeWeaver setup: ignoring JPA class transformer
2026-09-23 10:36:43.094  INFO 81883 --- [demo] [main] com.zaxxer.hikari.HikariDataSource       : HikariPool-1 - Starting...
2026-09-23 10:36:43.271  INFO 81883 --- [demo] [main] com.zaxxer.hikari.pool.HikariPool        : HikariPool-1 - Added connection conn0: url=jdbc:h2:mem:db-test user=POSTGRES
2026-09-23 10:36:43.273  INFO 81883 --- [demo] [main] com.zaxxer.hikari.HikariDataSource       : HikariPool-1 - Start completed.
2026-09-23 10:36:43.358  INFO 81883 --- [demo] [main] org.hibernate.orm.connections.pooling    : HHH10001005: Database info:
	Database JDBC URL [jdbc:h2:mem:db-test]
	Database driver: H2 JDBC Driver
	Database dialect: H2Dialect
	Database version: 2.4.240
	Default catalog/schema: DB-TEST/PUBLIC
	Autocommit mode: undefined/unknown
	Isolation level: READ_COMMITTED [default READ_COMMITTED]
	JDBC fetch size: 100
	Pool: DataSourceConnectionProvider
	Minimum pool size: undefined/unknown
	Maximum pool size: undefined/unknown
2026-09-23 10:36:44.329  INFO 81883 --- [demo] [main] org.hibernate.orm.core                   : HHH000489: No JTA platform available (set 'hibernate.transaction.jta.platform' to enable JTA platform integration)
2026-09-23 10:36:44.408  INFO 81883 --- [demo] [main] j.LocalContainerEntityManagerFactoryBean : Initialized JPA EntityManagerFactory for persistence unit 'default'
2026-09-23 10:36:44.489  INFO 81883 --- [demo] [main] o.s.d.j.r.query.QueryEnhancerFactories   : Hibernate is in classpath; If applicable, HQL parser will be used.
2026-09-23 10:36:44.764  WARN 81883 --- [demo] [main] JpaBaseConfiguration$JpaWebConfiguration : spring.jpa.open-in-view is enabled by default. Therefore, database queries may be performed during view rendering. Explicitly configure spring.jpa.open-in-view to disable this warning
2026-09-23 10:36:45.028  INFO 81883 --- [demo] [main] o.s.b.h.a.H2ConsoleAutoConfiguration     : H2 console available at '/h2-console'. Database available at 'jdbc:h2:mem:db-test'
2026-09-23 10:36:45.130  INFO 81883 --- [demo] [main] o.s.boot.tomcat.TomcatWebServer          : Tomcat started on port 8081 (http) with context path '/compunet2-2026'
2026-09-23 10:36:45.136  INFO 81883 --- [demo] [main] com.example.demo.DemoApplication         : Started DemoApplication in 4.679 seconds (process running for 5.04)
2026-09-23 10:36:53.506  INFO 81883 --- [demo] [http-nio-8081-exec-1] o.a.c.c.C.[.[.[/compunet2-2026]          : Initializing Spring DispatcherServlet 'dispatcherServlet'
2026-09-23 10:36:53.507  INFO 81883 --- [demo] [http-nio-8081-exec-1] o.s.web.servlet.DispatcherServlet        : Initializing Servlet 'dispatcherServlet'
2026-09-23 10:36:53.509  INFO 81883 --- [demo] [http-nio-8081-exec-1] o.s.web.servlet.DispatcherServlet        : Completed initialization in 2 ms
2026-09-23 10:36:54.282  WARN 81883 --- [demo] [http-nio-8081-exec-1] .w.s.m.s.DefaultHandlerExceptionResolver : Ignoring exception, response committed already: org.springframework.http.converter.HttpMessageNotWritableException: Could not write JSON: Document nesting depth (501) exceeds the maximum allowed (500, from `StreamWriteConstraints.getMaxNestingDepth()`)
2026-09-23 10:36:54.286  WARN 81883 --- [demo] [http-nio-8081-exec-1] .w.s.m.s.DefaultHandlerExceptionResolver : Resolved [org.springframework.http.converter.HttpMessageNotWritableException: Could not write JSON: Document nesting depth (501) exceeds the maximum allowed (500, from `StreamWriteConstraints.getMaxNestingDepth()`)]
2026-09-23 10:38:53.029  INFO 81883 --- [demo] [SpringApplicationShutdownHook] o.s.boot.tomcat.GracefulShutdown         : Commencing graceful shutdown. Waiting for active requests to complete
2026-09-23 10:38:53.037  INFO 81883 --- [demo] [tomcat-shutdown] o.s.boot.tomcat.GracefulShutdown         : Graceful shutdown complete
2026-09-23 10:38:53.045  INFO 81883 --- [demo] [SpringApplicationShutdownHook] j.LocalContainerEntityManagerFactoryBean : Closing JPA EntityManagerFactory for persistence unit 'default'
2026-09-23 10:38:53.058  INFO 81883 --- [demo] [SpringApplicationShutdownHook] com.zaxxer.hikari.HikariDataSource       : HikariPool-1 - Shutdown initiated...
2026-09-23 10:38:53.062  INFO 81883 --- [demo] [SpringApplicationShutdownHook] com.zaxxer.hikari.HikariDataSource       : HikariPool-1 - Shutdown completed.
2026-09-23 10:39:24.668  INFO 83753 --- [demo] [main] com.example.demo.DemoApplication         : Starting DemoApplication using Java 17.0.20 with PID 83753 (/home/xnieb/Desktop/parcial-avion/target/classes started by xnieb in /home/xnieb/Desktop/parcial-avion)
2026-09-23 10:39:24.672  INFO 83753 --- [demo] [main] com.example.demo.DemoApplication         : No active profile set, falling back to 1 default profile: "default"
2026-09-23 10:39:25.485  INFO 83753 --- [demo] [main] .s.d.r.c.RepositoryConfigurationDelegate : Bootstrapping Spring Data JPA repositories in DEFAULT mode.
2026-09-23 10:39:25.578  INFO 83753 --- [demo] [main] .s.d.r.c.RepositoryConfigurationDelegate : Finished Spring Data repository scanning in 75 ms. Found 6 JPA repository interfaces.
2026-09-23 10:39:26.020  INFO 83753 --- [demo] [main] o.s.boot.tomcat.TomcatWebServer          : Tomcat initialized with port 8081 (http)
2026-09-23 10:39:26.034  INFO 83753 --- [demo] [main] o.apache.catalina.core.StandardService   : Starting service [Tomcat]
2026-09-23 10:39:26.034  INFO 83753 --- [demo] [main] o.apache.catalina.core.StandardEngine    : Starting Servlet engine: [Apache Tomcat/11.0.18]
2026-09-23 10:39:26.095  INFO 83753 --- [demo] [main] b.w.c.s.WebApplicationContextInitializer : Root WebApplicationContext: initialization completed in 1349 ms
2026-09-23 10:39:26.290  INFO 83753 --- [demo] [main] org.hibernate.orm.jpa                    : HHH008540: Processing PersistenceUnitInfo [name: default]
2026-09-23 10:39:26.358  INFO 83753 --- [demo] [main] org.hibernate.orm.core                   : HHH000001: Hibernate ORM core version 7.2.7.Final
2026-09-23 10:39:26.778  INFO 83753 --- [demo] [main] o.s.o.j.p.SpringPersistenceUnitInfo      : No LoadTimeWeaver setup: ignoring JPA class transformer
2026-09-23 10:39:26.840  INFO 83753 --- [demo] [main] com.zaxxer.hikari.HikariDataSource       : HikariPool-1 - Starting...
2026-09-23 10:39:27.034  INFO 83753 --- [demo] [main] com.zaxxer.hikari.pool.HikariPool        : HikariPool-1 - Added connection conn0: url=jdbc:h2:mem:db-test user=POSTGRES
2026-09-23 10:39:27.036  INFO 83753 --- [demo] [main] com.zaxxer.hikari.HikariDataSource       : HikariPool-1 - Start completed.
2026-09-23 10:39:27.097  INFO 83753 --- [demo] [main] org.hibernate.orm.connections.pooling    : HHH10001005: Database info:
	Database JDBC URL [jdbc:h2:mem:db-test]
	Database driver: H2 JDBC Driver
	Database dialect: H2Dialect
	Database version: 2.4.240
	Default catalog/schema: DB-TEST/PUBLIC
	Autocommit mode: undefined/unknown
	Isolation level: READ_COMMITTED [default READ_COMMITTED]
	JDBC fetch size: 100
	Pool: DataSourceConnectionProvider
	Minimum pool size: undefined/unknown
	Maximum pool size: undefined/unknown
2026-09-23 10:39:28.102  INFO 83753 --- [demo] [main] org.hibernate.orm.core                   : HHH000489: No JTA platform available (set 'hibernate.transaction.jta.platform' to enable JTA platform integration)
2026-09-23 10:39:28.197  INFO 83753 --- [demo] [main] j.LocalContainerEntityManagerFactoryBean : Initialized JPA EntityManagerFactory for persistence unit 'default'
2026-09-23 10:39:28.288  INFO 83753 --- [demo] [main] o.s.d.j.r.query.QueryEnhancerFactories   : Hibernate is in classpath; If applicable, HQL parser will be used.
2026-09-23 10:39:28.731  WARN 83753 --- [demo] [main] JpaBaseConfiguration$JpaWebConfiguration : spring.jpa.open-in-view is enabled by default. Therefore, database queries may be performed during view rendering. Explicitly configure spring.jpa.open-in-view to disable this warning
2026-09-23 10:39:29.026  INFO 83753 --- [demo] [main] o.s.b.h.a.H2ConsoleAutoConfiguration     : H2 console available at '/h2-console'. Database available at 'jdbc:h2:mem:db-test'
2026-09-23 10:39:29.132  INFO 83753 --- [demo] [main] o.s.boot.tomcat.TomcatWebServer          : Tomcat started on port 8081 (http) with context path '/compunet2-2026'
2026-09-23 10:39:29.138  INFO 83753 --- [demo] [main] com.example.demo.DemoApplication         : Started DemoApplication in 5.03 seconds (process running for 5.525)
2026-09-23 10:39:56.321  INFO 83753 --- [demo] [http-nio-8081-exec-1] o.a.c.c.C.[.[.[/compunet2-2026]          : Initializing Spring DispatcherServlet 'dispatcherServlet'
2026-09-23 10:39:56.322  INFO 83753 --- [demo] [http-nio-8081-exec-1] o.s.web.servlet.DispatcherServlet        : Initializing Servlet 'dispatcherServlet'
2026-09-23 10:39:56.324  INFO 83753 --- [demo] [http-nio-8081-exec-1] o.s.web.servlet.DispatcherServlet        : Completed initialization in 2 ms
2026-09-23 10:39:57.329  WARN 83753 --- [demo] [http-nio-8081-exec-1] .w.s.m.s.DefaultHandlerExceptionResolver : Ignoring exception, response committed already: org.springframework.http.converter.HttpMessageNotWritableException: Could not write JSON: Document nesting depth (501) exceeds the maximum allowed (500, from `StreamWriteConstraints.getMaxNestingDepth()`)
2026-09-23 10:39:57.335  WARN 83753 --- [demo] [http-nio-8081-exec-1] .w.s.m.s.DefaultHandlerExceptionResolver : Resolved [org.springframework.http.converter.HttpMessageNotWritableException: Could not write JSON: Document nesting depth (501) exceeds the maximum allowed (500, from `StreamWriteConstraints.getMaxNestingDepth()`)]
2026-09-23 10:45:51.781  INFO 83753 --- [demo] [SpringApplicationShutdownHook] o.s.boot.tomcat.GracefulShutdown         : Commencing graceful shutdown. Waiting for active requests to complete
2026-09-23 10:45:51.790  INFO 83753 --- [demo] [tomcat-shutdown] o.s.boot.tomcat.GracefulShutdown         : Graceful shutdown complete
2026-09-23 10:45:51.800  INFO 83753 --- [demo] [SpringApplicationShutdownHook] j.LocalContainerEntityManagerFactoryBean : Closing JPA EntityManagerFactory for persistence unit 'default'
2026-09-23 10:45:51.825  INFO 83753 --- [demo] [SpringApplicationShutdownHook] com.zaxxer.hikari.HikariDataSource       : HikariPool-1 - Shutdown initiated...
2026-09-23 10:45:51.830  INFO 83753 --- [demo] [SpringApplicationShutdownHook] com.zaxxer.hikari.HikariDataSource       : HikariPool-1 - Shutdown completed.
2026-09-23 10:45:57.649  INFO 87417 --- [demo] [main] com.example.demo.DemoApplication         : Starting DemoApplication using Java 17.0.20 with PID 87417 (/home/xnieb/Desktop/parcial-avion/target/classes started by xnieb in /home/xnieb/Desktop/parcial-avion)
2026-09-23 10:45:57.653  INFO 87417 --- [demo] [main] com.example.demo.DemoApplication         : No active profile set, falling back to 1 default profile: "default"
2026-09-23 10:45:58.327  INFO 87417 --- [demo] [main] .s.d.r.c.RepositoryConfigurationDelegate : Bootstrapping Spring Data JPA repositories in DEFAULT mode.
2026-09-23 10:45:58.411  INFO 87417 --- [demo] [main] .s.d.r.c.RepositoryConfigurationDelegate : Finished Spring Data repository scanning in 74 ms. Found 6 JPA repository interfaces.
2026-09-23 10:45:58.933  INFO 87417 --- [demo] [main] o.s.boot.tomcat.TomcatWebServer          : Tomcat initialized with port 8081 (http)
2026-09-23 10:45:58.946  INFO 87417 --- [demo] [main] o.apache.catalina.core.StandardService   : Starting service [Tomcat]
2026-09-23 10:45:58.947  INFO 87417 --- [demo] [main] o.apache.catalina.core.StandardEngine    : Starting Servlet engine: [Apache Tomcat/11.0.18]
2026-09-23 10:45:59.012  INFO 87417 --- [demo] [main] b.w.c.s.WebApplicationContextInitializer : Root WebApplicationContext: initialization completed in 1295 ms
2026-09-23 10:45:59.189  INFO 87417 --- [demo] [main] org.hibernate.orm.jpa                    : HHH008540: Processing PersistenceUnitInfo [name: default]
2026-09-23 10:45:59.262  INFO 87417 --- [demo] [main] org.hibernate.orm.core                   : HHH000001: Hibernate ORM core version 7.2.7.Final
2026-09-23 10:45:59.684  INFO 87417 --- [demo] [main] o.s.o.j.p.SpringPersistenceUnitInfo      : No LoadTimeWeaver setup: ignoring JPA class transformer
2026-09-23 10:45:59.735  INFO 87417 --- [demo] [main] com.zaxxer.hikari.HikariDataSource       : HikariPool-1 - Starting...
2026-09-23 10:45:59.938  INFO 87417 --- [demo] [main] com.zaxxer.hikari.pool.HikariPool        : HikariPool-1 - Added connection conn0: url=jdbc:h2:mem:db-test user=POSTGRES
2026-09-23 10:45:59.940  INFO 87417 --- [demo] [main] com.zaxxer.hikari.HikariDataSource       : HikariPool-1 - Start completed.
2026-09-23 10:46:00.014  INFO 87417 --- [demo] [main] org.hibernate.orm.connections.pooling    : HHH10001005: Database info:
	Database JDBC URL [jdbc:h2:mem:db-test]
	Database driver: H2 JDBC Driver
	Database dialect: H2Dialect
	Database version: 2.4.240
	Default catalog/schema: DB-TEST/PUBLIC
	Autocommit mode: undefined/unknown
	Isolation level: READ_COMMITTED [default READ_COMMITTED]
	JDBC fetch size: 100
	Pool: DataSourceConnectionProvider
	Minimum pool size: undefined/unknown
	Maximum pool size: undefined/unknown
2026-09-23 10:46:00.967  INFO 87417 --- [demo] [main] org.hibernate.orm.core                   : HHH000489: No JTA platform available (set 'hibernate.transaction.jta.platform' to enable JTA platform integration)
2026-09-23 10:46:01.053  INFO 87417 --- [demo] [main] j.LocalContainerEntityManagerFactoryBean : Initialized JPA EntityManagerFactory for persistence unit 'default'
2026-09-23 10:46:01.139  INFO 87417 --- [demo] [main] o.s.d.j.r.query.QueryEnhancerFactories   : Hibernate is in classpath; If applicable, HQL parser will be used.
2026-09-23 10:46:01.445  WARN 87417 --- [demo] [main] JpaBaseConfiguration$JpaWebConfiguration : spring.jpa.open-in-view is enabled by default. Therefore, database queries may be performed during view rendering. Explicitly configure spring.jpa.open-in-view to disable this warning
2026-09-23 10:46:01.725  INFO 87417 --- [demo] [main] o.s.b.h.a.H2ConsoleAutoConfiguration     : H2 console available at '/h2-console'. Database available at 'jdbc:h2:mem:db-test'
2026-09-23 10:46:01.869  INFO 87417 --- [demo] [main] o.s.boot.tomcat.TomcatWebServer          : Tomcat started on port 8081 (http) with context path '/compunet2-2026'
2026-09-23 10:46:01.877  INFO 87417 --- [demo] [main] com.example.demo.DemoApplication         : Started DemoApplication in 4.755 seconds (process running for 5.21)
2026-09-23 10:46:07.108  INFO 87417 --- [demo] [http-nio-8081-exec-1] o.a.c.c.C.[.[.[/compunet2-2026]          : Initializing Spring DispatcherServlet 'dispatcherServlet'
2026-09-23 10:46:07.109  INFO 87417 --- [demo] [http-nio-8081-exec-1] o.s.web.servlet.DispatcherServlet        : Initializing Servlet 'dispatcherServlet'
2026-09-23 10:46:07.111  INFO 87417 --- [demo] [http-nio-8081-exec-1] o.s.web.servlet.DispatcherServlet        : Completed initialization in 2 ms
2026-09-23 10:46:07.158 ERROR 87417 --- [demo] [http-nio-8081-exec-1] o.a.c.c.C.[.[.[.[dispatcherServlet]      : Servlet.service() for servlet [dispatcherServlet] in context with path [/compunet2-2026] threw exception [Handler dispatch failed: java.lang.Error: Unresolved compilation problem: 
	The method findByAirplanes_Flights_OriginAirport_NameAndAirplanes_Flights_destinationAirport_Name(String, String) is undefined for the type IAirlineRepository
] with root cause

java.lang.Error: Unresolved compilation problem: 
	The method findByAirplanes_Flights_OriginAirport_NameAndAirplanes_Flights_destinationAirport_Name(String, String) is undefined for the type IAirlineRepository

	at com.example.demo.controller.AirlineController.consulta1(AirlineController.java:27) ~[classes/:na]
	at java.base/jdk.internal.reflect.NativeMethodAccessorImpl.invoke0(Native Method) ~[na:na]
	at java.base/jdk.internal.reflect.NativeMethodAccessorImpl.invoke(NativeMethodAccessorImpl.java:77) ~[na:na]
	at java.base/jdk.internal.reflect.DelegatingMethodAccessorImpl.invoke(DelegatingMethodAccessorImpl.java:43) ~[na:na]
	at java.base/java.lang.reflect.Method.invoke(Method.java:569) ~[na:na]
	at org.springframework.web.method.support.InvocableHandlerMethod.doInvoke(InvocableHandlerMethod.java:252) ~[spring-web-7.0.6.jar:7.0.6]
	at org.springframework.web.method.support.InvocableHandlerMethod.invokeForRequest(InvocableHandlerMethod.java:184) ~[spring-web-7.0.6.jar:7.0.6]
	at org.springframework.web.servlet.mvc.method.annotation.ServletInvocableHandlerMethod.invokeAndHandle(ServletInvocableHandlerMethod.java:117) ~[spring-webmvc-7.0.6.jar:7.0.6]
	at org.springframework.web.servlet.mvc.method.annotation.RequestMappingHandlerAdapter.invokeHandlerMethod(RequestMappingHandlerAdapter.java:934) ~[spring-webmvc-7.0.6.jar:7.0.6]
	at org.springframework.web.servlet.mvc.method.annotation.RequestMappingHandlerAdapter.handleInternal(RequestMappingHandlerAdapter.java:853) ~[spring-webmvc-7.0.6.jar:7.0.6]
	at org.springframework.web.servlet.mvc.method.AbstractHandlerMethodAdapter.handle(AbstractHandlerMethodAdapter.java:86) ~[spring-webmvc-7.0.6.jar:7.0.6]
	at org.springframework.web.servlet.DispatcherServlet.doDispatch(DispatcherServlet.java:963) ~[spring-webmvc-7.0.6.jar:7.0.6]
	at org.springframework.web.servlet.DispatcherServlet.doService(DispatcherServlet.java:866) ~[spring-webmvc-7.0.6.jar:7.0.6]
	at org.springframework.web.servlet.FrameworkServlet.processRequest(FrameworkServlet.java:1000) ~[spring-webmvc-7.0.6.jar:7.0.6]
	at org.springframework.web.servlet.FrameworkServlet.doGet(FrameworkServlet.java:892) ~[spring-webmvc-7.0.6.jar:7.0.6]
	at jakarta.servlet.http.HttpServlet.service(HttpServlet.java:633) ~[jakarta.servlet-api-6.1.0.jar:6.1.0]
	at org.springframework.web.servlet.FrameworkServlet.service(FrameworkServlet.java:874) ~[spring-webmvc-7.0.6.jar:7.0.6]
	at jakarta.servlet.http.HttpServlet.service(HttpServlet.java:723) ~[jakarta.servlet-api-6.1.0.jar:6.1.0]
	at org.apache.catalina.core.ApplicationFilterChain.doFilter(ApplicationFilterChain.java:128) ~[tomcat-embed-core-11.0.18.jar:11.0.18]
	at org.apache.tomcat.websocket.server.WsFilter.doFilter(WsFilter.java:53) ~[tomcat-embed-websocket-11.0.18.jar:11.0.18]
	at org.apache.catalina.core.ApplicationFilterChain.doFilter(ApplicationFilterChain.java:107) ~[tomcat-embed-core-11.0.18.jar:11.0.18]
	at org.springframework.web.filter.RequestContextFilter.doFilterInternal(RequestContextFilter.java:100) ~[spring-web-7.0.6.jar:7.0.6]
	at org.springframework.web.filter.OncePerRequestFilter.doFilter(OncePerRequestFilter.java:116) ~[spring-web-7.0.6.jar:7.0.6]
	at org.apache.catalina.core.ApplicationFilterChain.doFilter(ApplicationFilterChain.java:107) ~[tomcat-embed-core-11.0.18.jar:11.0.18]
	at org.springframework.web.filter.FormContentFilter.doFilterInternal(FormContentFilter.java:93) ~[spring-web-7.0.6.jar:7.0.6]
	at org.springframework.web.filter.OncePerRequestFilter.doFilter(OncePerRequestFilter.java:116) ~[spring-web-7.0.6.jar:7.0.6]
	at org.apache.catalina.core.ApplicationFilterChain.doFilter(ApplicationFilterChain.java:107) ~[tomcat-embed-core-11.0.18.jar:11.0.18]
	at org.springframework.web.filter.CharacterEncodingFilter.doFilterInternal(CharacterEncodingFilter.java:199) ~[spring-web-7.0.6.jar:7.0.6]
	at org.springframework.web.filter.OncePerRequestFilter.doFilter(OncePerRequestFilter.java:116) ~[spring-web-7.0.6.jar:7.0.6]
	at org.apache.catalina.core.ApplicationFilterChain.doFilter(ApplicationFilterChain.java:107) ~[tomcat-embed-core-11.0.18.jar:11.0.18]
	at org.apache.catalina.core.StandardWrapperValve.invoke(StandardWrapperValve.java:165) ~[tomcat-embed-core-11.0.18.jar:11.0.18]
	at org.apache.catalina.core.StandardContextValve.invoke(StandardContextValve.java:77) ~[tomcat-embed-core-11.0.18.jar:11.0.18]
	at org.apache.catalina.authenticator.AuthenticatorBase.invoke(AuthenticatorBase.java:492) ~[tomcat-embed-core-11.0.18.jar:11.0.18]
	at org.apache.catalina.core.StandardHostValve.invoke(StandardHostValve.java:113) ~[tomcat-embed-core-11.0.18.jar:11.0.18]
	at org.apache.catalina.valves.ErrorReportValve.invoke(ErrorReportValve.java:83) ~[tomcat-embed-core-11.0.18.jar:11.0.18]
	at org.apache.catalina.core.StandardEngineValve.invoke(StandardEngineValve.java:72) ~[tomcat-embed-core-11.0.18.jar:11.0.18]
	at org.apache.catalina.connector.CoyoteAdapter.service(CoyoteAdapter.java:341) ~[tomcat-embed-core-11.0.18.jar:11.0.18]
	at org.apache.coyote.http11.Http11Processor.service(Http11Processor.java:397) ~[tomcat-embed-core-11.0.18.jar:11.0.18]
	at org.apache.coyote.AbstractProcessorLight.process(AbstractProcessorLight.java:63) ~[tomcat-embed-core-11.0.18.jar:11.0.18]
	at org.apache.coyote.AbstractProtocol$ConnectionHandler.process(AbstractProtocol.java:903) ~[tomcat-embed-core-11.0.18.jar:11.0.18]
	at org.apache.tomcat.util.net.NioEndpoint$SocketProcessor.doRun(NioEndpoint.java:1779) ~[tomcat-embed-core-11.0.18.jar:11.0.18]
	at org.apache.tomcat.util.net.SocketProcessorBase.run(SocketProcessorBase.java:52) ~[tomcat-embed-core-11.0.18.jar:11.0.18]
	at org.apache.tomcat.util.threads.ThreadPoolExecutor.runWorker(ThreadPoolExecutor.java:946) ~[tomcat-embed-core-11.0.18.jar:11.0.18]
	at org.apache.tomcat.util.threads.ThreadPoolExecutor$Worker.run(ThreadPoolExecutor.java:480) ~[tomcat-embed-core-11.0.18.jar:11.0.18]
	at org.apache.tomcat.util.threads.TaskThread$WrappingRunnable.run(TaskThread.java:57) ~[tomcat-embed-core-11.0.18.jar:11.0.18]
	at java.base/java.lang.Thread.run(Thread.java:840) ~[na:na]

2026-09-23 10:46:09.486 ERROR 87417 --- [demo] [http-nio-8081-exec-2] o.a.c.c.C.[.[.[.[dispatcherServlet]      : Servlet.service() for servlet [dispatcherServlet] in context with path [/compunet2-2026] threw exception [Handler dispatch failed: java.lang.Error: Unresolved compilation problem: 
	The method findByAirplanes_Flights_OriginAirport_NameAndAirplanes_Flights_destinationAirport_Name(String, String) is undefined for the type IAirlineRepository
] with root cause

java.lang.Error: Unresolved compilation problem: 
	The method findByAirplanes_Flights_OriginAirport_NameAndAirplanes_Flights_destinationAirport_Name(String, String) is undefined for the type IAirlineRepository

	at com.example.demo.controller.AirlineController.consulta1(AirlineController.java:27) ~[classes/:na]
	at java.base/jdk.internal.reflect.NativeMethodAccessorImpl.invoke0(Native Method) ~[na:na]
	at java.base/jdk.internal.reflect.NativeMethodAccessorImpl.invoke(NativeMethodAccessorImpl.java:77) ~[na:na]
	at java.base/jdk.internal.reflect.DelegatingMethodAccessorImpl.invoke(DelegatingMethodAccessorImpl.java:43) ~[na:na]
	at java.base/java.lang.reflect.Method.invoke(Method.java:569) ~[na:na]
	at org.springframework.web.method.support.InvocableHandlerMethod.doInvoke(InvocableHandlerMethod.java:252) ~[spring-web-7.0.6.jar:7.0.6]
	at org.springframework.web.method.support.InvocableHandlerMethod.invokeForRequest(InvocableHandlerMethod.java:184) ~[spring-web-7.0.6.jar:7.0.6]
	at org.springframework.web.servlet.mvc.method.annotation.ServletInvocableHandlerMethod.invokeAndHandle(ServletInvocableHandlerMethod.java:117) ~[spring-webmvc-7.0.6.jar:7.0.6]
	at org.springframework.web.servlet.mvc.method.annotation.RequestMappingHandlerAdapter.invokeHandlerMethod(RequestMappingHandlerAdapter.java:934) ~[spring-webmvc-7.0.6.jar:7.0.6]
	at org.springframework.web.servlet.mvc.method.annotation.RequestMappingHandlerAdapter.handleInternal(RequestMappingHandlerAdapter.java:853) ~[spring-webmvc-7.0.6.jar:7.0.6]
	at org.springframework.web.servlet.mvc.method.AbstractHandlerMethodAdapter.handle(AbstractHandlerMethodAdapter.java:86) ~[spring-webmvc-7.0.6.jar:7.0.6]
	at org.springframework.web.servlet.DispatcherServlet.doDispatch(DispatcherServlet.java:963) ~[spring-webmvc-7.0.6.jar:7.0.6]
	at org.springframework.web.servlet.DispatcherServlet.doService(DispatcherServlet.java:866) ~[spring-webmvc-7.0.6.jar:7.0.6]
	at org.springframework.web.servlet.FrameworkServlet.processRequest(FrameworkServlet.java:1000) ~[spring-webmvc-7.0.6.jar:7.0.6]
	at org.springframework.web.servlet.FrameworkServlet.doGet(FrameworkServlet.java:892) ~[spring-webmvc-7.0.6.jar:7.0.6]
	at jakarta.servlet.http.HttpServlet.service(HttpServlet.java:633) ~[jakarta.servlet-api-6.1.0.jar:6.1.0]
	at org.springframework.web.servlet.FrameworkServlet.service(FrameworkServlet.java:874) ~[spring-webmvc-7.0.6.jar:7.0.6]
	at jakarta.servlet.http.HttpServlet.service(HttpServlet.java:723) ~[jakarta.servlet-api-6.1.0.jar:6.1.0]
	at org.apache.catalina.core.ApplicationFilterChain.doFilter(ApplicationFilterChain.java:128) ~[tomcat-embed-core-11.0.18.jar:11.0.18]
	at org.apache.tomcat.websocket.server.WsFilter.doFilter(WsFilter.java:53) ~[tomcat-embed-websocket-11.0.18.jar:11.0.18]
	at org.apache.catalina.core.ApplicationFilterChain.doFilter(ApplicationFilterChain.java:107) ~[tomcat-embed-core-11.0.18.jar:11.0.18]
	at org.springframework.web.filter.RequestContextFilter.doFilterInternal(RequestContextFilter.java:100) ~[spring-web-7.0.6.jar:7.0.6]
	at org.springframework.web.filter.OncePerRequestFilter.doFilter(OncePerRequestFilter.java:116) ~[spring-web-7.0.6.jar:7.0.6]
	at org.apache.catalina.core.ApplicationFilterChain.doFilter(ApplicationFilterChain.java:107) ~[tomcat-embed-core-11.0.18.jar:11.0.18]
	at org.springframework.web.filter.FormContentFilter.doFilterInternal(FormContentFilter.java:93) ~[spring-web-7.0.6.jar:7.0.6]
	at org.springframework.web.filter.OncePerRequestFilter.doFilter(OncePerRequestFilter.java:116) ~[spring-web-7.0.6.jar:7.0.6]
	at org.apache.catalina.core.ApplicationFilterChain.doFilter(ApplicationFilterChain.java:107) ~[tomcat-embed-core-11.0.18.jar:11.0.18]
	at org.springframework.web.filter.CharacterEncodingFilter.doFilterInternal(CharacterEncodingFilter.java:199) ~[spring-web-7.0.6.jar:7.0.6]
	at org.springframework.web.filter.OncePerRequestFilter.doFilter(OncePerRequestFilter.java:116) ~[spring-web-7.0.6.jar:7.0.6]
	at org.apache.catalina.core.ApplicationFilterChain.doFilter(ApplicationFilterChain.java:107) ~[tomcat-embed-core-11.0.18.jar:11.0.18]
	at org.apache.catalina.core.StandardWrapperValve.invoke(StandardWrapperValve.java:165) ~[tomcat-embed-core-11.0.18.jar:11.0.18]
	at org.apache.catalina.core.StandardContextValve.invoke(StandardContextValve.java:77) ~[tomcat-embed-core-11.0.18.jar:11.0.18]
	at org.apache.catalina.authenticator.AuthenticatorBase.invoke(AuthenticatorBase.java:492) ~[tomcat-embed-core-11.0.18.jar:11.0.18]
	at org.apache.catalina.core.StandardHostValve.invoke(StandardHostValve.java:113) ~[tomcat-embed-core-11.0.18.jar:11.0.18]
	at org.apache.catalina.valves.ErrorReportValve.invoke(ErrorReportValve.java:83) ~[tomcat-embed-core-11.0.18.jar:11.0.18]
	at org.apache.catalina.core.StandardEngineValve.invoke(StandardEngineValve.java:72) ~[tomcat-embed-core-11.0.18.jar:11.0.18]
	at org.apache.catalina.connector.CoyoteAdapter.service(CoyoteAdapter.java:341) ~[tomcat-embed-core-11.0.18.jar:11.0.18]
	at org.apache.coyote.http11.Http11Processor.service(Http11Processor.java:397) ~[tomcat-embed-core-11.0.18.jar:11.0.18]
	at org.apache.coyote.AbstractProcessorLight.process(AbstractProcessorLight.java:63) ~[tomcat-embed-core-11.0.18.jar:11.0.18]
	at org.apache.coyote.AbstractProtocol$ConnectionHandler.process(AbstractProtocol.java:903) ~[tomcat-embed-core-11.0.18.jar:11.0.18]
	at org.apache.tomcat.util.net.NioEndpoint$SocketProcessor.doRun(NioEndpoint.java:1779) ~[tomcat-embed-core-11.0.18.jar:11.0.18]
	at org.apache.tomcat.util.net.SocketProcessorBase.run(SocketProcessorBase.java:52) ~[tomcat-embed-core-11.0.18.jar:11.0.18]
	at org.apache.tomcat.util.threads.ThreadPoolExecutor.runWorker(ThreadPoolExecutor.java:946) ~[tomcat-embed-core-11.0.18.jar:11.0.18]
	at org.apache.tomcat.util.threads.ThreadPoolExecutor$Worker.run(ThreadPoolExecutor.java:480) ~[tomcat-embed-core-11.0.18.jar:11.0.18]
	at org.apache.tomcat.util.threads.TaskThread$WrappingRunnable.run(TaskThread.java:57) ~[tomcat-embed-core-11.0.18.jar:11.0.18]
	at java.base/java.lang.Thread.run(Thread.java:840) ~[na:na]

2026-09-23 10:46:59.399  INFO 87417 --- [demo] [SpringApplicationShutdownHook] o.s.boot.tomcat.GracefulShutdown         : Commencing graceful shutdown. Waiting for active requests to complete
2026-09-23 10:46:59.409  INFO 87417 --- [demo] [tomcat-shutdown] o.s.boot.tomcat.GracefulShutdown         : Graceful shutdown complete
2026-09-23 10:46:59.418  INFO 87417 --- [demo] [SpringApplicationShutdownHook] j.LocalContainerEntityManagerFactoryBean : Closing JPA EntityManagerFactory for persistence unit 'default'
2026-09-23 10:46:59.460  INFO 87417 --- [demo] [SpringApplicationShutdownHook] com.zaxxer.hikari.HikariDataSource       : HikariPool-1 - Shutdown initiated...
2026-09-23 10:46:59.466  INFO 87417 --- [demo] [SpringApplicationShutdownHook] com.zaxxer.hikari.HikariDataSource       : HikariPool-1 - Shutdown completed.
2026-09-23 10:47:05.566  INFO 88245 --- [demo] [main] com.example.demo.DemoApplication         : Starting DemoApplication using Java 17.0.20 with PID 88245 (/home/xnieb/Desktop/parcial-avion/target/classes started by xnieb in /home/xnieb/Desktop/parcial-avion)
2026-09-23 10:47:05.575  INFO 88245 --- [demo] [main] com.example.demo.DemoApplication         : No active profile set, falling back to 1 default profile: "default"
2026-09-23 10:47:06.200  INFO 88245 --- [demo] [main] .s.d.r.c.RepositoryConfigurationDelegate : Bootstrapping Spring Data JPA repositories in DEFAULT mode.
2026-09-23 10:47:06.271  INFO 88245 --- [demo] [main] .s.d.r.c.RepositoryConfigurationDelegate : Finished Spring Data repository scanning in 62 ms. Found 6 JPA repository interfaces.
2026-09-23 10:47:06.726  INFO 88245 --- [demo] [main] o.s.boot.tomcat.TomcatWebServer          : Tomcat initialized with port 8081 (http)
2026-09-23 10:47:06.745  INFO 88245 --- [demo] [main] o.apache.catalina.core.StandardService   : Starting service [Tomcat]
2026-09-23 10:47:06.746  INFO 88245 --- [demo] [main] o.apache.catalina.core.StandardEngine    : Starting Servlet engine: [Apache Tomcat/11.0.18]
2026-09-23 10:47:06.827  INFO 88245 --- [demo] [main] b.w.c.s.WebApplicationContextInitializer : Root WebApplicationContext: initialization completed in 1161 ms
2026-09-23 10:47:07.051  INFO 88245 --- [demo] [main] org.hibernate.orm.jpa                    : HHH008540: Processing PersistenceUnitInfo [name: default]
2026-09-23 10:47:07.114  INFO 88245 --- [demo] [main] org.hibernate.orm.core                   : HHH000001: Hibernate ORM core version 7.2.7.Final
2026-09-23 10:47:07.492  INFO 88245 --- [demo] [main] o.s.o.j.p.SpringPersistenceUnitInfo      : No LoadTimeWeaver setup: ignoring JPA class transformer
2026-09-23 10:47:07.541  INFO 88245 --- [demo] [main] com.zaxxer.hikari.HikariDataSource       : HikariPool-1 - Starting...
2026-09-23 10:47:07.726  INFO 88245 --- [demo] [main] com.zaxxer.hikari.pool.HikariPool        : HikariPool-1 - Added connection conn0: url=jdbc:h2:mem:db-test user=POSTGRES
2026-09-23 10:47:07.728  INFO 88245 --- [demo] [main] com.zaxxer.hikari.HikariDataSource       : HikariPool-1 - Start completed.
2026-09-23 10:47:07.798  INFO 88245 --- [demo] [main] org.hibernate.orm.connections.pooling    : HHH10001005: Database info:
	Database JDBC URL [jdbc:h2:mem:db-test]
	Database driver: H2 JDBC Driver
	Database dialect: H2Dialect
	Database version: 2.4.240
	Default catalog/schema: DB-TEST/PUBLIC
	Autocommit mode: undefined/unknown
	Isolation level: READ_COMMITTED [default READ_COMMITTED]
	JDBC fetch size: 100
	Pool: DataSourceConnectionProvider
	Minimum pool size: undefined/unknown
	Maximum pool size: undefined/unknown
2026-09-23 10:47:08.953  INFO 88245 --- [demo] [main] org.hibernate.orm.core                   : HHH000489: No JTA platform available (set 'hibernate.transaction.jta.platform' to enable JTA platform integration)
2026-09-23 10:47:09.079  INFO 88245 --- [demo] [main] j.LocalContainerEntityManagerFactoryBean : Initialized JPA EntityManagerFactory for persistence unit 'default'
2026-09-23 10:47:09.189  INFO 88245 --- [demo] [main] o.s.d.j.r.query.QueryEnhancerFactories   : Hibernate is in classpath; If applicable, HQL parser will be used.
2026-09-23 10:47:09.474  WARN 88245 --- [demo] [main] JpaBaseConfiguration$JpaWebConfiguration : spring.jpa.open-in-view is enabled by default. Therefore, database queries may be performed during view rendering. Explicitly configure spring.jpa.open-in-view to disable this warning
2026-09-23 10:47:09.735  INFO 88245 --- [demo] [main] o.s.b.h.a.H2ConsoleAutoConfiguration     : H2 console available at '/h2-console'. Database available at 'jdbc:h2:mem:db-test'
2026-09-23 10:47:09.835  INFO 88245 --- [demo] [main] o.s.boot.tomcat.TomcatWebServer          : Tomcat started on port 8081 (http) with context path '/compunet2-2026'
2026-09-23 10:47:09.841  INFO 88245 --- [demo] [main] com.example.demo.DemoApplication         : Started DemoApplication in 4.857 seconds (process running for 5.23)
2026-09-23 10:47:14.365  INFO 88245 --- [demo] [http-nio-8081-exec-1] o.a.c.c.C.[.[.[/compunet2-2026]          : Initializing Spring DispatcherServlet 'dispatcherServlet'
2026-09-23 10:47:14.365  INFO 88245 --- [demo] [http-nio-8081-exec-1] o.s.web.servlet.DispatcherServlet        : Initializing Servlet 'dispatcherServlet'
2026-09-23 10:47:14.367  INFO 88245 --- [demo] [http-nio-8081-exec-1] o.s.web.servlet.DispatcherServlet        : Completed initialization in 2 ms
2026-09-23 10:47:15.060  WARN 88245 --- [demo] [http-nio-8081-exec-1] .w.s.m.s.DefaultHandlerExceptionResolver : Ignoring exception, response committed already: org.springframework.http.converter.HttpMessageNotWritableException: Could not write JSON: Document nesting depth (501) exceeds the maximum allowed (500, from `StreamWriteConstraints.getMaxNestingDepth()`)
2026-09-23 10:47:15.063  WARN 88245 --- [demo] [http-nio-8081-exec-1] .w.s.m.s.DefaultHandlerExceptionResolver : Resolved [org.springframework.http.converter.HttpMessageNotWritableException: Could not write JSON: Document nesting depth (501) exceeds the maximum allowed (500, from `StreamWriteConstraints.getMaxNestingDepth()`)]
2026-09-23 10:47:26.561  WARN 88245 --- [demo] [http-nio-8081-exec-3] .w.s.m.s.DefaultHandlerExceptionResolver : Ignoring exception, response committed already: org.springframework.http.converter.HttpMessageNotWritableException: Could not write JSON: Document nesting depth (501) exceeds the maximum allowed (500, from `StreamWriteConstraints.getMaxNestingDepth()`)
2026-09-23 10:47:26.563  WARN 88245 --- [demo] [http-nio-8081-exec-3] .w.s.m.s.DefaultHandlerExceptionResolver : Resolved [org.springframework.http.converter.HttpMessageNotWritableException: Could not write JSON: Document nesting depth (501) exceeds the maximum allowed (500, from `StreamWriteConstraints.getMaxNestingDepth()`)]
2026-09-23 10:47:27.652  WARN 88245 --- [demo] [http-nio-8081-exec-5] .w.s.m.s.DefaultHandlerExceptionResolver : Ignoring exception, response committed already: org.springframework.http.converter.HttpMessageNotWritableException: Could not write JSON: Document nesting depth (501) exceeds the maximum allowed (500, from `StreamWriteConstraints.getMaxNestingDepth()`)
2026-09-23 10:47:27.654  WARN 88245 --- [demo] [http-nio-8081-exec-5] .w.s.m.s.DefaultHandlerExceptionResolver : Resolved [org.springframework.http.converter.HttpMessageNotWritableException: Could not write JSON: Document nesting depth (501) exceeds the maximum allowed (500, from `StreamWriteConstraints.getMaxNestingDepth()`)]
2026-09-23 10:48:45.287  INFO 88245 --- [demo] [SpringApplicationShutdownHook] o.s.boot.tomcat.GracefulShutdown         : Commencing graceful shutdown. Waiting for active requests to complete
2026-09-23 10:48:45.297  INFO 88245 --- [demo] [tomcat-shutdown] o.s.boot.tomcat.GracefulShutdown         : Graceful shutdown complete
2026-09-23 10:48:45.308  INFO 88245 --- [demo] [SpringApplicationShutdownHook] j.LocalContainerEntityManagerFactoryBean : Closing JPA EntityManagerFactory for persistence unit 'default'
2026-09-23 10:48:45.323  INFO 88245 --- [demo] [SpringApplicationShutdownHook] com.zaxxer.hikari.HikariDataSource       : HikariPool-1 - Shutdown initiated...
2026-09-23 10:48:45.326  INFO 88245 --- [demo] [SpringApplicationShutdownHook] com.zaxxer.hikari.HikariDataSource       : HikariPool-1 - Shutdown completed.
2026-09-23 10:49:22.430  INFO 89763 --- [demo] [main] com.example.demo.DemoApplication         : Starting DemoApplication using Java 17.0.20 with PID 89763 (/home/xnieb/Desktop/parcial-avion/target/classes started by xnieb in /home/xnieb/Desktop/parcial-avion)
2026-09-23 10:49:22.435  INFO 89763 --- [demo] [main] com.example.demo.DemoApplication         : No active profile set, falling back to 1 default profile: "default"
2026-09-23 10:49:23.108  INFO 89763 --- [demo] [main] .s.d.r.c.RepositoryConfigurationDelegate : Bootstrapping Spring Data JPA repositories in DEFAULT mode.
2026-09-23 10:49:23.184  INFO 89763 --- [demo] [main] .s.d.r.c.RepositoryConfigurationDelegate : Finished Spring Data repository scanning in 66 ms. Found 6 JPA repository interfaces.
2026-09-23 10:49:23.706  INFO 89763 --- [demo] [main] o.s.boot.tomcat.TomcatWebServer          : Tomcat initialized with port 8081 (http)
2026-09-23 10:49:23.720  INFO 89763 --- [demo] [main] o.apache.catalina.core.StandardService   : Starting service [Tomcat]
2026-09-23 10:49:23.721  INFO 89763 --- [demo] [main] o.apache.catalina.core.StandardEngine    : Starting Servlet engine: [Apache Tomcat/11.0.18]
2026-09-23 10:49:23.790  INFO 89763 --- [demo] [main] b.w.c.s.WebApplicationContextInitializer : Root WebApplicationContext: initialization completed in 1282 ms
2026-09-23 10:49:23.979  INFO 89763 --- [demo] [main] org.hibernate.orm.jpa                    : HHH008540: Processing PersistenceUnitInfo [name: default]
2026-09-23 10:49:24.045  INFO 89763 --- [demo] [main] org.hibernate.orm.core                   : HHH000001: Hibernate ORM core version 7.2.7.Final
2026-09-23 10:49:24.463  INFO 89763 --- [demo] [main] o.s.o.j.p.SpringPersistenceUnitInfo      : No LoadTimeWeaver setup: ignoring JPA class transformer
2026-09-23 10:49:24.519  INFO 89763 --- [demo] [main] com.zaxxer.hikari.HikariDataSource       : HikariPool-1 - Starting...
2026-09-23 10:49:24.791  INFO 89763 --- [demo] [main] com.zaxxer.hikari.pool.HikariPool        : HikariPool-1 - Added connection conn0: url=jdbc:h2:mem:db-test user=POSTGRES
2026-09-23 10:49:24.794  INFO 89763 --- [demo] [main] com.zaxxer.hikari.HikariDataSource       : HikariPool-1 - Start completed.
2026-09-23 10:49:24.879  INFO 89763 --- [demo] [main] org.hibernate.orm.connections.pooling    : HHH10001005: Database info:
	Database JDBC URL [jdbc:h2:mem:db-test]
	Database driver: H2 JDBC Driver
	Database dialect: H2Dialect
	Database version: 2.4.240
	Default catalog/schema: DB-TEST/PUBLIC
	Autocommit mode: undefined/unknown
	Isolation level: READ_COMMITTED [default READ_COMMITTED]
	JDBC fetch size: 100
	Pool: DataSourceConnectionProvider
	Minimum pool size: undefined/unknown
	Maximum pool size: undefined/unknown
2026-09-23 10:49:26.240  INFO 89763 --- [demo] [main] org.hibernate.orm.core                   : HHH000489: No JTA platform available (set 'hibernate.transaction.jta.platform' to enable JTA platform integration)
2026-09-23 10:49:26.402  INFO 89763 --- [demo] [main] j.LocalContainerEntityManagerFactoryBean : Initialized JPA EntityManagerFactory for persistence unit 'default'
2026-09-23 10:49:26.529  INFO 89763 --- [demo] [main] o.s.d.j.r.query.QueryEnhancerFactories   : Hibernate is in classpath; If applicable, HQL parser will be used.
2026-09-23 10:49:27.058  WARN 89763 --- [demo] [main] JpaBaseConfiguration$JpaWebConfiguration : spring.jpa.open-in-view is enabled by default. Therefore, database queries may be performed during view rendering. Explicitly configure spring.jpa.open-in-view to disable this warning
2026-09-23 10:49:27.487  INFO 89763 --- [demo] [main] o.s.b.h.a.H2ConsoleAutoConfiguration     : H2 console available at '/h2-console'. Database available at 'jdbc:h2:mem:db-test'
2026-09-23 10:49:27.601  INFO 89763 --- [demo] [main] o.s.boot.tomcat.TomcatWebServer          : Tomcat started on port 8081 (http) with context path '/compunet2-2026'
2026-09-23 10:49:27.608  INFO 89763 --- [demo] [main] com.example.demo.DemoApplication         : Started DemoApplication in 5.927 seconds (process running for 6.324)
2026-09-23 10:49:49.304  INFO 89763 --- [demo] [http-nio-8081-exec-2] o.a.c.c.C.[.[.[/compunet2-2026]          : Initializing Spring DispatcherServlet 'dispatcherServlet'
2026-09-23 10:49:49.305  INFO 89763 --- [demo] [http-nio-8081-exec-2] o.s.web.servlet.DispatcherServlet        : Initializing Servlet 'dispatcherServlet'
2026-09-23 10:49:49.307  INFO 89763 --- [demo] [http-nio-8081-exec-2] o.s.web.servlet.DispatcherServlet        : Completed initialization in 2 ms
2026-09-23 10:49:50.024  WARN 89763 --- [demo] [http-nio-8081-exec-2] .w.s.m.s.DefaultHandlerExceptionResolver : Ignoring exception, response committed already: org.springframework.http.converter.HttpMessageNotWritableException: Could not write JSON: Document nesting depth (501) exceeds the maximum allowed (500, from `StreamWriteConstraints.getMaxNestingDepth()`)
2026-09-23 10:49:50.028  WARN 89763 --- [demo] [http-nio-8081-exec-2] .w.s.m.s.DefaultHandlerExceptionResolver : Resolved [org.springframework.http.converter.HttpMessageNotWritableException: Could not write JSON: Document nesting depth (501) exceeds the maximum allowed (500, from `StreamWriteConstraints.getMaxNestingDepth()`)]
2026-09-23 10:57:19.757  INFO 89763 --- [demo] [SpringApplicationShutdownHook] o.s.boot.tomcat.GracefulShutdown         : Commencing graceful shutdown. Waiting for active requests to complete
2026-09-23 10:57:19.766  INFO 89763 --- [demo] [tomcat-shutdown] o.s.boot.tomcat.GracefulShutdown         : Graceful shutdown complete
2026-09-23 10:57:19.775  INFO 89763 --- [demo] [SpringApplicationShutdownHook] j.LocalContainerEntityManagerFactoryBean : Closing JPA EntityManagerFactory for persistence unit 'default'
2026-09-23 10:57:19.786  INFO 89763 --- [demo] [SpringApplicationShutdownHook] com.zaxxer.hikari.HikariDataSource       : HikariPool-1 - Shutdown initiated...
2026-09-23 10:57:19.789  INFO 89763 --- [demo] [SpringApplicationShutdownHook] com.zaxxer.hikari.HikariDataSource       : HikariPool-1 - Shutdown completed.
2026-09-23 10:57:25.941  INFO 94523 --- [demo] [main] com.example.demo.DemoApplication         : Starting DemoApplication using Java 17.0.20 with PID 94523 (/home/xnieb/Desktop/parcial-avion/target/classes started by xnieb in /home/xnieb/Desktop/parcial-avion)
2026-09-23 10:57:25.945  INFO 94523 --- [demo] [main] com.example.demo.DemoApplication         : No active profile set, falling back to 1 default profile: "default"
2026-09-23 10:57:26.563  INFO 94523 --- [demo] [main] .s.d.r.c.RepositoryConfigurationDelegate : Bootstrapping Spring Data JPA repositories in DEFAULT mode.
2026-09-23 10:57:26.634  INFO 94523 --- [demo] [main] .s.d.r.c.RepositoryConfigurationDelegate : Finished Spring Data repository scanning in 62 ms. Found 6 JPA repository interfaces.
2026-09-23 10:57:27.146  INFO 94523 --- [demo] [main] o.s.boot.tomcat.TomcatWebServer          : Tomcat initialized with port 8081 (http)
2026-09-23 10:57:27.159  INFO 94523 --- [demo] [main] o.apache.catalina.core.StandardService   : Starting service [Tomcat]
2026-09-23 10:57:27.159  INFO 94523 --- [demo] [main] o.apache.catalina.core.StandardEngine    : Starting Servlet engine: [Apache Tomcat/11.0.18]
2026-09-23 10:57:27.225  INFO 94523 --- [demo] [main] b.w.c.s.WebApplicationContextInitializer : Root WebApplicationContext: initialization completed in 1215 ms
2026-09-23 10:57:27.399  INFO 94523 --- [demo] [main] org.hibernate.orm.jpa                    : HHH008540: Processing PersistenceUnitInfo [name: default]
2026-09-23 10:57:27.467  INFO 94523 --- [demo] [main] org.hibernate.orm.core                   : HHH000001: Hibernate ORM core version 7.2.7.Final
2026-09-23 10:57:27.833  INFO 94523 --- [demo] [main] o.s.o.j.p.SpringPersistenceUnitInfo      : No LoadTimeWeaver setup: ignoring JPA class transformer
2026-09-23 10:57:27.883  INFO 94523 --- [demo] [main] com.zaxxer.hikari.HikariDataSource       : HikariPool-1 - Starting...
2026-09-23 10:57:28.056  INFO 94523 --- [demo] [main] com.zaxxer.hikari.pool.HikariPool        : HikariPool-1 - Added connection conn0: url=jdbc:h2:mem:db-test user=POSTGRES
2026-09-23 10:57:28.057  INFO 94523 --- [demo] [main] com.zaxxer.hikari.HikariDataSource       : HikariPool-1 - Start completed.
2026-09-23 10:57:28.124  INFO 94523 --- [demo] [main] org.hibernate.orm.connections.pooling    : HHH10001005: Database info:
	Database JDBC URL [jdbc:h2:mem:db-test]
	Database driver: H2 JDBC Driver
	Database dialect: H2Dialect
	Database version: 2.4.240
	Default catalog/schema: DB-TEST/PUBLIC
	Autocommit mode: undefined/unknown
	Isolation level: READ_COMMITTED [default READ_COMMITTED]
	JDBC fetch size: 100
	Pool: DataSourceConnectionProvider
	Minimum pool size: undefined/unknown
	Maximum pool size: undefined/unknown
2026-09-23 10:57:29.121  INFO 94523 --- [demo] [main] org.hibernate.orm.core                   : HHH000489: No JTA platform available (set 'hibernate.transaction.jta.platform' to enable JTA platform integration)
2026-09-23 10:57:29.209  INFO 94523 --- [demo] [main] j.LocalContainerEntityManagerFactoryBean : Initialized JPA EntityManagerFactory for persistence unit 'default'
2026-09-23 10:57:29.299  INFO 94523 --- [demo] [main] o.s.d.j.r.query.QueryEnhancerFactories   : Hibernate is in classpath; If applicable, HQL parser will be used.
2026-09-23 10:57:29.605  WARN 94523 --- [demo] [main] JpaBaseConfiguration$JpaWebConfiguration : spring.jpa.open-in-view is enabled by default. Therefore, database queries may be performed during view rendering. Explicitly configure spring.jpa.open-in-view to disable this warning
2026-09-23 10:57:29.898  INFO 94523 --- [demo] [main] o.s.b.h.a.H2ConsoleAutoConfiguration     : H2 console available at '/h2-console'. Database available at 'jdbc:h2:mem:db-test'
2026-09-23 10:57:30.010  INFO 94523 --- [demo] [main] o.s.boot.tomcat.TomcatWebServer          : Tomcat started on port 8081 (http) with context path '/compunet2-2026'
2026-09-23 10:57:30.018  INFO 94523 --- [demo] [main] com.example.demo.DemoApplication         : Started DemoApplication in 4.601 seconds (process running for 5.0)
2026-09-23 10:57:36.419  INFO 94523 --- [demo] [http-nio-8081-exec-1] o.a.c.c.C.[.[.[/compunet2-2026]          : Initializing Spring DispatcherServlet 'dispatcherServlet'
2026-09-23 10:57:36.420  INFO 94523 --- [demo] [http-nio-8081-exec-1] o.s.web.servlet.DispatcherServlet        : Initializing Servlet 'dispatcherServlet'
2026-09-23 10:57:36.422  INFO 94523 --- [demo] [http-nio-8081-exec-1] o.s.web.servlet.DispatcherServlet        : Completed initialization in 2 ms
2026-09-23 10:57:37.197  WARN 94523 --- [demo] [http-nio-8081-exec-1] .w.s.m.s.DefaultHandlerExceptionResolver : Ignoring exception, response committed already: org.springframework.http.converter.HttpMessageNotWritableException: Could not write JSON: Document nesting depth (501) exceeds the maximum allowed (500, from `StreamWriteConstraints.getMaxNestingDepth()`)
2026-09-23 10:57:37.202  WARN 94523 --- [demo] [http-nio-8081-exec-1] .w.s.m.s.DefaultHandlerExceptionResolver : Resolved [org.springframework.http.converter.HttpMessageNotWritableException: Could not write JSON: Document nesting depth (501) exceeds the maximum allowed (500, from `StreamWriteConstraints.getMaxNestingDepth()`)]
2026-09-23 10:58:51.645  INFO 94523 --- [demo] [SpringApplicationShutdownHook] o.s.boot.tomcat.GracefulShutdown         : Commencing graceful shutdown. Waiting for active requests to complete
2026-09-23 10:58:51.657  INFO 94523 --- [demo] [tomcat-shutdown] o.s.boot.tomcat.GracefulShutdown         : Graceful shutdown complete
2026-09-23 10:58:51.664  INFO 94523 --- [demo] [SpringApplicationShutdownHook] j.LocalContainerEntityManagerFactoryBean : Closing JPA EntityManagerFactory for persistence unit 'default'
2026-09-23 10:58:51.676  INFO 94523 --- [demo] [SpringApplicationShutdownHook] com.zaxxer.hikari.HikariDataSource       : HikariPool-1 - Shutdown initiated...
2026-09-23 10:58:51.680  INFO 94523 --- [demo] [SpringApplicationShutdownHook] com.zaxxer.hikari.HikariDataSource       : HikariPool-1 - Shutdown completed.
2026-09-23 10:58:58.668  INFO 95601 --- [demo] [main] com.example.demo.DemoApplication         : Starting DemoApplication using Java 17.0.20 with PID 95601 (/home/xnieb/Desktop/parcial-avion/target/classes started by xnieb in /home/xnieb/Desktop/parcial-avion)
2026-09-23 10:58:58.673  INFO 95601 --- [demo] [main] com.example.demo.DemoApplication         : No active profile set, falling back to 1 default profile: "default"
2026-09-23 10:58:59.601  INFO 95601 --- [demo] [main] .s.d.r.c.RepositoryConfigurationDelegate : Bootstrapping Spring Data JPA repositories in DEFAULT mode.
2026-09-23 10:58:59.700  INFO 95601 --- [demo] [main] .s.d.r.c.RepositoryConfigurationDelegate : Finished Spring Data repository scanning in 85 ms. Found 6 JPA repository interfaces.
2026-09-23 10:59:00.566  INFO 95601 --- [demo] [main] o.s.boot.tomcat.TomcatWebServer          : Tomcat initialized with port 8081 (http)
2026-09-23 10:59:00.582  INFO 95601 --- [demo] [main] o.apache.catalina.core.StandardService   : Starting service [Tomcat]
2026-09-23 10:59:00.582  INFO 95601 --- [demo] [main] o.apache.catalina.core.StandardEngine    : Starting Servlet engine: [Apache Tomcat/11.0.18]
2026-09-23 10:59:00.654  INFO 95601 --- [demo] [main] b.w.c.s.WebApplicationContextInitializer : Root WebApplicationContext: initialization completed in 1902 ms
2026-09-23 10:59:00.842  INFO 95601 --- [demo] [main] org.hibernate.orm.jpa                    : HHH008540: Processing PersistenceUnitInfo [name: default]
2026-09-23 10:59:00.915  INFO 95601 --- [demo] [main] org.hibernate.orm.core                   : HHH000001: Hibernate ORM core version 7.2.7.Final
2026-09-23 10:59:01.284  INFO 95601 --- [demo] [main] o.s.o.j.p.SpringPersistenceUnitInfo      : No LoadTimeWeaver setup: ignoring JPA class transformer
2026-09-23 10:59:01.334  INFO 95601 --- [demo] [main] com.zaxxer.hikari.HikariDataSource       : HikariPool-1 - Starting...
2026-09-23 10:59:01.502  INFO 95601 --- [demo] [main] com.zaxxer.hikari.pool.HikariPool        : HikariPool-1 - Added connection conn0: url=jdbc:h2:mem:db-test user=POSTGRES
2026-09-23 10:59:01.504  INFO 95601 --- [demo] [main] com.zaxxer.hikari.HikariDataSource       : HikariPool-1 - Start completed.
2026-09-23 10:59:01.569  INFO 95601 --- [demo] [main] org.hibernate.orm.connections.pooling    : HHH10001005: Database info:
	Database JDBC URL [jdbc:h2:mem:db-test]
	Database driver: H2 JDBC Driver
	Database dialect: H2Dialect
	Database version: 2.4.240
	Default catalog/schema: DB-TEST/PUBLIC
	Autocommit mode: undefined/unknown
	Isolation level: READ_COMMITTED [default READ_COMMITTED]
	JDBC fetch size: 100
	Pool: DataSourceConnectionProvider
	Minimum pool size: undefined/unknown
	Maximum pool size: undefined/unknown
2026-09-23 10:59:02.555  INFO 95601 --- [demo] [main] org.hibernate.orm.core                   : HHH000489: No JTA platform available (set 'hibernate.transaction.jta.platform' to enable JTA platform integration)
2026-09-23 10:59:02.706  INFO 95601 --- [demo] [main] j.LocalContainerEntityManagerFactoryBean : Initialized JPA EntityManagerFactory for persistence unit 'default'
2026-09-23 10:59:02.804  INFO 95601 --- [demo] [main] o.s.d.j.r.query.QueryEnhancerFactories   : Hibernate is in classpath; If applicable, HQL parser will be used.
2026-09-23 10:59:03.088  WARN 95601 --- [demo] [main] JpaBaseConfiguration$JpaWebConfiguration : spring.jpa.open-in-view is enabled by default. Therefore, database queries may be performed during view rendering. Explicitly configure spring.jpa.open-in-view to disable this warning
2026-09-23 10:59:03.381  INFO 95601 --- [demo] [main] o.s.b.h.a.H2ConsoleAutoConfiguration     : H2 console available at '/h2-console'. Database available at 'jdbc:h2:mem:db-test'
2026-09-23 10:59:03.491  INFO 95601 --- [demo] [main] o.s.boot.tomcat.TomcatWebServer          : Tomcat started on port 8081 (http) with context path '/compunet2-2026'
2026-09-23 10:59:03.498  INFO 95601 --- [demo] [main] com.example.demo.DemoApplication         : Started DemoApplication in 5.418 seconds (process running for 5.794)
2026-09-23 11:07:11.606  INFO 95601 --- [demo] [SpringApplicationShutdownHook] o.s.boot.tomcat.GracefulShutdown         : Commencing graceful shutdown. Waiting for active requests to complete
2026-09-23 11:07:11.621  INFO 95601 --- [demo] [tomcat-shutdown] o.s.boot.tomcat.GracefulShutdown         : Graceful shutdown complete
2026-09-23 11:07:11.633  INFO 95601 --- [demo] [SpringApplicationShutdownHook] j.LocalContainerEntityManagerFactoryBean : Closing JPA EntityManagerFactory for persistence unit 'default'
2026-09-23 11:07:11.651  INFO 95601 --- [demo] [SpringApplicationShutdownHook] com.zaxxer.hikari.HikariDataSource       : HikariPool-1 - Shutdown initiated...
2026-09-23 11:07:11.655  INFO 95601 --- [demo] [SpringApplicationShutdownHook] com.zaxxer.hikari.HikariDataSource       : HikariPool-1 - Shutdown completed.
2026-09-23 11:07:40.202  INFO 99658 --- [demo] [main] com.example.demo.DemoApplication         : Starting DemoApplication using Java 17.0.20 with PID 99658 (/home/xnieb/Desktop/parcial-avion/target/classes started by xnieb in /home/xnieb/Desktop/parcial-avion)
2026-09-23 11:07:40.208  INFO 99658 --- [demo] [main] com.example.demo.DemoApplication         : No active profile set, falling back to 1 default profile: "default"
2026-09-23 11:07:41.212  INFO 99658 --- [demo] [main] .s.d.r.c.RepositoryConfigurationDelegate : Bootstrapping Spring Data JPA repositories in DEFAULT mode.
2026-09-23 11:07:41.303  INFO 99658 --- [demo] [main] .s.d.r.c.RepositoryConfigurationDelegate : Finished Spring Data repository scanning in 79 ms. Found 6 JPA repository interfaces.
2026-09-23 11:07:41.882  INFO 99658 --- [demo] [main] o.s.boot.tomcat.TomcatWebServer          : Tomcat initialized with port 8081 (http)
2026-09-23 11:07:41.903  INFO 99658 --- [demo] [main] o.apache.catalina.core.StandardService   : Starting service [Tomcat]
2026-09-23 11:07:41.905  INFO 99658 --- [demo] [main] o.apache.catalina.core.StandardEngine    : Starting Servlet engine: [Apache Tomcat/11.0.18]
2026-09-23 11:07:41.983  INFO 99658 --- [demo] [main] b.w.c.s.WebApplicationContextInitializer : Root WebApplicationContext: initialization completed in 1684 ms
2026-09-23 11:07:42.259  INFO 99658 --- [demo] [main] org.hibernate.orm.jpa                    : HHH008540: Processing PersistenceUnitInfo [name: default]
2026-09-23 11:07:42.345  INFO 99658 --- [demo] [main] org.hibernate.orm.core                   : HHH000001: Hibernate ORM core version 7.2.7.Final
2026-09-23 11:07:42.999  INFO 99658 --- [demo] [main] o.s.o.j.p.SpringPersistenceUnitInfo      : No LoadTimeWeaver setup: ignoring JPA class transformer
2026-09-23 11:07:43.061  INFO 99658 --- [demo] [main] com.zaxxer.hikari.HikariDataSource       : HikariPool-1 - Starting...
2026-09-23 11:07:43.311  INFO 99658 --- [demo] [main] com.zaxxer.hikari.pool.HikariPool        : HikariPool-1 - Added connection conn0: url=jdbc:h2:mem:db-test user=POSTGRES
2026-09-23 11:07:43.313  INFO 99658 --- [demo] [main] com.zaxxer.hikari.HikariDataSource       : HikariPool-1 - Start completed.
2026-09-23 11:07:43.399  INFO 99658 --- [demo] [main] org.hibernate.orm.connections.pooling    : HHH10001005: Database info:
	Database JDBC URL [jdbc:h2:mem:db-test]
	Database driver: H2 JDBC Driver
	Database dialect: H2Dialect
	Database version: 2.4.240
	Default catalog/schema: DB-TEST/PUBLIC
	Autocommit mode: undefined/unknown
	Isolation level: READ_COMMITTED [default READ_COMMITTED]
	JDBC fetch size: 100
	Pool: DataSourceConnectionProvider
	Minimum pool size: undefined/unknown
	Maximum pool size: undefined/unknown
2026-09-23 11:07:44.538  INFO 99658 --- [demo] [main] org.hibernate.orm.core                   : HHH000489: No JTA platform available (set 'hibernate.transaction.jta.platform' to enable JTA platform integration)
2026-09-23 11:07:44.684  INFO 99658 --- [demo] [main] j.LocalContainerEntityManagerFactoryBean : Initialized JPA EntityManagerFactory for persistence unit 'default'
2026-09-23 11:07:44.892  INFO 99658 --- [demo] [main] o.s.d.j.r.query.QueryEnhancerFactories   : Hibernate is in classpath; If applicable, HQL parser will be used.
2026-09-23 11:07:45.238  WARN 99658 --- [demo] [main] JpaBaseConfiguration$JpaWebConfiguration : spring.jpa.open-in-view is enabled by default. Therefore, database queries may be performed during view rendering. Explicitly configure spring.jpa.open-in-view to disable this warning
2026-09-23 11:07:45.562  INFO 99658 --- [demo] [main] o.s.b.h.a.H2ConsoleAutoConfiguration     : H2 console available at '/h2-console'. Database available at 'jdbc:h2:mem:db-test'
2026-09-23 11:07:45.663  INFO 99658 --- [demo] [main] o.s.boot.tomcat.TomcatWebServer          : Tomcat started on port 8081 (http) with context path '/compunet2-2026'
2026-09-23 11:07:45.670  INFO 99658 --- [demo] [main] com.example.demo.DemoApplication         : Started DemoApplication in 6.311 seconds (process running for 6.671)
2026-09-23 11:07:54.903  INFO 99658 --- [demo] [http-nio-8081-exec-1] o.a.c.c.C.[.[.[/compunet2-2026]          : Initializing Spring DispatcherServlet 'dispatcherServlet'
2026-09-23 11:07:54.904  INFO 99658 --- [demo] [http-nio-8081-exec-1] o.s.web.servlet.DispatcherServlet        : Initializing Servlet 'dispatcherServlet'
2026-09-23 11:07:54.906  INFO 99658 --- [demo] [http-nio-8081-exec-1] o.s.web.servlet.DispatcherServlet        : Completed initialization in 2 ms
2026-09-23 11:07:55.653  WARN 99658 --- [demo] [http-nio-8081-exec-1] .w.s.m.s.DefaultHandlerExceptionResolver : Ignoring exception, response committed already: org.springframework.http.converter.HttpMessageNotWritableException: Could not write JSON: Document nesting depth (501) exceeds the maximum allowed (500, from `StreamWriteConstraints.getMaxNestingDepth()`)
2026-09-23 11:07:55.656  WARN 99658 --- [demo] [http-nio-8081-exec-1] .w.s.m.s.DefaultHandlerExceptionResolver : Resolved [org.springframework.http.converter.HttpMessageNotWritableException: Could not write JSON: Document nesting depth (501) exceeds the maximum allowed (500, from `StreamWriteConstraints.getMaxNestingDepth()`)]
2026-09-23 11:18:40.166  INFO 99658 --- [demo] [SpringApplicationShutdownHook] o.s.boot.tomcat.GracefulShutdown         : Commencing graceful shutdown. Waiting for active requests to complete
2026-09-23 11:18:40.176  INFO 99658 --- [demo] [tomcat-shutdown] o.s.boot.tomcat.GracefulShutdown         : Graceful shutdown complete
2026-09-23 11:18:40.186  INFO 99658 --- [demo] [SpringApplicationShutdownHook] j.LocalContainerEntityManagerFactoryBean : Closing JPA EntityManagerFactory for persistence unit 'default'
2026-09-23 11:18:40.206  INFO 99658 --- [demo] [SpringApplicationShutdownHook] com.zaxxer.hikari.HikariDataSource       : HikariPool-1 - Shutdown initiated...
2026-09-23 11:18:40.210  INFO 99658 --- [demo] [SpringApplicationShutdownHook] com.zaxxer.hikari.HikariDataSource       : HikariPool-1 - Shutdown completed.
2026-09-23 11:18:46.253  INFO 105985 --- [demo] [main] com.example.demo.DemoApplication         : Starting DemoApplication using Java 17.0.20 with PID 105985 (/home/xnieb/Desktop/parcial-avion/target/classes started by xnieb in /home/xnieb/Desktop/parcial-avion)
2026-09-23 11:18:46.257  INFO 105985 --- [demo] [main] com.example.demo.DemoApplication         : No active profile set, falling back to 1 default profile: "default"
2026-09-23 11:18:46.945  INFO 105985 --- [demo] [main] .s.d.r.c.RepositoryConfigurationDelegate : Bootstrapping Spring Data JPA repositories in DEFAULT mode.
2026-09-23 11:18:47.015  INFO 105985 --- [demo] [main] .s.d.r.c.RepositoryConfigurationDelegate : Finished Spring Data repository scanning in 61 ms. Found 6 JPA repository interfaces.
2026-09-23 11:18:47.469  INFO 105985 --- [demo] [main] o.s.boot.tomcat.TomcatWebServer          : Tomcat initialized with port 8081 (http)
2026-09-23 11:18:47.482  INFO 105985 --- [demo] [main] o.apache.catalina.core.StandardService   : Starting service [Tomcat]
2026-09-23 11:18:47.484  INFO 105985 --- [demo] [main] o.apache.catalina.core.StandardEngine    : Starting Servlet engine: [Apache Tomcat/11.0.18]
2026-09-23 11:18:47.548  INFO 105985 --- [demo] [main] b.w.c.s.WebApplicationContextInitializer : Root WebApplicationContext: initialization completed in 1225 ms
2026-09-23 11:18:47.724  INFO 105985 --- [demo] [main] org.hibernate.orm.jpa                    : HHH008540: Processing PersistenceUnitInfo [name: default]
2026-09-23 11:18:47.793  INFO 105985 --- [demo] [main] org.hibernate.orm.core                   : HHH000001: Hibernate ORM core version 7.2.7.Final
2026-09-23 11:18:48.151  INFO 105985 --- [demo] [main] o.s.o.j.p.SpringPersistenceUnitInfo      : No LoadTimeWeaver setup: ignoring JPA class transformer
2026-09-23 11:18:48.209  INFO 105985 --- [demo] [main] com.zaxxer.hikari.HikariDataSource       : HikariPool-1 - Starting...
2026-09-23 11:18:48.473  INFO 105985 --- [demo] [main] com.zaxxer.hikari.pool.HikariPool        : HikariPool-1 - Added connection conn0: url=jdbc:h2:mem:db-test user=POSTGRES
2026-09-23 11:18:48.475  INFO 105985 --- [demo] [main] com.zaxxer.hikari.HikariDataSource       : HikariPool-1 - Start completed.
2026-09-23 11:18:48.544  INFO 105985 --- [demo] [main] org.hibernate.orm.connections.pooling    : HHH10001005: Database info:
	Database JDBC URL [jdbc:h2:mem:db-test]
	Database driver: H2 JDBC Driver
	Database dialect: H2Dialect
	Database version: 2.4.240
	Default catalog/schema: DB-TEST/PUBLIC
	Autocommit mode: undefined/unknown
	Isolation level: READ_COMMITTED [default READ_COMMITTED]
	JDBC fetch size: 100
	Pool: DataSourceConnectionProvider
	Minimum pool size: undefined/unknown
	Maximum pool size: undefined/unknown
2026-09-23 11:18:49.469  INFO 105985 --- [demo] [main] org.hibernate.orm.core                   : HHH000489: No JTA platform available (set 'hibernate.transaction.jta.platform' to enable JTA platform integration)
2026-09-23 11:18:49.601  INFO 105985 --- [demo] [main] j.LocalContainerEntityManagerFactoryBean : Initialized JPA EntityManagerFactory for persistence unit 'default'
2026-09-23 11:18:49.756  INFO 105985 --- [demo] [main] o.s.d.j.r.query.QueryEnhancerFactories   : Hibernate is in classpath; If applicable, HQL parser will be used.
2026-09-23 11:18:50.145  WARN 105985 --- [demo] [main] JpaBaseConfiguration$JpaWebConfiguration : spring.jpa.open-in-view is enabled by default. Therefore, database queries may be performed during view rendering. Explicitly configure spring.jpa.open-in-view to disable this warning
2026-09-23 11:18:50.533  INFO 105985 --- [demo] [main] o.s.b.h.a.H2ConsoleAutoConfiguration     : H2 console available at '/h2-console'. Database available at 'jdbc:h2:mem:db-test'
2026-09-23 11:18:50.657  INFO 105985 --- [demo] [main] o.s.boot.tomcat.TomcatWebServer          : Tomcat started on port 8081 (http) with context path '/compunet2-2026'
2026-09-23 11:18:50.664  INFO 105985 --- [demo] [main] com.example.demo.DemoApplication         : Started DemoApplication in 4.911 seconds (process running for 5.325)
2026-09-23 11:19:06.895  INFO 105985 --- [demo] [http-nio-8081-exec-1] o.a.c.c.C.[.[.[/compunet2-2026]          : Initializing Spring DispatcherServlet 'dispatcherServlet'
2026-09-23 11:19:06.896  INFO 105985 --- [demo] [http-nio-8081-exec-1] o.s.web.servlet.DispatcherServlet        : Initializing Servlet 'dispatcherServlet'
2026-09-23 11:19:06.898  INFO 105985 --- [demo] [http-nio-8081-exec-1] o.s.web.servlet.DispatcherServlet        : Completed initialization in 2 ms
2026-09-23 11:19:07.597  WARN 105985 --- [demo] [http-nio-8081-exec-1] .w.s.m.s.DefaultHandlerExceptionResolver : Ignoring exception, response committed already: org.springframework.http.converter.HttpMessageNotWritableException: Could not write JSON: Document nesting depth (501) exceeds the maximum allowed (500, from `StreamWriteConstraints.getMaxNestingDepth()`)
2026-09-23 11:19:07.602  WARN 105985 --- [demo] [http-nio-8081-exec-1] .w.s.m.s.DefaultHandlerExceptionResolver : Resolved [org.springframework.http.converter.HttpMessageNotWritableException: Could not write JSON: Document nesting depth (501) exceeds the maximum allowed (500, from `StreamWriteConstraints.getMaxNestingDepth()`)]
2026-09-23 11:19:13.728  WARN 105985 --- [demo] [http-nio-8081-exec-3] .w.s.m.s.DefaultHandlerExceptionResolver : Ignoring exception, response committed already: org.springframework.http.converter.HttpMessageNotWritableException: Could not write JSON: Document nesting depth (501) exceeds the maximum allowed (500, from `StreamWriteConstraints.getMaxNestingDepth()`)
2026-09-23 11:19:13.731  WARN 105985 --- [demo] [http-nio-8081-exec-3] .w.s.m.s.DefaultHandlerExceptionResolver : Resolved [org.springframework.http.converter.HttpMessageNotWritableException: Could not write JSON: Document nesting depth (501) exceeds the maximum allowed (500, from `StreamWriteConstraints.getMaxNestingDepth()`)]
2026-09-23 11:20:13.245  INFO 105985 --- [demo] [SpringApplicationShutdownHook] o.s.boot.tomcat.GracefulShutdown         : Commencing graceful shutdown. Waiting for active requests to complete
2026-09-23 11:20:13.254  INFO 105985 --- [demo] [tomcat-shutdown] o.s.boot.tomcat.GracefulShutdown         : Graceful shutdown complete
2026-09-23 11:20:13.262  INFO 105985 --- [demo] [SpringApplicationShutdownHook] j.LocalContainerEntityManagerFactoryBean : Closing JPA EntityManagerFactory for persistence unit 'default'
2026-09-23 11:20:13.275  INFO 105985 --- [demo] [SpringApplicationShutdownHook] com.zaxxer.hikari.HikariDataSource       : HikariPool-1 - Shutdown initiated...
2026-09-23 11:20:13.278  INFO 105985 --- [demo] [SpringApplicationShutdownHook] com.zaxxer.hikari.HikariDataSource       : HikariPool-1 - Shutdown completed.
2026-09-23 11:20:19.770  INFO 107144 --- [demo] [main] com.example.demo.DemoApplication         : Starting DemoApplication using Java 17.0.20 with PID 107144 (/home/xnieb/Desktop/parcial-avion/target/classes started by xnieb in /home/xnieb/Desktop/parcial-avion)
2026-09-23 11:20:19.775  INFO 107144 --- [demo] [main] com.example.demo.DemoApplication         : No active profile set, falling back to 1 default profile: "default"
2026-09-23 11:20:20.747  INFO 107144 --- [demo] [main] .s.d.r.c.RepositoryConfigurationDelegate : Bootstrapping Spring Data JPA repositories in DEFAULT mode.
2026-09-23 11:20:20.853  INFO 107144 --- [demo] [main] .s.d.r.c.RepositoryConfigurationDelegate : Finished Spring Data repository scanning in 90 ms. Found 6 JPA repository interfaces.
2026-09-23 11:20:21.517  INFO 107144 --- [demo] [main] o.s.boot.tomcat.TomcatWebServer          : Tomcat initialized with port 8081 (http)
2026-09-23 11:20:21.536  INFO 107144 --- [demo] [main] o.apache.catalina.core.StandardService   : Starting service [Tomcat]
2026-09-23 11:20:21.537  INFO 107144 --- [demo] [main] o.apache.catalina.core.StandardEngine    : Starting Servlet engine: [Apache Tomcat/11.0.18]
2026-09-23 11:20:21.606  INFO 107144 --- [demo] [main] b.w.c.s.WebApplicationContextInitializer : Root WebApplicationContext: initialization completed in 1741 ms
2026-09-23 11:20:21.791  INFO 107144 --- [demo] [main] org.hibernate.orm.jpa                    : HHH008540: Processing PersistenceUnitInfo [name: default]
2026-09-23 11:20:21.866  INFO 107144 --- [demo] [main] org.hibernate.orm.core                   : HHH000001: Hibernate ORM core version 7.2.7.Final
2026-09-23 11:20:22.279  INFO 107144 --- [demo] [main] o.s.o.j.p.SpringPersistenceUnitInfo      : No LoadTimeWeaver setup: ignoring JPA class transformer
2026-09-23 11:20:22.341  INFO 107144 --- [demo] [main] com.zaxxer.hikari.HikariDataSource       : HikariPool-1 - Starting...
2026-09-23 11:20:22.601  INFO 107144 --- [demo] [main] com.zaxxer.hikari.pool.HikariPool        : HikariPool-1 - Added connection conn0: url=jdbc:h2:mem:db-test user=POSTGRES
2026-09-23 11:20:22.603  INFO 107144 --- [demo] [main] com.zaxxer.hikari.HikariDataSource       : HikariPool-1 - Start completed.
2026-09-23 11:20:22.665  INFO 107144 --- [demo] [main] org.hibernate.orm.connections.pooling    : HHH10001005: Database info:
	Database JDBC URL [jdbc:h2:mem:db-test]
	Database driver: H2 JDBC Driver
	Database dialect: H2Dialect
	Database version: 2.4.240
	Default catalog/schema: DB-TEST/PUBLIC
	Autocommit mode: undefined/unknown
	Isolation level: READ_COMMITTED [default READ_COMMITTED]
	JDBC fetch size: 100
	Pool: DataSourceConnectionProvider
	Minimum pool size: undefined/unknown
	Maximum pool size: undefined/unknown
2026-09-23 11:20:24.017  INFO 107144 --- [demo] [main] org.hibernate.orm.core                   : HHH000489: No JTA platform available (set 'hibernate.transaction.jta.platform' to enable JTA platform integration)
2026-09-23 11:20:24.148  INFO 107144 --- [demo] [main] j.LocalContainerEntityManagerFactoryBean : Initialized JPA EntityManagerFactory for persistence unit 'default'
2026-09-23 11:20:24.285  INFO 107144 --- [demo] [main] o.s.d.j.r.query.QueryEnhancerFactories   : Hibernate is in classpath; If applicable, HQL parser will be used.
2026-09-23 11:20:24.626  WARN 107144 --- [demo] [main] JpaBaseConfiguration$JpaWebConfiguration : spring.jpa.open-in-view is enabled by default. Therefore, database queries may be performed during view rendering. Explicitly configure spring.jpa.open-in-view to disable this warning
2026-09-23 11:20:25.000  INFO 107144 --- [demo] [main] o.s.b.h.a.H2ConsoleAutoConfiguration     : H2 console available at '/h2-console'. Database available at 'jdbc:h2:mem:db-test'
2026-09-23 11:20:25.179  INFO 107144 --- [demo] [main] o.s.boot.tomcat.TomcatWebServer          : Tomcat started on port 8081 (http) with context path '/compunet2-2026'
2026-09-23 11:20:25.191  INFO 107144 --- [demo] [main] com.example.demo.DemoApplication         : Started DemoApplication in 6.053 seconds (process running for 6.407)
2026-09-23 11:20:34.119  INFO 107144 --- [demo] [http-nio-8081-exec-1] o.a.c.c.C.[.[.[/compunet2-2026]          : Initializing Spring DispatcherServlet 'dispatcherServlet'
2026-09-23 11:20:34.119  INFO 107144 --- [demo] [http-nio-8081-exec-1] o.s.web.servlet.DispatcherServlet        : Initializing Servlet 'dispatcherServlet'
2026-09-23 11:20:34.122  INFO 107144 --- [demo] [http-nio-8081-exec-1] o.s.web.servlet.DispatcherServlet        : Completed initialization in 2 ms
2026-09-23 11:20:34.634  WARN 107144 --- [demo] [http-nio-8081-exec-1] .w.s.m.s.DefaultHandlerExceptionResolver : Ignoring exception, response committed already: org.springframework.http.converter.HttpMessageNotWritableException: Could not write JSON: Document nesting depth (501) exceeds the maximum allowed (500, from `StreamWriteConstraints.getMaxNestingDepth()`)
2026-09-23 11:20:34.637  WARN 107144 --- [demo] [http-nio-8081-exec-1] .w.s.m.s.DefaultHandlerExceptionResolver : Resolved [org.springframework.http.converter.HttpMessageNotWritableException: Could not write JSON: Document nesting depth (501) exceeds the maximum allowed (500, from `StreamWriteConstraints.getMaxNestingDepth()`)]
2026-09-23 11:22:23.908  INFO 107144 --- [demo] [SpringApplicationShutdownHook] o.s.boot.tomcat.GracefulShutdown         : Commencing graceful shutdown. Waiting for active requests to complete
2026-09-23 11:22:23.918  INFO 107144 --- [demo] [tomcat-shutdown] o.s.boot.tomcat.GracefulShutdown         : Graceful shutdown complete
2026-09-23 11:22:23.929  INFO 107144 --- [demo] [SpringApplicationShutdownHook] j.LocalContainerEntityManagerFactoryBean : Closing JPA EntityManagerFactory for persistence unit 'default'
2026-09-23 11:22:23.948  INFO 107144 --- [demo] [SpringApplicationShutdownHook] com.zaxxer.hikari.HikariDataSource       : HikariPool-1 - Shutdown initiated...
2026-09-23 11:22:23.953  INFO 107144 --- [demo] [SpringApplicationShutdownHook] com.zaxxer.hikari.HikariDataSource       : HikariPool-1 - Shutdown completed.
2026-09-23 11:22:31.808  INFO 108601 --- [demo] [main] com.example.demo.DemoApplication         : Starting DemoApplication using Java 17.0.20 with PID 108601 (/home/xnieb/Desktop/parcial-avion/target/classes started by xnieb in /home/xnieb/Desktop/parcial-avion)
2026-09-23 11:22:31.812  INFO 108601 --- [demo] [main] com.example.demo.DemoApplication         : No active profile set, falling back to 1 default profile: "default"
2026-09-23 11:22:32.421  INFO 108601 --- [demo] [main] .s.d.r.c.RepositoryConfigurationDelegate : Bootstrapping Spring Data JPA repositories in DEFAULT mode.
2026-09-23 11:22:32.491  INFO 108601 --- [demo] [main] .s.d.r.c.RepositoryConfigurationDelegate : Finished Spring Data repository scanning in 61 ms. Found 6 JPA repository interfaces.
2026-09-23 11:22:33.023  INFO 108601 --- [demo] [main] o.s.boot.tomcat.TomcatWebServer          : Tomcat initialized with port 8081 (http)
2026-09-23 11:22:33.039  INFO 108601 --- [demo] [main] o.apache.catalina.core.StandardService   : Starting service [Tomcat]
2026-09-23 11:22:33.040  INFO 108601 --- [demo] [main] o.apache.catalina.core.StandardEngine    : Starting Servlet engine: [Apache Tomcat/11.0.18]
2026-09-23 11:22:33.103  INFO 108601 --- [demo] [main] b.w.c.s.WebApplicationContextInitializer : Root WebApplicationContext: initialization completed in 1230 ms
2026-09-23 11:22:33.282  INFO 108601 --- [demo] [main] org.hibernate.orm.jpa                    : HHH008540: Processing PersistenceUnitInfo [name: default]
2026-09-23 11:22:33.381  INFO 108601 --- [demo] [main] org.hibernate.orm.core                   : HHH000001: Hibernate ORM core version 7.2.7.Final
2026-09-23 11:22:33.905  INFO 108601 --- [demo] [main] o.s.o.j.p.SpringPersistenceUnitInfo      : No LoadTimeWeaver setup: ignoring JPA class transformer
2026-09-23 11:22:33.969  INFO 108601 --- [demo] [main] com.zaxxer.hikari.HikariDataSource       : HikariPool-1 - Starting...
2026-09-23 11:22:34.193  INFO 108601 --- [demo] [main] com.zaxxer.hikari.pool.HikariPool        : HikariPool-1 - Added connection conn0: url=jdbc:h2:mem:db-test user=POSTGRES
2026-09-23 11:22:34.195  INFO 108601 --- [demo] [main] com.zaxxer.hikari.HikariDataSource       : HikariPool-1 - Start completed.
2026-09-23 11:22:34.281  INFO 108601 --- [demo] [main] org.hibernate.orm.connections.pooling    : HHH10001005: Database info:
	Database JDBC URL [jdbc:h2:mem:db-test]
	Database driver: H2 JDBC Driver
	Database dialect: H2Dialect
	Database version: 2.4.240
	Default catalog/schema: DB-TEST/PUBLIC
	Autocommit mode: undefined/unknown
	Isolation level: READ_COMMITTED [default READ_COMMITTED]
	JDBC fetch size: 100
	Pool: DataSourceConnectionProvider
	Minimum pool size: undefined/unknown
	Maximum pool size: undefined/unknown
2026-09-23 11:22:36.008  INFO 108601 --- [demo] [main] org.hibernate.orm.core                   : HHH000489: No JTA platform available (set 'hibernate.transaction.jta.platform' to enable JTA platform integration)
2026-09-23 11:22:36.160  INFO 108601 --- [demo] [main] j.LocalContainerEntityManagerFactoryBean : Initialized JPA EntityManagerFactory for persistence unit 'default'
2026-09-23 11:22:36.286  INFO 108601 --- [demo] [main] o.s.d.j.r.query.QueryEnhancerFactories   : Hibernate is in classpath; If applicable, HQL parser will be used.
2026-09-23 11:22:36.637  WARN 108601 --- [demo] [main] JpaBaseConfiguration$JpaWebConfiguration : spring.jpa.open-in-view is enabled by default. Therefore, database queries may be performed during view rendering. Explicitly configure spring.jpa.open-in-view to disable this warning
2026-09-23 11:22:36.921  INFO 108601 --- [demo] [main] o.s.b.h.a.H2ConsoleAutoConfiguration     : H2 console available at '/h2-console'. Database available at 'jdbc:h2:mem:db-test'
2026-09-23 11:22:37.024  INFO 108601 --- [demo] [main] o.s.boot.tomcat.TomcatWebServer          : Tomcat started on port 8081 (http) with context path '/compunet2-2026'
2026-09-23 11:22:37.030  INFO 108601 --- [demo] [main] com.example.demo.DemoApplication         : Started DemoApplication in 5.756 seconds (process running for 6.271)
2026-09-23 11:22:45.207  INFO 108601 --- [demo] [http-nio-8081-exec-1] o.a.c.c.C.[.[.[/compunet2-2026]          : Initializing Spring DispatcherServlet 'dispatcherServlet'
2026-09-23 11:22:45.208  INFO 108601 --- [demo] [http-nio-8081-exec-1] o.s.web.servlet.DispatcherServlet        : Initializing Servlet 'dispatcherServlet'
2026-09-23 11:22:45.211  INFO 108601 --- [demo] [http-nio-8081-exec-1] o.s.web.servlet.DispatcherServlet        : Completed initialization in 3 ms
2026-09-23 11:22:45.796  WARN 108601 --- [demo] [http-nio-8081-exec-1] .w.s.m.s.DefaultHandlerExceptionResolver : Ignoring exception, response committed already: org.springframework.http.converter.HttpMessageNotWritableException: Could not write JSON: Document nesting depth (501) exceeds the maximum allowed (500, from `StreamWriteConstraints.getMaxNestingDepth()`)
2026-09-23 11:22:45.802  WARN 108601 --- [demo] [http-nio-8081-exec-1] .w.s.m.s.DefaultHandlerExceptionResolver : Resolved [org.springframework.http.converter.HttpMessageNotWritableException: Could not write JSON: Document nesting depth (501) exceeds the maximum allowed (500, from `StreamWriteConstraints.getMaxNestingDepth()`)]
2026-09-23 11:26:10.841  INFO 108601 --- [demo] [SpringApplicationShutdownHook] o.s.boot.tomcat.GracefulShutdown         : Commencing graceful shutdown. Waiting for active requests to complete
2026-09-23 11:26:10.852  INFO 108601 --- [demo] [tomcat-shutdown] o.s.boot.tomcat.GracefulShutdown         : Graceful shutdown complete
2026-09-23 11:26:10.861  INFO 108601 --- [demo] [SpringApplicationShutdownHook] j.LocalContainerEntityManagerFactoryBean : Closing JPA EntityManagerFactory for persistence unit 'default'
2026-09-23 11:26:10.879  INFO 108601 --- [demo] [SpringApplicationShutdownHook] com.zaxxer.hikari.HikariDataSource       : HikariPool-1 - Shutdown initiated...
2026-09-23 11:26:10.883  INFO 108601 --- [demo] [SpringApplicationShutdownHook] com.zaxxer.hikari.HikariDataSource       : HikariPool-1 - Shutdown completed.
2026-09-23 11:26:18.070  INFO 110997 --- [demo] [main] com.example.demo.DemoApplication         : Starting DemoApplication using Java 17.0.20 with PID 110997 (/home/xnieb/Desktop/parcial-avion/target/classes started by xnieb in /home/xnieb/Desktop/parcial-avion)
2026-09-23 11:26:18.076  INFO 110997 --- [demo] [main] com.example.demo.DemoApplication         : No active profile set, falling back to 1 default profile: "default"
2026-09-23 11:26:18.850  INFO 110997 --- [demo] [main] .s.d.r.c.RepositoryConfigurationDelegate : Bootstrapping Spring Data JPA repositories in DEFAULT mode.
2026-09-23 11:26:18.953  INFO 110997 --- [demo] [main] .s.d.r.c.RepositoryConfigurationDelegate : Finished Spring Data repository scanning in 91 ms. Found 6 JPA repository interfaces.
2026-09-23 11:26:19.398  INFO 110997 --- [demo] [main] o.s.boot.tomcat.TomcatWebServer          : Tomcat initialized with port 8081 (http)
2026-09-23 11:26:19.412  INFO 110997 --- [demo] [main] o.apache.catalina.core.StandardService   : Starting service [Tomcat]
2026-09-23 11:26:19.413  INFO 110997 --- [demo] [main] o.apache.catalina.core.StandardEngine    : Starting Servlet engine: [Apache Tomcat/11.0.18]
2026-09-23 11:26:19.471  INFO 110997 --- [demo] [main] b.w.c.s.WebApplicationContextInitializer : Root WebApplicationContext: initialization completed in 1325 ms
2026-09-23 11:26:19.650  INFO 110997 --- [demo] [main] org.hibernate.orm.jpa                    : HHH008540: Processing PersistenceUnitInfo [name: default]
2026-09-23 11:26:19.716  INFO 110997 --- [demo] [main] org.hibernate.orm.core                   : HHH000001: Hibernate ORM core version 7.2.7.Final
2026-09-23 11:26:20.164  INFO 110997 --- [demo] [main] o.s.o.j.p.SpringPersistenceUnitInfo      : No LoadTimeWeaver setup: ignoring JPA class transformer
2026-09-23 11:26:20.207  INFO 110997 --- [demo] [main] com.zaxxer.hikari.HikariDataSource       : HikariPool-1 - Starting...
2026-09-23 11:26:20.388  INFO 110997 --- [demo] [main] com.zaxxer.hikari.pool.HikariPool        : HikariPool-1 - Added connection conn0: url=jdbc:h2:mem:db-test user=POSTGRES
2026-09-23 11:26:20.390  INFO 110997 --- [demo] [main] com.zaxxer.hikari.HikariDataSource       : HikariPool-1 - Start completed.
2026-09-23 11:26:20.475  INFO 110997 --- [demo] [main] org.hibernate.orm.connections.pooling    : HHH10001005: Database info:
	Database JDBC URL [jdbc:h2:mem:db-test]
	Database driver: H2 JDBC Driver
	Database dialect: H2Dialect
	Database version: 2.4.240
	Default catalog/schema: DB-TEST/PUBLIC
	Autocommit mode: undefined/unknown
	Isolation level: READ_COMMITTED [default READ_COMMITTED]
	JDBC fetch size: 100
	Pool: DataSourceConnectionProvider
	Minimum pool size: undefined/unknown
	Maximum pool size: undefined/unknown
2026-09-23 11:26:21.553  INFO 110997 --- [demo] [main] org.hibernate.orm.core                   : HHH000489: No JTA platform available (set 'hibernate.transaction.jta.platform' to enable JTA platform integration)
2026-09-23 11:26:21.689  INFO 110997 --- [demo] [main] j.LocalContainerEntityManagerFactoryBean : Initialized JPA EntityManagerFactory for persistence unit 'default'
2026-09-23 11:26:21.784  INFO 110997 --- [demo] [main] o.s.d.j.r.query.QueryEnhancerFactories   : Hibernate is in classpath; If applicable, HQL parser will be used.
2026-09-23 11:26:22.127  WARN 110997 --- [demo] [main] JpaBaseConfiguration$JpaWebConfiguration : spring.jpa.open-in-view is enabled by default. Therefore, database queries may be performed during view rendering. Explicitly configure spring.jpa.open-in-view to disable this warning
2026-09-23 11:26:22.381  INFO 110997 --- [demo] [main] o.s.b.h.a.H2ConsoleAutoConfiguration     : H2 console available at '/h2-console'. Database available at 'jdbc:h2:mem:db-test'
2026-09-23 11:26:22.490  INFO 110997 --- [demo] [main] o.s.boot.tomcat.TomcatWebServer          : Tomcat started on port 8081 (http) with context path '/compunet2-2026'
2026-09-23 11:26:22.497  INFO 110997 --- [demo] [main] com.example.demo.DemoApplication         : Started DemoApplication in 5.039 seconds (process running for 5.451)
2026-09-23 11:26:25.991  INFO 110997 --- [demo] [http-nio-8081-exec-1] o.a.c.c.C.[.[.[/compunet2-2026]          : Initializing Spring DispatcherServlet 'dispatcherServlet'
2026-09-23 11:26:25.991  INFO 110997 --- [demo] [http-nio-8081-exec-1] o.s.web.servlet.DispatcherServlet        : Initializing Servlet 'dispatcherServlet'
2026-09-23 11:26:25.994  INFO 110997 --- [demo] [http-nio-8081-exec-1] o.s.web.servlet.DispatcherServlet        : Completed initialization in 2 ms
2026-09-23 11:26:44.139  WARN 110997 --- [demo] [http-nio-8081-exec-2] .w.s.m.s.DefaultHandlerExceptionResolver : Ignoring exception, response committed already: org.springframework.http.converter.HttpMessageNotWritableException: Could not write JSON: Document nesting depth (501) exceeds the maximum allowed (500, from `StreamWriteConstraints.getMaxNestingDepth()`)
2026-09-23 11:26:44.143  WARN 110997 --- [demo] [http-nio-8081-exec-2] .w.s.m.s.DefaultHandlerExceptionResolver : Resolved [org.springframework.http.converter.HttpMessageNotWritableException: Could not write JSON: Document nesting depth (501) exceeds the maximum allowed (500, from `StreamWriteConstraints.getMaxNestingDepth()`)]
2026-09-23 11:45:40.555  INFO 110997 --- [demo] [SpringApplicationShutdownHook] o.s.boot.tomcat.GracefulShutdown         : Commencing graceful shutdown. Waiting for active requests to complete
2026-09-23 11:45:40.568  INFO 110997 --- [demo] [tomcat-shutdown] o.s.boot.tomcat.GracefulShutdown         : Graceful shutdown complete
2026-09-23 11:45:40.578  INFO 110997 --- [demo] [SpringApplicationShutdownHook] j.LocalContainerEntityManagerFactoryBean : Closing JPA EntityManagerFactory for persistence unit 'default'
2026-09-23 11:45:40.596  INFO 110997 --- [demo] [SpringApplicationShutdownHook] com.zaxxer.hikari.HikariDataSource       : HikariPool-1 - Shutdown initiated...
2026-09-23 11:45:40.600  INFO 110997 --- [demo] [SpringApplicationShutdownHook] com.zaxxer.hikari.HikariDataSource       : HikariPool-1 - Shutdown completed.
2026-09-23 11:45:47.593  INFO 121843 --- [demo] [main] com.example.demo.DemoApplication         : Starting DemoApplication using Java 17.0.20 with PID 121843 (/home/xnieb/Desktop/parcial-avion/target/classes started by xnieb in /home/xnieb/Desktop/parcial-avion)
2026-09-23 11:45:47.598  INFO 121843 --- [demo] [main] com.example.demo.DemoApplication         : No active profile set, falling back to 1 default profile: "default"
2026-09-23 11:45:48.534  INFO 121843 --- [demo] [main] .s.d.r.c.RepositoryConfigurationDelegate : Bootstrapping Spring Data JPA repositories in DEFAULT mode.
2026-09-23 11:45:48.609  INFO 121843 --- [demo] [main] .s.d.r.c.RepositoryConfigurationDelegate : Finished Spring Data repository scanning in 65 ms. Found 6 JPA repository interfaces.
2026-09-23 11:45:49.172  INFO 121843 --- [demo] [main] o.s.boot.tomcat.TomcatWebServer          : Tomcat initialized with port 8081 (http)
2026-09-23 11:45:49.199  INFO 121843 --- [demo] [main] o.apache.catalina.core.StandardService   : Starting service [Tomcat]
2026-09-23 11:45:49.200  INFO 121843 --- [demo] [main] o.apache.catalina.core.StandardEngine    : Starting Servlet engine: [Apache Tomcat/11.0.18]
2026-09-23 11:45:49.280  INFO 121843 --- [demo] [main] b.w.c.s.WebApplicationContextInitializer : Root WebApplicationContext: initialization completed in 1600 ms
2026-09-23 11:45:49.550  INFO 121843 --- [demo] [main] org.hibernate.orm.jpa                    : HHH008540: Processing PersistenceUnitInfo [name: default]
2026-09-23 11:45:49.631  INFO 121843 --- [demo] [main] org.hibernate.orm.core                   : HHH000001: Hibernate ORM core version 7.2.7.Final
2026-09-23 11:45:50.123  INFO 121843 --- [demo] [main] o.s.o.j.p.SpringPersistenceUnitInfo      : No LoadTimeWeaver setup: ignoring JPA class transformer
2026-09-23 11:45:50.174  INFO 121843 --- [demo] [main] com.zaxxer.hikari.HikariDataSource       : HikariPool-1 - Starting...
2026-09-23 11:45:50.461  INFO 121843 --- [demo] [main] com.zaxxer.hikari.pool.HikariPool        : HikariPool-1 - Added connection conn0: url=jdbc:h2:mem:db-test user=POSTGRES
2026-09-23 11:45:50.463  INFO 121843 --- [demo] [main] com.zaxxer.hikari.HikariDataSource       : HikariPool-1 - Start completed.
2026-09-23 11:45:50.548  INFO 121843 --- [demo] [main] org.hibernate.orm.connections.pooling    : HHH10001005: Database info:
	Database JDBC URL [jdbc:h2:mem:db-test]
	Database driver: H2 JDBC Driver
	Database dialect: H2Dialect
	Database version: 2.4.240
	Default catalog/schema: DB-TEST/PUBLIC
	Autocommit mode: undefined/unknown
	Isolation level: READ_COMMITTED [default READ_COMMITTED]
	JDBC fetch size: 100
	Pool: DataSourceConnectionProvider
	Minimum pool size: undefined/unknown
	Maximum pool size: undefined/unknown
2026-09-23 11:45:52.108  INFO 121843 --- [demo] [main] org.hibernate.orm.core                   : HHH000489: No JTA platform available (set 'hibernate.transaction.jta.platform' to enable JTA platform integration)
2026-09-23 11:45:52.249  INFO 121843 --- [demo] [main] j.LocalContainerEntityManagerFactoryBean : Initialized JPA EntityManagerFactory for persistence unit 'default'
2026-09-23 11:45:52.367  INFO 121843 --- [demo] [main] o.s.d.j.r.query.QueryEnhancerFactories   : Hibernate is in classpath; If applicable, HQL parser will be used.
2026-09-23 11:45:52.687  WARN 121843 --- [demo] [main] JpaBaseConfiguration$JpaWebConfiguration : spring.jpa.open-in-view is enabled by default. Therefore, database queries may be performed during view rendering. Explicitly configure spring.jpa.open-in-view to disable this warning
2026-09-23 11:45:52.952  INFO 121843 --- [demo] [main] o.s.b.h.a.H2ConsoleAutoConfiguration     : H2 console available at '/h2-console'. Database available at 'jdbc:h2:mem:db-test'
2026-09-23 11:45:53.058  INFO 121843 --- [demo] [main] o.s.boot.tomcat.TomcatWebServer          : Tomcat started on port 8081 (http) with context path '/compunet2-2026'
2026-09-23 11:45:53.064  INFO 121843 --- [demo] [main] com.example.demo.DemoApplication         : Started DemoApplication in 6.339 seconds (process running for 6.898)
2026-09-23 11:46:26.601  INFO 121843 --- [demo] [http-nio-8081-exec-1] o.a.c.c.C.[.[.[/compunet2-2026]          : Initializing Spring DispatcherServlet 'dispatcherServlet'
2026-09-23 11:46:26.602  INFO 121843 --- [demo] [http-nio-8081-exec-1] o.s.web.servlet.DispatcherServlet        : Initializing Servlet 'dispatcherServlet'
2026-09-23 11:46:26.604  INFO 121843 --- [demo] [http-nio-8081-exec-1] o.s.web.servlet.DispatcherServlet        : Completed initialization in 2 ms
2026-09-23 11:46:27.320  WARN 121843 --- [demo] [http-nio-8081-exec-1] .w.s.m.s.DefaultHandlerExceptionResolver : Ignoring exception, response committed already: org.springframework.http.converter.HttpMessageNotWritableException: Could not write JSON: Document nesting depth (501) exceeds the maximum allowed (500, from `StreamWriteConstraints.getMaxNestingDepth()`)
2026-09-23 11:46:27.325  WARN 121843 --- [demo] [http-nio-8081-exec-1] .w.s.m.s.DefaultHandlerExceptionResolver : Resolved [org.springframework.http.converter.HttpMessageNotWritableException: Could not write JSON: Document nesting depth (501) exceeds the maximum allowed (500, from `StreamWriteConstraints.getMaxNestingDepth()`)]
2026-09-23 11:47:34.485  INFO 121843 --- [demo] [SpringApplicationShutdownHook] o.s.boot.tomcat.GracefulShutdown         : Commencing graceful shutdown. Waiting for active requests to complete
2026-09-23 11:47:34.493  INFO 121843 --- [demo] [tomcat-shutdown] o.s.boot.tomcat.GracefulShutdown         : Graceful shutdown complete
2026-09-23 11:47:34.499  INFO 121843 --- [demo] [SpringApplicationShutdownHook] j.LocalContainerEntityManagerFactoryBean : Closing JPA EntityManagerFactory for persistence unit 'default'
2026-09-23 11:47:34.507  INFO 121843 --- [demo] [SpringApplicationShutdownHook] com.zaxxer.hikari.HikariDataSource       : HikariPool-1 - Shutdown initiated...
2026-09-23 11:47:34.509  INFO 121843 --- [demo] [SpringApplicationShutdownHook] com.zaxxer.hikari.HikariDataSource       : HikariPool-1 - Shutdown completed.
2026-09-23 11:47:52.597  INFO 123208 --- [demo] [main] com.example.demo.DemoApplication         : Starting DemoApplication using Java 17.0.20 with PID 123208 (/home/xnieb/Desktop/parcial-avion/target/classes started by xnieb in /home/xnieb/Desktop/parcial-avion)
2026-09-23 11:47:52.601  INFO 123208 --- [demo] [main] com.example.demo.DemoApplication         : No active profile set, falling back to 1 default profile: "default"
2026-09-23 11:47:53.210  INFO 123208 --- [demo] [main] .s.d.r.c.RepositoryConfigurationDelegate : Bootstrapping Spring Data JPA repositories in DEFAULT mode.
2026-09-23 11:47:53.279  INFO 123208 --- [demo] [main] .s.d.r.c.RepositoryConfigurationDelegate : Finished Spring Data repository scanning in 60 ms. Found 6 JPA repository interfaces.
2026-09-23 11:47:53.718  INFO 123208 --- [demo] [main] o.s.boot.tomcat.TomcatWebServer          : Tomcat initialized with port 8081 (http)
2026-09-23 11:47:53.730  INFO 123208 --- [demo] [main] o.apache.catalina.core.StandardService   : Starting service [Tomcat]
2026-09-23 11:47:53.731  INFO 123208 --- [demo] [main] o.apache.catalina.core.StandardEngine    : Starting Servlet engine: [Apache Tomcat/11.0.18]
2026-09-23 11:47:53.793  INFO 123208 --- [demo] [main] b.w.c.s.WebApplicationContextInitializer : Root WebApplicationContext: initialization completed in 1118 ms
2026-09-23 11:47:53.970  INFO 123208 --- [demo] [main] org.hibernate.orm.jpa                    : HHH008540: Processing PersistenceUnitInfo [name: default]
2026-09-23 11:47:54.036  INFO 123208 --- [demo] [main] org.hibernate.orm.core                   : HHH000001: Hibernate ORM core version 7.2.7.Final
2026-09-23 11:47:54.412  INFO 123208 --- [demo] [main] o.s.o.j.p.SpringPersistenceUnitInfo      : No LoadTimeWeaver setup: ignoring JPA class transformer
2026-09-23 11:47:54.466  INFO 123208 --- [demo] [main] com.zaxxer.hikari.HikariDataSource       : HikariPool-1 - Starting...
2026-09-23 11:47:54.640  INFO 123208 --- [demo] [main] com.zaxxer.hikari.pool.HikariPool        : HikariPool-1 - Added connection conn0: url=jdbc:h2:mem:db-test user=POSTGRES
2026-09-23 11:47:54.643  INFO 123208 --- [demo] [main] com.zaxxer.hikari.HikariDataSource       : HikariPool-1 - Start completed.
2026-09-23 11:47:54.708  INFO 123208 --- [demo] [main] org.hibernate.orm.connections.pooling    : HHH10001005: Database info:
	Database JDBC URL [jdbc:h2:mem:db-test]
	Database driver: H2 JDBC Driver
	Database dialect: H2Dialect
	Database version: 2.4.240
	Default catalog/schema: DB-TEST/PUBLIC
	Autocommit mode: undefined/unknown
	Isolation level: READ_COMMITTED [default READ_COMMITTED]
	JDBC fetch size: 100
	Pool: DataSourceConnectionProvider
	Minimum pool size: undefined/unknown
	Maximum pool size: undefined/unknown
2026-09-23 11:47:55.671  INFO 123208 --- [demo] [main] org.hibernate.orm.core                   : HHH000489: No JTA platform available (set 'hibernate.transaction.jta.platform' to enable JTA platform integration)
2026-09-23 11:47:55.793  INFO 123208 --- [demo] [main] j.LocalContainerEntityManagerFactoryBean : Initialized JPA EntityManagerFactory for persistence unit 'default'
2026-09-23 11:47:55.912  INFO 123208 --- [demo] [main] o.s.d.j.r.query.QueryEnhancerFactories   : Hibernate is in classpath; If applicable, HQL parser will be used.
2026-09-23 11:47:56.207  WARN 123208 --- [demo] [main] JpaBaseConfiguration$JpaWebConfiguration : spring.jpa.open-in-view is enabled by default. Therefore, database queries may be performed during view rendering. Explicitly configure spring.jpa.open-in-view to disable this warning
2026-09-23 11:47:56.519  INFO 123208 --- [demo] [main] o.s.b.h.a.H2ConsoleAutoConfiguration     : H2 console available at '/h2-console'. Database available at 'jdbc:h2:mem:db-test'
2026-09-23 11:47:56.621  INFO 123208 --- [demo] [main] o.s.boot.tomcat.TomcatWebServer          : Tomcat started on port 8081 (http) with context path '/compunet2-2026'
2026-09-23 11:47:56.627  INFO 123208 --- [demo] [main] com.example.demo.DemoApplication         : Started DemoApplication in 4.571 seconds (process running for 4.961)
2026-09-23 11:48:05.993  INFO 123208 --- [demo] [http-nio-8081-exec-1] o.a.c.c.C.[.[.[/compunet2-2026]          : Initializing Spring DispatcherServlet 'dispatcherServlet'
2026-09-23 11:48:05.994  INFO 123208 --- [demo] [http-nio-8081-exec-1] o.s.web.servlet.DispatcherServlet        : Initializing Servlet 'dispatcherServlet'
2026-09-23 11:48:05.996  INFO 123208 --- [demo] [http-nio-8081-exec-1] o.s.web.servlet.DispatcherServlet        : Completed initialization in 2 ms
2026-09-23 12:04:53.923  INFO 123208 --- [demo] [SpringApplicationShutdownHook] o.s.boot.tomcat.GracefulShutdown         : Commencing graceful shutdown. Waiting for active requests to complete
2026-09-23 12:04:53.935  INFO 123208 --- [demo] [tomcat-shutdown] o.s.boot.tomcat.GracefulShutdown         : Graceful shutdown complete
2026-09-23 12:04:53.945  INFO 123208 --- [demo] [SpringApplicationShutdownHook] j.LocalContainerEntityManagerFactoryBean : Closing JPA EntityManagerFactory for persistence unit 'default'
2026-09-23 12:04:53.960  INFO 123208 --- [demo] [SpringApplicationShutdownHook] com.zaxxer.hikari.HikariDataSource       : HikariPool-1 - Shutdown initiated...
2026-09-23 12:04:53.964  INFO 123208 --- [demo] [SpringApplicationShutdownHook] com.zaxxer.hikari.HikariDataSource       : HikariPool-1 - Shutdown completed.
2026-09-23 12:05:01.122  INFO 132596 --- [demo] [main] com.example.demo.DemoApplication         : Starting DemoApplication using Java 17.0.20 with PID 132596 (/home/xnieb/Desktop/parcial-avion/target/classes started by xnieb in /home/xnieb/Desktop/parcial-avion)
2026-09-23 12:05:01.130  INFO 132596 --- [demo] [main] com.example.demo.DemoApplication         : No active profile set, falling back to 1 default profile: "default"
2026-09-23 12:05:02.147  INFO 132596 --- [demo] [main] .s.d.r.c.RepositoryConfigurationDelegate : Bootstrapping Spring Data JPA repositories in DEFAULT mode.
2026-09-23 12:05:02.242  INFO 132596 --- [demo] [main] .s.d.r.c.RepositoryConfigurationDelegate : Finished Spring Data repository scanning in 81 ms. Found 6 JPA repository interfaces.
2026-09-23 12:05:02.681  INFO 132596 --- [demo] [main] o.s.boot.tomcat.TomcatWebServer          : Tomcat initialized with port 8081 (http)
2026-09-23 12:05:02.694  INFO 132596 --- [demo] [main] o.apache.catalina.core.StandardService   : Starting service [Tomcat]
2026-09-23 12:05:02.695  INFO 132596 --- [demo] [main] o.apache.catalina.core.StandardEngine    : Starting Servlet engine: [Apache Tomcat/11.0.18]
2026-09-23 12:05:02.753  INFO 132596 --- [demo] [main] b.w.c.s.WebApplicationContextInitializer : Root WebApplicationContext: initialization completed in 1484 ms
2026-09-23 12:05:02.927  INFO 132596 --- [demo] [main] org.hibernate.orm.jpa                    : HHH008540: Processing PersistenceUnitInfo [name: default]
2026-09-23 12:05:02.996  INFO 132596 --- [demo] [main] org.hibernate.orm.core                   : HHH000001: Hibernate ORM core version 7.2.7.Final
2026-09-23 12:05:03.347  INFO 132596 --- [demo] [main] o.s.o.j.p.SpringPersistenceUnitInfo      : No LoadTimeWeaver setup: ignoring JPA class transformer
2026-09-23 12:05:03.394  INFO 132596 --- [demo] [main] com.zaxxer.hikari.HikariDataSource       : HikariPool-1 - Starting...
2026-09-23 12:05:03.567  INFO 132596 --- [demo] [main] com.zaxxer.hikari.pool.HikariPool        : HikariPool-1 - Added connection conn0: url=jdbc:h2:mem:db-test user=POSTGRES
2026-09-23 12:05:03.569  INFO 132596 --- [demo] [main] com.zaxxer.hikari.HikariDataSource       : HikariPool-1 - Start completed.
2026-09-23 12:05:03.630  INFO 132596 --- [demo] [main] org.hibernate.orm.connections.pooling    : HHH10001005: Database info:
	Database JDBC URL [jdbc:h2:mem:db-test]
	Database driver: H2 JDBC Driver
	Database dialect: H2Dialect
	Database version: 2.4.240
	Default catalog/schema: DB-TEST/PUBLIC
	Autocommit mode: undefined/unknown
	Isolation level: READ_COMMITTED [default READ_COMMITTED]
	JDBC fetch size: 100
	Pool: DataSourceConnectionProvider
	Minimum pool size: undefined/unknown
	Maximum pool size: undefined/unknown
2026-09-23 12:05:04.636  INFO 132596 --- [demo] [main] org.hibernate.orm.core                   : HHH000489: No JTA platform available (set 'hibernate.transaction.jta.platform' to enable JTA platform integration)
2026-09-23 12:05:04.757  INFO 132596 --- [demo] [main] j.LocalContainerEntityManagerFactoryBean : Initialized JPA EntityManagerFactory for persistence unit 'default'
2026-09-23 12:05:04.858  INFO 132596 --- [demo] [main] o.s.d.j.r.query.QueryEnhancerFactories   : Hibernate is in classpath; If applicable, HQL parser will be used.
2026-09-23 12:05:05.082  WARN 132596 --- [demo] [main] ConfigServletWebServerApplicationContext : Exception encountered during context initialization - cancelling refresh attempt: org.springframework.beans.factory.UnsatisfiedDependencyException: Error creating bean with name 'airlineController' defined in file [/home/xnieb/Desktop/parcial-avion/target/classes/com/example/demo/controller/AirlineController.class]: Unsatisfied dependency expressed through constructor parameter 0: Error creating bean with name 'IAirlineRepository' defined in com.example.demo.repository.IAirlineRepository defined in @EnableJpaRepositories declared on DataJpaRepositoriesRegistrar.EnableJpaRepositoriesConfiguration: Method expects at least 2 arguments but only found 1; This leaves an operator of type 'SIMPLE_PROPERTY' for property 'airplanes.flights.destinationAirport.city' unbound
2026-09-23 12:05:05.083  INFO 132596 --- [demo] [main] j.LocalContainerEntityManagerFactoryBean : Closing JPA EntityManagerFactory for persistence unit 'default'
2026-09-23 12:05:05.095  INFO 132596 --- [demo] [main] com.zaxxer.hikari.HikariDataSource       : HikariPool-1 - Shutdown initiated...
2026-09-23 12:05:05.098  INFO 132596 --- [demo] [main] com.zaxxer.hikari.HikariDataSource       : HikariPool-1 - Shutdown completed.
2026-09-23 12:05:05.102  INFO 132596 --- [demo] [main] o.apache.catalina.core.StandardService   : Stopping service [Tomcat]
2026-09-23 12:05:05.120  INFO 132596 --- [demo] [main] .s.b.a.l.ConditionEvaluationReportLogger : 

Error starting ApplicationContext. To display the condition evaluation report re-run your application with 'debug' enabled.
2026-09-23 12:05:05.140 ERROR 132596 --- [demo] [main] o.s.boot.SpringApplication               : Application run failed

org.springframework.beans.factory.UnsatisfiedDependencyException: Error creating bean with name 'airlineController' defined in file [/home/xnieb/Desktop/parcial-avion/target/classes/com/example/demo/controller/AirlineController.class]: Unsatisfied dependency expressed through constructor parameter 0: Error creating bean with name 'IAirlineRepository' defined in com.example.demo.repository.IAirlineRepository defined in @EnableJpaRepositories declared on DataJpaRepositoriesRegistrar.EnableJpaRepositoriesConfiguration: Method expects at least 2 arguments but only found 1; This leaves an operator of type 'SIMPLE_PROPERTY' for property 'airplanes.flights.destinationAirport.city' unbound
	at org.springframework.beans.factory.support.ConstructorResolver.createArgumentArray(ConstructorResolver.java:804) ~[spring-beans-7.0.6.jar:7.0.6]
	at org.springframework.beans.factory.support.ConstructorResolver.autowireConstructor(ConstructorResolver.java:240) ~[spring-beans-7.0.6.jar:7.0.6]
	at org.springframework.beans.factory.support.AbstractAutowireCapableBeanFactory.autowireConstructor(AbstractAutowireCapableBeanFactory.java:1382) ~[spring-beans-7.0.6.jar:7.0.6]
	at org.springframework.beans.factory.support.AbstractAutowireCapableBeanFactory.createBeanInstance(AbstractAutowireCapableBeanFactory.java:1221) ~[spring-beans-7.0.6.jar:7.0.6]
	at org.springframework.beans.factory.support.AbstractAutowireCapableBeanFactory.doCreateBean(AbstractAutowireCapableBeanFactory.java:565) ~[spring-beans-7.0.6.jar:7.0.6]
	at org.springframework.beans.factory.support.AbstractAutowireCapableBeanFactory.createBean(AbstractAutowireCapableBeanFactory.java:525) ~[spring-beans-7.0.6.jar:7.0.6]
	at org.springframework.beans.factory.support.AbstractBeanFactory.lambda$doGetBean$0(AbstractBeanFactory.java:333) ~[spring-beans-7.0.6.jar:7.0.6]
	at org.springframework.beans.factory.support.DefaultSingletonBeanRegistry.getSingleton(DefaultSingletonBeanRegistry.java:371) ~[spring-beans-7.0.6.jar:7.0.6]
	at org.springframework.beans.factory.support.AbstractBeanFactory.doGetBean(AbstractBeanFactory.java:331) ~[spring-beans-7.0.6.jar:7.0.6]
	at org.springframework.beans.factory.support.AbstractBeanFactory.getBean(AbstractBeanFactory.java:196) ~[spring-beans-7.0.6.jar:7.0.6]
	at org.springframework.beans.factory.support.DefaultListableBeanFactory.instantiateSingleton(DefaultListableBeanFactory.java:1218) ~[spring-beans-7.0.6.jar:7.0.6]
	at org.springframework.beans.factory.support.DefaultListableBeanFactory.preInstantiateSingleton(DefaultListableBeanFactory.java:1184) ~[spring-beans-7.0.6.jar:7.0.6]
	at org.springframework.beans.factory.support.DefaultListableBeanFactory.preInstantiateSingletons(DefaultListableBeanFactory.java:1121) ~[spring-beans-7.0.6.jar:7.0.6]
	at org.springframework.context.support.AbstractApplicationContext.finishBeanFactoryInitialization(AbstractApplicationContext.java:994) ~[spring-context-7.0.6.jar:7.0.6]
	at org.springframework.context.support.AbstractApplicationContext.refresh(AbstractApplicationContext.java:621) ~[spring-context-7.0.6.jar:7.0.6]
	at org.springframework.boot.web.server.servlet.context.ServletWebServerApplicationContext.refresh(ServletWebServerApplicationContext.java:143) ~[spring-boot-web-server-4.0.4.jar:4.0.4]
	at org.springframework.boot.SpringApplication.refresh(SpringApplication.java:756) ~[spring-boot-4.0.4.jar:4.0.4]
	at org.springframework.boot.SpringApplication.refreshContext(SpringApplication.java:445) ~[spring-boot-4.0.4.jar:4.0.4]
	at org.springframework.boot.SpringApplication.run(SpringApplication.java:321) ~[spring-boot-4.0.4.jar:4.0.4]
	at org.springframework.boot.SpringApplication.run(SpringApplication.java:1365) ~[spring-boot-4.0.4.jar:4.0.4]
	at org.springframework.boot.SpringApplication.run(SpringApplication.java:1354) ~[spring-boot-4.0.4.jar:4.0.4]
	at com.example.demo.DemoApplication.main(DemoApplication.java:10) ~[classes/:na]
Caused by: org.springframework.beans.factory.BeanCreationException: Error creating bean with name 'IAirlineRepository' defined in com.example.demo.repository.IAirlineRepository defined in @EnableJpaRepositories declared on DataJpaRepositoriesRegistrar.EnableJpaRepositoriesConfiguration: Method expects at least 2 arguments but only found 1; This leaves an operator of type 'SIMPLE_PROPERTY' for property 'airplanes.flights.destinationAirport.city' unbound
	at org.springframework.beans.factory.support.AbstractAutowireCapableBeanFactory.initializeBean(AbstractAutowireCapableBeanFactory.java:1817) ~[spring-beans-7.0.6.jar:7.0.6]
	at org.springframework.beans.factory.support.AbstractAutowireCapableBeanFactory.doCreateBean(AbstractAutowireCapableBeanFactory.java:603) ~[spring-beans-7.0.6.jar:7.0.6]
	at org.springframework.beans.factory.support.AbstractAutowireCapableBeanFactory.createBean(AbstractAutowireCapableBeanFactory.java:525) ~[spring-beans-7.0.6.jar:7.0.6]
	at org.springframework.beans.factory.support.AbstractBeanFactory.lambda$doGetBean$0(AbstractBeanFactory.java:333) ~[spring-beans-7.0.6.jar:7.0.6]
	at org.springframework.beans.factory.support.DefaultSingletonBeanRegistry.getSingleton(DefaultSingletonBeanRegistry.java:371) ~[spring-beans-7.0.6.jar:7.0.6]
	at org.springframework.beans.factory.support.AbstractBeanFactory.doGetBean(AbstractBeanFactory.java:331) ~[spring-beans-7.0.6.jar:7.0.6]
	at org.springframework.beans.factory.support.AbstractBeanFactory.getBean(AbstractBeanFactory.java:201) ~[spring-beans-7.0.6.jar:7.0.6]
	at org.springframework.beans.factory.config.DependencyDescriptor.resolveCandidate(DependencyDescriptor.java:229) ~[spring-beans-7.0.6.jar:7.0.6]
	at org.springframework.beans.factory.support.DefaultListableBeanFactory.doResolveDependency(DefaultListableBeanFactory.java:1762) ~[spring-beans-7.0.6.jar:7.0.6]
	at org.springframework.beans.factory.support.DefaultListableBeanFactory.resolveDependency(DefaultListableBeanFactory.java:1651) ~[spring-beans-7.0.6.jar:7.0.6]
	at org.springframework.beans.factory.support.ConstructorResolver.resolveAutowiredArgument(ConstructorResolver.java:912) ~[spring-beans-7.0.6.jar:7.0.6]
	at org.springframework.beans.factory.support.ConstructorResolver.createArgumentArray(ConstructorResolver.java:791) ~[spring-beans-7.0.6.jar:7.0.6]
	... 21 common frames omitted
Caused by: org.springframework.data.repository.query.QueryCreationException: Cannot create query for method [IAirlineRepository.findDistinctByAirplanes_Flights_OriginAirport_CityOrAirplanes_Flights_DestinationAirport_City(java.lang.String)]; Method expects at least 2 arguments but only found 1; This leaves an operator of type 'SIMPLE_PROPERTY' for property 'airplanes.flights.destinationAirport.city' unbound
	at org.springframework.data.repository.query.QueryCreationException.create(QueryCreationException.java:109) ~[spring-data-commons-4.0.4.jar:4.0.4]
	at org.springframework.data.jpa.repository.query.PartTreeJpaQuery.<init>(PartTreeJpaQuery.java:114) ~[spring-data-jpa-4.0.4.jar:4.0.4]
	at org.springframework.data.jpa.repository.query.JpaQueryLookupStrategy$CreateQueryLookupStrategy.resolveQuery(JpaQueryLookupStrategy.java:118) ~[spring-data-jpa-4.0.4.jar:4.0.4]
	at org.springframework.data.jpa.repository.query.JpaQueryLookupStrategy$CreateIfNotFoundQueryLookupStrategy.resolveQuery(JpaQueryLookupStrategy.java:291) ~[spring-data-jpa-4.0.4.jar:4.0.4]
	at org.springframework.data.jpa.repository.query.JpaQueryLookupStrategy$AbstractQueryLookupStrategy.resolveQuery(JpaQueryLookupStrategy.java:93) ~[spring-data-jpa-4.0.4.jar:4.0.4]
	at org.springframework.data.repository.core.support.QueryExecutorMethodInterceptor.lookupQuery(QueryExecutorMethodInterceptor.java:114) ~[spring-data-commons-4.0.4.jar:4.0.4]
	at org.springframework.data.repository.core.support.QueryExecutorMethodInterceptor.mapMethodsToQuery(QueryExecutorMethodInterceptor.java:102) ~[spring-data-commons-4.0.4.jar:4.0.4]
	at org.springframework.data.repository.core.support.QueryExecutorMethodInterceptor.<init>(QueryExecutorMethodInterceptor.java:90) ~[spring-data-commons-4.0.4.jar:4.0.4]
	at org.springframework.data.repository.core.support.RepositoryFactorySupport.getRepository(RepositoryFactorySupport.java:413) ~[spring-data-commons-4.0.4.jar:4.0.4]
	at org.springframework.data.repository.core.support.RepositoryFactoryBeanSupport.lambda$afterPropertiesSet$1(RepositoryFactoryBeanSupport.java:361) ~[spring-data-commons-4.0.4.jar:4.0.4]
	at org.springframework.data.util.Lazy.getNullable(Lazy.java:136) ~[spring-data-commons-4.0.4.jar:4.0.4]
	at org.springframework.data.util.Lazy.get(Lazy.java:114) ~[spring-data-commons-4.0.4.jar:4.0.4]
	at org.springframework.data.repository.core.support.RepositoryFactoryBeanSupport.afterPropertiesSet(RepositoryFactoryBeanSupport.java:370) ~[spring-data-commons-4.0.4.jar:4.0.4]
	at org.springframework.data.jpa.repository.support.JpaRepositoryFactoryBean.afterPropertiesSet(JpaRepositoryFactoryBean.java:212) ~[spring-data-jpa-4.0.4.jar:4.0.4]
	at org.springframework.beans.factory.support.AbstractAutowireCapableBeanFactory.invokeInitMethods(AbstractAutowireCapableBeanFactory.java:1864) ~[spring-beans-7.0.6.jar:7.0.6]
	at org.springframework.beans.factory.support.AbstractAutowireCapableBeanFactory.initializeBean(AbstractAutowireCapableBeanFactory.java:1813) ~[spring-beans-7.0.6.jar:7.0.6]
	... 32 common frames omitted
Caused by: java.lang.IllegalStateException: Method expects at least 2 arguments but only found 1; This leaves an operator of type 'SIMPLE_PROPERTY' for property 'airplanes.flights.destinationAirport.city' unbound
	at org.springframework.data.jpa.repository.query.PartTreeJpaQuery.throwExceptionOnArgumentMismatch(PartTreeJpaQuery.java:174) ~[spring-data-jpa-4.0.4.jar:4.0.4]
	at org.springframework.data.jpa.repository.query.PartTreeJpaQuery.validate(PartTreeJpaQuery.java:160) ~[spring-data-jpa-4.0.4.jar:4.0.4]
	at org.springframework.data.jpa.repository.query.PartTreeJpaQuery.<init>(PartTreeJpaQuery.java:109) ~[spring-data-jpa-4.0.4.jar:4.0.4]
	... 46 common frames omitted

2026-09-23 12:11:16.405  INFO 136169 --- [demo] [main] com.example.demo.DemoApplication         : Starting DemoApplication using Java 17.0.20 with PID 136169 (/home/xnieb/Desktop/parcial-avion/target/classes started by xnieb in /home/xnieb/Desktop/parcial-avion)
2026-09-23 12:11:16.410  INFO 136169 --- [demo] [main] com.example.demo.DemoApplication         : No active profile set, falling back to 1 default profile: "default"
2026-09-23 12:11:17.049  INFO 136169 --- [demo] [main] .s.d.r.c.RepositoryConfigurationDelegate : Bootstrapping Spring Data JPA repositories in DEFAULT mode.
2026-09-23 12:11:17.120  INFO 136169 --- [demo] [main] .s.d.r.c.RepositoryConfigurationDelegate : Finished Spring Data repository scanning in 63 ms. Found 6 JPA repository interfaces.
2026-09-23 12:11:17.614  INFO 136169 --- [demo] [main] o.s.boot.tomcat.TomcatWebServer          : Tomcat initialized with port 8081 (http)
2026-09-23 12:11:17.629  INFO 136169 --- [demo] [main] o.apache.catalina.core.StandardService   : Starting service [Tomcat]
2026-09-23 12:11:17.630  INFO 136169 --- [demo] [main] o.apache.catalina.core.StandardEngine    : Starting Servlet engine: [Apache Tomcat/11.0.18]
2026-09-23 12:11:17.692  INFO 136169 --- [demo] [main] b.w.c.s.WebApplicationContextInitializer : Root WebApplicationContext: initialization completed in 1209 ms
2026-09-23 12:11:17.869  INFO 136169 --- [demo] [main] org.hibernate.orm.jpa                    : HHH008540: Processing PersistenceUnitInfo [name: default]
2026-09-23 12:11:17.940  INFO 136169 --- [demo] [main] org.hibernate.orm.core                   : HHH000001: Hibernate ORM core version 7.2.7.Final
2026-09-23 12:11:18.302  INFO 136169 --- [demo] [main] o.s.o.j.p.SpringPersistenceUnitInfo      : No LoadTimeWeaver setup: ignoring JPA class transformer
2026-09-23 12:11:18.356  INFO 136169 --- [demo] [main] com.zaxxer.hikari.HikariDataSource       : HikariPool-1 - Starting...
2026-09-23 12:11:18.549  INFO 136169 --- [demo] [main] com.zaxxer.hikari.pool.HikariPool        : HikariPool-1 - Added connection conn0: url=jdbc:h2:mem:db-test user=POSTGRES
2026-09-23 12:11:18.550  INFO 136169 --- [demo] [main] com.zaxxer.hikari.HikariDataSource       : HikariPool-1 - Start completed.
2026-09-23 12:11:18.652  INFO 136169 --- [demo] [main] org.hibernate.orm.connections.pooling    : HHH10001005: Database info:
	Database JDBC URL [jdbc:h2:mem:db-test]
	Database driver: H2 JDBC Driver
	Database dialect: H2Dialect
	Database version: 2.4.240
	Default catalog/schema: DB-TEST/PUBLIC
	Autocommit mode: undefined/unknown
	Isolation level: READ_COMMITTED [default READ_COMMITTED]
	JDBC fetch size: 100
	Pool: DataSourceConnectionProvider
	Minimum pool size: undefined/unknown
	Maximum pool size: undefined/unknown
2026-09-23 12:11:19.628  INFO 136169 --- [demo] [main] org.hibernate.orm.core                   : HHH000489: No JTA platform available (set 'hibernate.transaction.jta.platform' to enable JTA platform integration)
2026-09-23 12:11:19.754  INFO 136169 --- [demo] [main] j.LocalContainerEntityManagerFactoryBean : Initialized JPA EntityManagerFactory for persistence unit 'default'
2026-09-23 12:11:19.859  INFO 136169 --- [demo] [main] o.s.d.j.r.query.QueryEnhancerFactories   : Hibernate is in classpath; If applicable, HQL parser will be used.
2026-09-23 12:11:20.142  WARN 136169 --- [demo] [main] JpaBaseConfiguration$JpaWebConfiguration : spring.jpa.open-in-view is enabled by default. Therefore, database queries may be performed during view rendering. Explicitly configure spring.jpa.open-in-view to disable this warning
2026-09-23 12:11:20.405  INFO 136169 --- [demo] [main] o.s.b.h.a.H2ConsoleAutoConfiguration     : H2 console available at '/h2-console'. Database available at 'jdbc:h2:mem:db-test'
2026-09-23 12:11:20.518  INFO 136169 --- [demo] [main] o.s.boot.tomcat.TomcatWebServer          : Tomcat started on port 8081 (http) with context path '/compunet2-2026'
2026-09-23 12:11:20.527  INFO 136169 --- [demo] [main] com.example.demo.DemoApplication         : Started DemoApplication in 4.769 seconds (process running for 5.257)
2026-09-23 12:11:50.157  INFO 136169 --- [demo] [http-nio-8081-exec-1] o.a.c.c.C.[.[.[/compunet2-2026]          : Initializing Spring DispatcherServlet 'dispatcherServlet'
2026-09-23 12:11:50.158  INFO 136169 --- [demo] [http-nio-8081-exec-1] o.s.web.servlet.DispatcherServlet        : Initializing Servlet 'dispatcherServlet'
2026-09-23 12:11:50.161  INFO 136169 --- [demo] [http-nio-8081-exec-1] o.s.web.servlet.DispatcherServlet        : Completed initialization in 3 ms
2026-09-23 12:45:34.839  INFO 136169 --- [demo] [SpringApplicationShutdownHook] o.s.boot.tomcat.GracefulShutdown         : Commencing graceful shutdown. Waiting for active requests to complete
2026-09-23 12:45:34.848  INFO 136169 --- [demo] [tomcat-shutdown] o.s.boot.tomcat.GracefulShutdown         : Graceful shutdown complete
2026-09-23 12:45:34.856  INFO 136169 --- [demo] [SpringApplicationShutdownHook] j.LocalContainerEntityManagerFactoryBean : Closing JPA EntityManagerFactory for persistence unit 'default'
2026-09-23 12:45:34.872  INFO 136169 --- [demo] [SpringApplicationShutdownHook] com.zaxxer.hikari.HikariDataSource       : HikariPool-1 - Shutdown initiated...
2026-09-23 12:45:34.876  INFO 136169 --- [demo] [SpringApplicationShutdownHook] com.zaxxer.hikari.HikariDataSource       : HikariPool-1 - Shutdown completed.
2026-09-23 12:45:42.923  INFO 156276 --- [demo] [main] com.example.demo.DemoApplication         : Starting DemoApplication using Java 17.0.20 with PID 156276 (/home/xnieb/Desktop/parcial-avion/target/classes started by xnieb in /home/xnieb/Desktop/parcial-avion)
2026-09-23 12:45:42.927  INFO 156276 --- [demo] [main] com.example.demo.DemoApplication         : No active profile set, falling back to 1 default profile: "default"
2026-09-23 12:45:43.627  INFO 156276 --- [demo] [main] .s.d.r.c.RepositoryConfigurationDelegate : Bootstrapping Spring Data JPA repositories in DEFAULT mode.
2026-09-23 12:45:43.710  INFO 156276 --- [demo] [main] .s.d.r.c.RepositoryConfigurationDelegate : Finished Spring Data repository scanning in 72 ms. Found 6 JPA repository interfaces.
2026-09-23 12:45:44.215  INFO 156276 --- [demo] [main] o.s.boot.tomcat.TomcatWebServer          : Tomcat initialized with port 8081 (http)
2026-09-23 12:45:44.229  INFO 156276 --- [demo] [main] o.apache.catalina.core.StandardService   : Starting service [Tomcat]
2026-09-23 12:45:44.230  INFO 156276 --- [demo] [main] o.apache.catalina.core.StandardEngine    : Starting Servlet engine: [Apache Tomcat/11.0.18]
2026-09-23 12:45:44.291  INFO 156276 --- [demo] [main] b.w.c.s.WebApplicationContextInitializer : Root WebApplicationContext: initialization completed in 1279 ms
2026-09-23 12:45:44.494  INFO 156276 --- [demo] [main] org.hibernate.orm.jpa                    : HHH008540: Processing PersistenceUnitInfo [name: default]
2026-09-23 12:45:44.573  INFO 156276 --- [demo] [main] org.hibernate.orm.core                   : HHH000001: Hibernate ORM core version 7.2.7.Final
2026-09-23 12:45:44.976  INFO 156276 --- [demo] [main] o.s.o.j.p.SpringPersistenceUnitInfo      : No LoadTimeWeaver setup: ignoring JPA class transformer
2026-09-23 12:45:45.025  INFO 156276 --- [demo] [main] com.zaxxer.hikari.HikariDataSource       : HikariPool-1 - Starting...
2026-09-23 12:45:45.223  INFO 156276 --- [demo] [main] com.zaxxer.hikari.pool.HikariPool        : HikariPool-1 - Added connection conn0: url=jdbc:h2:mem:db-test user=POSTGRES
2026-09-23 12:45:45.224  INFO 156276 --- [demo] [main] com.zaxxer.hikari.HikariDataSource       : HikariPool-1 - Start completed.
2026-09-23 12:45:45.289  INFO 156276 --- [demo] [main] org.hibernate.orm.connections.pooling    : HHH10001005: Database info:
	Database JDBC URL [jdbc:h2:mem:db-test]
	Database driver: H2 JDBC Driver
	Database dialect: H2Dialect
	Database version: 2.4.240
	Default catalog/schema: DB-TEST/PUBLIC
	Autocommit mode: undefined/unknown
	Isolation level: READ_COMMITTED [default READ_COMMITTED]
	JDBC fetch size: 100
	Pool: DataSourceConnectionProvider
	Minimum pool size: undefined/unknown
	Maximum pool size: undefined/unknown
2026-09-23 12:45:46.370  INFO 156276 --- [demo] [main] org.hibernate.orm.core                   : HHH000489: No JTA platform available (set 'hibernate.transaction.jta.platform' to enable JTA platform integration)
2026-09-23 12:45:46.501  INFO 156276 --- [demo] [main] j.LocalContainerEntityManagerFactoryBean : Initialized JPA EntityManagerFactory for persistence unit 'default'
2026-09-23 12:45:46.631  INFO 156276 --- [demo] [main] o.s.d.j.r.query.QueryEnhancerFactories   : Hibernate is in classpath; If applicable, HQL parser will be used.
2026-09-23 12:45:46.962  WARN 156276 --- [demo] [main] JpaBaseConfiguration$JpaWebConfiguration : spring.jpa.open-in-view is enabled by default. Therefore, database queries may be performed during view rendering. Explicitly configure spring.jpa.open-in-view to disable this warning
2026-09-23 12:45:47.242  INFO 156276 --- [demo] [main] o.s.b.h.a.H2ConsoleAutoConfiguration     : H2 console available at '/h2-console'. Database available at 'jdbc:h2:mem:db-test'
2026-09-23 12:45:47.406  INFO 156276 --- [demo] [main] o.s.boot.tomcat.TomcatWebServer          : Tomcat started on port 8081 (http) with context path '/compunet2-2026'
2026-09-23 12:45:47.413  INFO 156276 --- [demo] [main] com.example.demo.DemoApplication         : Started DemoApplication in 5.092 seconds (process running for 5.57)
2026-09-23 12:46:24.417  INFO 156276 --- [demo] [SpringApplicationShutdownHook] o.s.boot.tomcat.GracefulShutdown         : Commencing graceful shutdown. Waiting for active requests to complete
2026-09-23 12:46:24.430  INFO 156276 --- [demo] [tomcat-shutdown] o.s.boot.tomcat.GracefulShutdown         : Graceful shutdown complete
2026-09-23 12:46:24.440  INFO 156276 --- [demo] [SpringApplicationShutdownHook] j.LocalContainerEntityManagerFactoryBean : Closing JPA EntityManagerFactory for persistence unit 'default'
2026-09-23 12:46:24.457  INFO 156276 --- [demo] [SpringApplicationShutdownHook] com.zaxxer.hikari.HikariDataSource       : HikariPool-1 - Shutdown initiated...
2026-09-23 12:46:24.463  INFO 156276 --- [demo] [SpringApplicationShutdownHook] com.zaxxer.hikari.HikariDataSource       : HikariPool-1 - Shutdown completed.
2026-09-23 12:46:32.416  INFO 157308 --- [demo] [main] com.example.demo.DemoApplication         : Starting DemoApplication using Java 17.0.20 with PID 157308 (/home/xnieb/Desktop/parcial-avion/target/classes started by xnieb in /home/xnieb/Desktop/parcial-avion)
2026-09-23 12:46:32.421  INFO 157308 --- [demo] [main] com.example.demo.DemoApplication         : No active profile set, falling back to 1 default profile: "default"
2026-09-23 12:46:33.213  INFO 157308 --- [demo] [main] .s.d.r.c.RepositoryConfigurationDelegate : Bootstrapping Spring Data JPA repositories in DEFAULT mode.
2026-09-23 12:46:33.298  INFO 157308 --- [demo] [main] .s.d.r.c.RepositoryConfigurationDelegate : Finished Spring Data repository scanning in 74 ms. Found 6 JPA repository interfaces.
2026-09-23 12:46:33.826  INFO 157308 --- [demo] [main] o.s.boot.tomcat.TomcatWebServer          : Tomcat initialized with port 8081 (http)
2026-09-23 12:46:33.844  INFO 157308 --- [demo] [main] o.apache.catalina.core.StandardService   : Starting service [Tomcat]
2026-09-23 12:46:33.845  INFO 157308 --- [demo] [main] o.apache.catalina.core.StandardEngine    : Starting Servlet engine: [Apache Tomcat/11.0.18]
2026-09-23 12:46:33.914  INFO 157308 --- [demo] [main] b.w.c.s.WebApplicationContextInitializer : Root WebApplicationContext: initialization completed in 1416 ms
2026-09-23 12:46:34.127  INFO 157308 --- [demo] [main] org.hibernate.orm.jpa                    : HHH008540: Processing PersistenceUnitInfo [name: default]
2026-09-23 12:46:34.200  INFO 157308 --- [demo] [main] org.hibernate.orm.core                   : HHH000001: Hibernate ORM core version 7.2.7.Final
2026-09-23 12:46:34.659  INFO 157308 --- [demo] [main] o.s.o.j.p.SpringPersistenceUnitInfo      : No LoadTimeWeaver setup: ignoring JPA class transformer
2026-09-23 12:46:34.724  INFO 157308 --- [demo] [main] com.zaxxer.hikari.HikariDataSource       : HikariPool-1 - Starting...
2026-09-23 12:46:34.944  INFO 157308 --- [demo] [main] com.zaxxer.hikari.pool.HikariPool        : HikariPool-1 - Added connection conn0: url=jdbc:h2:mem:db-test user=POSTGRES
2026-09-23 12:46:34.946  INFO 157308 --- [demo] [main] com.zaxxer.hikari.HikariDataSource       : HikariPool-1 - Start completed.
2026-09-23 12:46:35.025  INFO 157308 --- [demo] [main] org.hibernate.orm.connections.pooling    : HHH10001005: Database info:
	Database JDBC URL [jdbc:h2:mem:db-test]
	Database driver: H2 JDBC Driver
	Database dialect: H2Dialect
	Database version: 2.4.240
	Default catalog/schema: DB-TEST/PUBLIC
	Autocommit mode: undefined/unknown
	Isolation level: READ_COMMITTED [default READ_COMMITTED]
	JDBC fetch size: 100
	Pool: DataSourceConnectionProvider
	Minimum pool size: undefined/unknown
	Maximum pool size: undefined/unknown
2026-09-23 12:46:36.272  INFO 157308 --- [demo] [main] org.hibernate.orm.core                   : HHH000489: No JTA platform available (set 'hibernate.transaction.jta.platform' to enable JTA platform integration)
2026-09-23 12:46:36.403  INFO 157308 --- [demo] [main] j.LocalContainerEntityManagerFactoryBean : Initialized JPA EntityManagerFactory for persistence unit 'default'
2026-09-23 12:46:36.527  INFO 157308 --- [demo] [main] o.s.d.j.r.query.QueryEnhancerFactories   : Hibernate is in classpath; If applicable, HQL parser will be used.
2026-09-23 12:46:36.903  WARN 157308 --- [demo] [main] JpaBaseConfiguration$JpaWebConfiguration : spring.jpa.open-in-view is enabled by default. Therefore, database queries may be performed during view rendering. Explicitly configure spring.jpa.open-in-view to disable this warning
2026-09-23 12:46:37.231  INFO 157308 --- [demo] [main] o.s.b.h.a.H2ConsoleAutoConfiguration     : H2 console available at '/h2-console'. Database available at 'jdbc:h2:mem:db-test'
2026-09-23 12:46:37.347  INFO 157308 --- [demo] [main] o.s.boot.tomcat.TomcatWebServer          : Tomcat started on port 8081 (http) with context path '/compunet2-2026'
2026-09-23 12:46:37.355  INFO 157308 --- [demo] [main] com.example.demo.DemoApplication         : Started DemoApplication in 5.666 seconds (process running for 6.337)
2026-09-23 12:46:40.037  INFO 157308 --- [demo] [http-nio-8081-exec-1] o.a.c.c.C.[.[.[/compunet2-2026]          : Initializing Spring DispatcherServlet 'dispatcherServlet'
2026-09-23 12:46:40.039  INFO 157308 --- [demo] [http-nio-8081-exec-1] o.s.web.servlet.DispatcherServlet        : Initializing Servlet 'dispatcherServlet'
2026-09-23 12:46:40.043  INFO 157308 --- [demo] [http-nio-8081-exec-1] o.s.web.servlet.DispatcherServlet        : Completed initialization in 4 ms
2026-09-23 13:09:35.596  INFO 157308 --- [demo] [SpringApplicationShutdownHook] o.s.boot.tomcat.GracefulShutdown         : Commencing graceful shutdown. Waiting for active requests to complete
2026-09-23 13:09:35.605  INFO 157308 --- [demo] [tomcat-shutdown] o.s.boot.tomcat.GracefulShutdown         : Graceful shutdown complete
2026-09-23 13:09:35.613  INFO 157308 --- [demo] [SpringApplicationShutdownHook] j.LocalContainerEntityManagerFactoryBean : Closing JPA EntityManagerFactory for persistence unit 'default'
2026-09-23 13:09:35.630  INFO 157308 --- [demo] [SpringApplicationShutdownHook] com.zaxxer.hikari.HikariDataSource       : HikariPool-1 - Shutdown initiated...
2026-09-23 13:09:35.635  INFO 157308 --- [demo] [SpringApplicationShutdownHook] com.zaxxer.hikari.HikariDataSource       : HikariPool-1 - Shutdown completed.
2026-09-23 13:10:16.878  INFO 170920 --- [demo] [main] com.example.demo.DemoApplication         : Starting DemoApplication using Java 17.0.20 with PID 170920 (/home/xnieb/Desktop/parcial-avion/target/classes started by xnieb in /home/xnieb/Desktop/parcial-avion)
2026-09-23 13:10:16.884  INFO 170920 --- [demo] [main] com.example.demo.DemoApplication         : No active profile set, falling back to 1 default profile: "default"
2026-09-23 13:10:17.625  INFO 170920 --- [demo] [main] .s.d.r.c.RepositoryConfigurationDelegate : Bootstrapping Spring Data JPA repositories in DEFAULT mode.
2026-09-23 13:10:17.708  INFO 170920 --- [demo] [main] .s.d.r.c.RepositoryConfigurationDelegate : Finished Spring Data repository scanning in 74 ms. Found 6 JPA repository interfaces.
2026-09-23 13:10:18.198  INFO 170920 --- [demo] [main] o.s.boot.tomcat.TomcatWebServer          : Tomcat initialized with port 8081 (http)
2026-09-23 13:10:18.217  INFO 170920 --- [demo] [main] o.apache.catalina.core.StandardService   : Starting service [Tomcat]
2026-09-23 13:10:18.218  INFO 170920 --- [demo] [main] o.apache.catalina.core.StandardEngine    : Starting Servlet engine: [Apache Tomcat/11.0.18]
2026-09-23 13:10:18.288  INFO 170920 --- [demo] [main] b.w.c.s.WebApplicationContextInitializer : Root WebApplicationContext: initialization completed in 1293 ms
2026-09-23 13:10:18.485  INFO 170920 --- [demo] [main] org.hibernate.orm.jpa                    : HHH008540: Processing PersistenceUnitInfo [name: default]
2026-09-23 13:10:18.557  INFO 170920 --- [demo] [main] org.hibernate.orm.core                   : HHH000001: Hibernate ORM core version 7.2.7.Final
2026-09-23 13:10:18.991  INFO 170920 --- [demo] [main] o.s.o.j.p.SpringPersistenceUnitInfo      : No LoadTimeWeaver setup: ignoring JPA class transformer
2026-09-23 13:10:19.042  INFO 170920 --- [demo] [main] com.zaxxer.hikari.HikariDataSource       : HikariPool-1 - Starting...
2026-09-23 13:10:19.242  INFO 170920 --- [demo] [main] com.zaxxer.hikari.pool.HikariPool        : HikariPool-1 - Added connection conn0: url=jdbc:h2:mem:db-test user=POSTGRES
2026-09-23 13:10:19.244  INFO 170920 --- [demo] [main] com.zaxxer.hikari.HikariDataSource       : HikariPool-1 - Start completed.
2026-09-23 13:10:19.318  INFO 170920 --- [demo] [main] org.hibernate.orm.connections.pooling    : HHH10001005: Database info:
	Database JDBC URL [jdbc:h2:mem:db-test]
	Database driver: H2 JDBC Driver
	Database dialect: H2Dialect
	Database version: 2.4.240
	Default catalog/schema: DB-TEST/PUBLIC
	Autocommit mode: undefined/unknown
	Isolation level: READ_COMMITTED [default READ_COMMITTED]
	JDBC fetch size: 100
	Pool: DataSourceConnectionProvider
	Minimum pool size: undefined/unknown
	Maximum pool size: undefined/unknown
2026-09-23 13:10:20.408  INFO 170920 --- [demo] [main] org.hibernate.orm.core                   : HHH000489: No JTA platform available (set 'hibernate.transaction.jta.platform' to enable JTA platform integration)
2026-09-23 13:10:20.545  INFO 170920 --- [demo] [main] j.LocalContainerEntityManagerFactoryBean : Initialized JPA EntityManagerFactory for persistence unit 'default'
2026-09-23 13:10:20.662  INFO 170920 --- [demo] [main] o.s.d.j.r.query.QueryEnhancerFactories   : Hibernate is in classpath; If applicable, HQL parser will be used.
2026-09-23 13:10:20.984  WARN 170920 --- [demo] [main] JpaBaseConfiguration$JpaWebConfiguration : spring.jpa.open-in-view is enabled by default. Therefore, database queries may be performed during view rendering. Explicitly configure spring.jpa.open-in-view to disable this warning
2026-09-23 13:10:21.415  INFO 170920 --- [demo] [main] o.s.b.h.a.H2ConsoleAutoConfiguration     : H2 console available at '/h2-console'. Database available at 'jdbc:h2:mem:db-test'
2026-09-23 13:10:21.576  INFO 170920 --- [demo] [main] o.s.boot.tomcat.TomcatWebServer          : Tomcat started on port 8081 (http) with context path '/compunet2-2026'
2026-09-23 13:10:21.585  INFO 170920 --- [demo] [main] com.example.demo.DemoApplication         : Started DemoApplication in 5.37 seconds (process running for 5.771)
2026-09-23 13:11:05.597  INFO 170920 --- [demo] [SpringApplicationShutdownHook] o.s.boot.tomcat.GracefulShutdown         : Commencing graceful shutdown. Waiting for active requests to complete
2026-09-23 13:11:05.605  INFO 170920 --- [demo] [tomcat-shutdown] o.s.boot.tomcat.GracefulShutdown         : Graceful shutdown complete
2026-09-23 13:11:05.610  INFO 170920 --- [demo] [SpringApplicationShutdownHook] j.LocalContainerEntityManagerFactoryBean : Closing JPA EntityManagerFactory for persistence unit 'default'
2026-09-23 13:11:05.620  INFO 170920 --- [demo] [SpringApplicationShutdownHook] com.zaxxer.hikari.HikariDataSource       : HikariPool-1 - Shutdown initiated...
2026-09-23 13:11:05.623  INFO 170920 --- [demo] [SpringApplicationShutdownHook] com.zaxxer.hikari.HikariDataSource       : HikariPool-1 - Shutdown completed.
2026-09-23 13:11:19.131  INFO 171697 --- [demo] [main] com.example.demo.DemoApplication         : Starting DemoApplication using Java 17.0.20 with PID 171697 (/home/xnieb/Desktop/parcial-avion/target/classes started by xnieb in /home/xnieb/Desktop/parcial-avion)
2026-09-23 13:11:19.136  INFO 171697 --- [demo] [main] com.example.demo.DemoApplication         : No active profile set, falling back to 1 default profile: "default"
2026-09-23 13:11:19.868  INFO 171697 --- [demo] [main] .s.d.r.c.RepositoryConfigurationDelegate : Bootstrapping Spring Data JPA repositories in DEFAULT mode.
2026-09-23 13:11:19.948  INFO 171697 --- [demo] [main] .s.d.r.c.RepositoryConfigurationDelegate : Finished Spring Data repository scanning in 71 ms. Found 6 JPA repository interfaces.
2026-09-23 13:11:20.426  INFO 171697 --- [demo] [main] o.s.boot.tomcat.TomcatWebServer          : Tomcat initialized with port 8081 (http)
2026-09-23 13:11:20.444  INFO 171697 --- [demo] [main] o.apache.catalina.core.StandardService   : Starting service [Tomcat]
2026-09-23 13:11:20.445  INFO 171697 --- [demo] [main] o.apache.catalina.core.StandardEngine    : Starting Servlet engine: [Apache Tomcat/11.0.18]
2026-09-23 13:11:20.506  INFO 171697 --- [demo] [main] b.w.c.s.WebApplicationContextInitializer : Root WebApplicationContext: initialization completed in 1284 ms
2026-09-23 13:11:20.715  INFO 171697 --- [demo] [main] org.hibernate.orm.jpa                    : HHH008540: Processing PersistenceUnitInfo [name: default]
2026-09-23 13:11:20.793  INFO 171697 --- [demo] [main] org.hibernate.orm.core                   : HHH000001: Hibernate ORM core version 7.2.7.Final
2026-09-23 13:11:21.219  INFO 171697 --- [demo] [main] o.s.o.j.p.SpringPersistenceUnitInfo      : No LoadTimeWeaver setup: ignoring JPA class transformer
2026-09-23 13:11:21.285  INFO 171697 --- [demo] [main] com.zaxxer.hikari.HikariDataSource       : HikariPool-1 - Starting...
2026-09-23 13:11:21.533  INFO 171697 --- [demo] [main] com.zaxxer.hikari.pool.HikariPool        : HikariPool-1 - Added connection conn0: url=jdbc:h2:mem:db-test user=POSTGRES
2026-09-23 13:11:21.535  INFO 171697 --- [demo] [main] com.zaxxer.hikari.HikariDataSource       : HikariPool-1 - Start completed.
2026-09-23 13:11:21.611  INFO 171697 --- [demo] [main] org.hibernate.orm.connections.pooling    : HHH10001005: Database info:
	Database JDBC URL [jdbc:h2:mem:db-test]
	Database driver: H2 JDBC Driver
	Database dialect: H2Dialect
	Database version: 2.4.240
	Default catalog/schema: DB-TEST/PUBLIC
	Autocommit mode: undefined/unknown
	Isolation level: READ_COMMITTED [default READ_COMMITTED]
	JDBC fetch size: 100
	Pool: DataSourceConnectionProvider
	Minimum pool size: undefined/unknown
	Maximum pool size: undefined/unknown
2026-09-23 13:11:22.730  INFO 171697 --- [demo] [main] org.hibernate.orm.core                   : HHH000489: No JTA platform available (set 'hibernate.transaction.jta.platform' to enable JTA platform integration)
2026-09-23 13:11:22.844  INFO 171697 --- [demo] [main] j.LocalContainerEntityManagerFactoryBean : Initialized JPA EntityManagerFactory for persistence unit 'default'
2026-09-23 13:11:22.954  INFO 171697 --- [demo] [main] o.s.d.j.r.query.QueryEnhancerFactories   : Hibernate is in classpath; If applicable, HQL parser will be used.
2026-09-23 13:11:23.290  WARN 171697 --- [demo] [main] JpaBaseConfiguration$JpaWebConfiguration : spring.jpa.open-in-view is enabled by default. Therefore, database queries may be performed during view rendering. Explicitly configure spring.jpa.open-in-view to disable this warning
2026-09-23 13:11:23.615  INFO 171697 --- [demo] [main] o.s.b.h.a.H2ConsoleAutoConfiguration     : H2 console available at '/h2-console'. Database available at 'jdbc:h2:mem:db-test'
2026-09-23 13:11:23.728  INFO 171697 --- [demo] [main] o.s.boot.tomcat.TomcatWebServer          : Tomcat started on port 8081 (http) with context path '/compunet2-2026'
2026-09-23 13:11:23.735  INFO 171697 --- [demo] [main] com.example.demo.DemoApplication         : Started DemoApplication in 5.198 seconds (process running for 5.658)
2026-09-23 13:31:02.700  INFO 171697 --- [demo] [SpringApplicationShutdownHook] o.s.boot.tomcat.GracefulShutdown         : Commencing graceful shutdown. Waiting for active requests to complete
2026-09-23 13:31:02.716  INFO 171697 --- [demo] [tomcat-shutdown] o.s.boot.tomcat.GracefulShutdown         : Graceful shutdown complete
2026-09-23 13:31:02.725  INFO 171697 --- [demo] [SpringApplicationShutdownHook] j.LocalContainerEntityManagerFactoryBean : Closing JPA EntityManagerFactory for persistence unit 'default'
2026-09-23 13:31:02.744  INFO 171697 --- [demo] [SpringApplicationShutdownHook] com.zaxxer.hikari.HikariDataSource       : HikariPool-1 - Shutdown initiated...
2026-09-23 13:31:02.749  INFO 171697 --- [demo] [SpringApplicationShutdownHook] com.zaxxer.hikari.HikariDataSource       : HikariPool-1 - Shutdown completed.
2026-09-23 13:31:12.094  INFO 180309 --- [demo] [main] com.example.demo.DemoApplication         : Starting DemoApplication using Java 17.0.20 with PID 180309 (/home/xnieb/Desktop/parcial-avion/target/classes started by xnieb in /home/xnieb/Desktop/parcial-avion)
2026-09-23 13:31:12.101  INFO 180309 --- [demo] [main] com.example.demo.DemoApplication         : No active profile set, falling back to 1 default profile: "default"
2026-09-23 13:31:12.769  INFO 180309 --- [demo] [main] .s.d.r.c.RepositoryConfigurationDelegate : Bootstrapping Spring Data JPA repositories in DEFAULT mode.
2026-09-23 13:31:12.844  INFO 180309 --- [demo] [main] .s.d.r.c.RepositoryConfigurationDelegate : Finished Spring Data repository scanning in 66 ms. Found 6 JPA repository interfaces.
2026-09-23 13:31:13.289  INFO 180309 --- [demo] [main] o.s.boot.tomcat.TomcatWebServer          : Tomcat initialized with port 8081 (http)
2026-09-23 13:31:13.302  INFO 180309 --- [demo] [main] o.apache.catalina.core.StandardService   : Starting service [Tomcat]
2026-09-23 13:31:13.303  INFO 180309 --- [demo] [main] o.apache.catalina.core.StandardEngine    : Starting Servlet engine: [Apache Tomcat/11.0.18]
2026-09-23 13:31:13.359  INFO 180309 --- [demo] [main] b.w.c.s.WebApplicationContextInitializer : Root WebApplicationContext: initialization completed in 1177 ms
2026-09-23 13:31:13.544  INFO 180309 --- [demo] [main] org.hibernate.orm.jpa                    : HHH008540: Processing PersistenceUnitInfo [name: default]
2026-09-23 13:31:13.613  INFO 180309 --- [demo] [main] org.hibernate.orm.core                   : HHH000001: Hibernate ORM core version 7.2.7.Final
2026-09-23 13:31:14.087  INFO 180309 --- [demo] [main] o.s.o.j.p.SpringPersistenceUnitInfo      : No LoadTimeWeaver setup: ignoring JPA class transformer
2026-09-23 13:31:14.138  INFO 180309 --- [demo] [main] com.zaxxer.hikari.HikariDataSource       : HikariPool-1 - Starting...
2026-09-23 13:31:14.325  INFO 180309 --- [demo] [main] com.zaxxer.hikari.pool.HikariPool        : HikariPool-1 - Added connection conn0: url=jdbc:h2:mem:db-test user=POSTGRES
2026-09-23 13:31:14.326  INFO 180309 --- [demo] [main] com.zaxxer.hikari.HikariDataSource       : HikariPool-1 - Start completed.
2026-09-23 13:31:14.396  INFO 180309 --- [demo] [main] org.hibernate.orm.connections.pooling    : HHH10001005: Database info:
	Database JDBC URL [jdbc:h2:mem:db-test]
	Database driver: H2 JDBC Driver
	Database dialect: H2Dialect
	Database version: 2.4.240
	Default catalog/schema: DB-TEST/PUBLIC
	Autocommit mode: undefined/unknown
	Isolation level: READ_COMMITTED [default READ_COMMITTED]
	JDBC fetch size: 100
	Pool: DataSourceConnectionProvider
	Minimum pool size: undefined/unknown
	Maximum pool size: undefined/unknown
2026-09-23 13:31:15.392  INFO 180309 --- [demo] [main] org.hibernate.orm.core                   : HHH000489: No JTA platform available (set 'hibernate.transaction.jta.platform' to enable JTA platform integration)
2026-09-23 13:31:15.505  INFO 180309 --- [demo] [main] j.LocalContainerEntityManagerFactoryBean : Initialized JPA EntityManagerFactory for persistence unit 'default'
2026-09-23 13:31:15.607  INFO 180309 --- [demo] [main] o.s.d.j.r.query.QueryEnhancerFactories   : Hibernate is in classpath; If applicable, HQL parser will be used.
2026-09-23 13:31:15.848  WARN 180309 --- [demo] [main] ConfigServletWebServerApplicationContext : Exception encountered during context initialization - cancelling refresh attempt: org.springframework.beans.factory.UnsatisfiedDependencyException: Error creating bean with name 'airportController' defined in file [/home/xnieb/Desktop/parcial-avion/target/classes/com/example/demo/controller/AirportController.class]: Unsatisfied dependency expressed through constructor parameter 0: Error creating bean with name 'IAirportRepository' defined in com.example.demo.repository.IAirportRepository defined in @EnableJpaRepositories declared on DataJpaRepositoriesRegistrar.EnableJpaRepositoriesConfiguration: No property 'betweenOrderedByDestinationFlights' found for type 'Timestamp'; Traversed path: Airport.destinationFlights.arrivalDate
2026-09-23 13:31:15.849  INFO 180309 --- [demo] [main] j.LocalContainerEntityManagerFactoryBean : Closing JPA EntityManagerFactory for persistence unit 'default'
2026-09-23 13:31:15.863  INFO 180309 --- [demo] [main] com.zaxxer.hikari.HikariDataSource       : HikariPool-1 - Shutdown initiated...
2026-09-23 13:31:15.867  INFO 180309 --- [demo] [main] com.zaxxer.hikari.HikariDataSource       : HikariPool-1 - Shutdown completed.
2026-09-23 13:31:15.872  INFO 180309 --- [demo] [main] o.apache.catalina.core.StandardService   : Stopping service [Tomcat]
2026-09-23 13:31:15.893  INFO 180309 --- [demo] [main] .s.b.a.l.ConditionEvaluationReportLogger : 

Error starting ApplicationContext. To display the condition evaluation report re-run your application with 'debug' enabled.
2026-09-23 13:31:15.921 ERROR 180309 --- [demo] [main] o.s.boot.SpringApplication               : Application run failed

org.springframework.beans.factory.UnsatisfiedDependencyException: Error creating bean with name 'airportController' defined in file [/home/xnieb/Desktop/parcial-avion/target/classes/com/example/demo/controller/AirportController.class]: Unsatisfied dependency expressed through constructor parameter 0: Error creating bean with name 'IAirportRepository' defined in com.example.demo.repository.IAirportRepository defined in @EnableJpaRepositories declared on DataJpaRepositoriesRegistrar.EnableJpaRepositoriesConfiguration: No property 'betweenOrderedByDestinationFlights' found for type 'Timestamp'; Traversed path: Airport.destinationFlights.arrivalDate
	at org.springframework.beans.factory.support.ConstructorResolver.createArgumentArray(ConstructorResolver.java:804) ~[spring-beans-7.0.6.jar:7.0.6]
	at org.springframework.beans.factory.support.ConstructorResolver.autowireConstructor(ConstructorResolver.java:240) ~[spring-beans-7.0.6.jar:7.0.6]
	at org.springframework.beans.factory.support.AbstractAutowireCapableBeanFactory.autowireConstructor(AbstractAutowireCapableBeanFactory.java:1382) ~[spring-beans-7.0.6.jar:7.0.6]
	at org.springframework.beans.factory.support.AbstractAutowireCapableBeanFactory.createBeanInstance(AbstractAutowireCapableBeanFactory.java:1221) ~[spring-beans-7.0.6.jar:7.0.6]
	at org.springframework.beans.factory.support.AbstractAutowireCapableBeanFactory.doCreateBean(AbstractAutowireCapableBeanFactory.java:565) ~[spring-beans-7.0.6.jar:7.0.6]
	at org.springframework.beans.factory.support.AbstractAutowireCapableBeanFactory.createBean(AbstractAutowireCapableBeanFactory.java:525) ~[spring-beans-7.0.6.jar:7.0.6]
	at org.springframework.beans.factory.support.AbstractBeanFactory.lambda$doGetBean$0(AbstractBeanFactory.java:333) ~[spring-beans-7.0.6.jar:7.0.6]
	at org.springframework.beans.factory.support.DefaultSingletonBeanRegistry.getSingleton(DefaultSingletonBeanRegistry.java:371) ~[spring-beans-7.0.6.jar:7.0.6]
	at org.springframework.beans.factory.support.AbstractBeanFactory.doGetBean(AbstractBeanFactory.java:331) ~[spring-beans-7.0.6.jar:7.0.6]
	at org.springframework.beans.factory.support.AbstractBeanFactory.getBean(AbstractBeanFactory.java:196) ~[spring-beans-7.0.6.jar:7.0.6]
	at org.springframework.beans.factory.support.DefaultListableBeanFactory.instantiateSingleton(DefaultListableBeanFactory.java:1218) ~[spring-beans-7.0.6.jar:7.0.6]
	at org.springframework.beans.factory.support.DefaultListableBeanFactory.preInstantiateSingleton(DefaultListableBeanFactory.java:1184) ~[spring-beans-7.0.6.jar:7.0.6]
	at org.springframework.beans.factory.support.DefaultListableBeanFactory.preInstantiateSingletons(DefaultListableBeanFactory.java:1121) ~[spring-beans-7.0.6.jar:7.0.6]
	at org.springframework.context.support.AbstractApplicationContext.finishBeanFactoryInitialization(AbstractApplicationContext.java:994) ~[spring-context-7.0.6.jar:7.0.6]
	at org.springframework.context.support.AbstractApplicationContext.refresh(AbstractApplicationContext.java:621) ~[spring-context-7.0.6.jar:7.0.6]
	at org.springframework.boot.web.server.servlet.context.ServletWebServerApplicationContext.refresh(ServletWebServerApplicationContext.java:143) ~[spring-boot-web-server-4.0.4.jar:4.0.4]
	at org.springframework.boot.SpringApplication.refresh(SpringApplication.java:756) ~[spring-boot-4.0.4.jar:4.0.4]
	at org.springframework.boot.SpringApplication.refreshContext(SpringApplication.java:445) ~[spring-boot-4.0.4.jar:4.0.4]
	at org.springframework.boot.SpringApplication.run(SpringApplication.java:321) ~[spring-boot-4.0.4.jar:4.0.4]
	at org.springframework.boot.SpringApplication.run(SpringApplication.java:1365) ~[spring-boot-4.0.4.jar:4.0.4]
	at org.springframework.boot.SpringApplication.run(SpringApplication.java:1354) ~[spring-boot-4.0.4.jar:4.0.4]
	at com.example.demo.DemoApplication.main(DemoApplication.java:10) ~[classes/:na]
Caused by: org.springframework.beans.factory.BeanCreationException: Error creating bean with name 'IAirportRepository' defined in com.example.demo.repository.IAirportRepository defined in @EnableJpaRepositories declared on DataJpaRepositoriesRegistrar.EnableJpaRepositoriesConfiguration: No property 'betweenOrderedByDestinationFlights' found for type 'Timestamp'; Traversed path: Airport.destinationFlights.arrivalDate
	at org.springframework.beans.factory.support.AbstractAutowireCapableBeanFactory.initializeBean(AbstractAutowireCapableBeanFactory.java:1817) ~[spring-beans-7.0.6.jar:7.0.6]
	at org.springframework.beans.factory.support.AbstractAutowireCapableBeanFactory.doCreateBean(AbstractAutowireCapableBeanFactory.java:603) ~[spring-beans-7.0.6.jar:7.0.6]
	at org.springframework.beans.factory.support.AbstractAutowireCapableBeanFactory.createBean(AbstractAutowireCapableBeanFactory.java:525) ~[spring-beans-7.0.6.jar:7.0.6]
	at org.springframework.beans.factory.support.AbstractBeanFactory.lambda$doGetBean$0(AbstractBeanFactory.java:333) ~[spring-beans-7.0.6.jar:7.0.6]
	at org.springframework.beans.factory.support.DefaultSingletonBeanRegistry.getSingleton(DefaultSingletonBeanRegistry.java:371) ~[spring-beans-7.0.6.jar:7.0.6]
	at org.springframework.beans.factory.support.AbstractBeanFactory.doGetBean(AbstractBeanFactory.java:331) ~[spring-beans-7.0.6.jar:7.0.6]
	at org.springframework.beans.factory.support.AbstractBeanFactory.getBean(AbstractBeanFactory.java:201) ~[spring-beans-7.0.6.jar:7.0.6]
	at org.springframework.beans.factory.config.DependencyDescriptor.resolveCandidate(DependencyDescriptor.java:229) ~[spring-beans-7.0.6.jar:7.0.6]
	at org.springframework.beans.factory.support.DefaultListableBeanFactory.doResolveDependency(DefaultListableBeanFactory.java:1762) ~[spring-beans-7.0.6.jar:7.0.6]
	at org.springframework.beans.factory.support.DefaultListableBeanFactory.resolveDependency(DefaultListableBeanFactory.java:1651) ~[spring-beans-7.0.6.jar:7.0.6]
	at org.springframework.beans.factory.support.ConstructorResolver.resolveAutowiredArgument(ConstructorResolver.java:912) ~[spring-beans-7.0.6.jar:7.0.6]
	at org.springframework.beans.factory.support.ConstructorResolver.createArgumentArray(ConstructorResolver.java:791) ~[spring-beans-7.0.6.jar:7.0.6]
	... 21 common frames omitted
Caused by: org.springframework.data.repository.query.QueryCreationException: Cannot create query for method [IAirportRepository.findTop5ByDestinationFlights_ArrivalDateBetweenOrderedByDestinationFlights_EstimatedPassengers(int,int)]; No property 'betweenOrderedByDestinationFlights' found for type 'Timestamp'; Traversed path: Airport.destinationFlights.arrivalDate
	at org.springframework.data.repository.query.QueryCreationException.create(QueryCreationException.java:109) ~[spring-data-commons-4.0.4.jar:4.0.4]
	at org.springframework.data.jpa.repository.query.PartTreeJpaQuery.<init>(PartTreeJpaQuery.java:114) ~[spring-data-jpa-4.0.4.jar:4.0.4]
	at org.springframework.data.jpa.repository.query.JpaQueryLookupStrategy$CreateQueryLookupStrategy.resolveQuery(JpaQueryLookupStrategy.java:118) ~[spring-data-jpa-4.0.4.jar:4.0.4]
	at org.springframework.data.jpa.repository.query.JpaQueryLookupStrategy$CreateIfNotFoundQueryLookupStrategy.resolveQuery(JpaQueryLookupStrategy.java:291) ~[spring-data-jpa-4.0.4.jar:4.0.4]
	at org.springframework.data.jpa.repository.query.JpaQueryLookupStrategy$AbstractQueryLookupStrategy.resolveQuery(JpaQueryLookupStrategy.java:93) ~[spring-data-jpa-4.0.4.jar:4.0.4]
	at org.springframework.data.repository.core.support.QueryExecutorMethodInterceptor.lookupQuery(QueryExecutorMethodInterceptor.java:114) ~[spring-data-commons-4.0.4.jar:4.0.4]
	at org.springframework.data.repository.core.support.QueryExecutorMethodInterceptor.mapMethodsToQuery(QueryExecutorMethodInterceptor.java:102) ~[spring-data-commons-4.0.4.jar:4.0.4]
	at org.springframework.data.repository.core.support.QueryExecutorMethodInterceptor.<init>(QueryExecutorMethodInterceptor.java:90) ~[spring-data-commons-4.0.4.jar:4.0.4]
	at org.springframework.data.repository.core.support.RepositoryFactorySupport.getRepository(RepositoryFactorySupport.java:413) ~[spring-data-commons-4.0.4.jar:4.0.4]
	at org.springframework.data.repository.core.support.RepositoryFactoryBeanSupport.lambda$afterPropertiesSet$1(RepositoryFactoryBeanSupport.java:361) ~[spring-data-commons-4.0.4.jar:4.0.4]
	at org.springframework.data.util.Lazy.getNullable(Lazy.java:136) ~[spring-data-commons-4.0.4.jar:4.0.4]
	at org.springframework.data.util.Lazy.get(Lazy.java:114) ~[spring-data-commons-4.0.4.jar:4.0.4]
	at org.springframework.data.repository.core.support.RepositoryFactoryBeanSupport.afterPropertiesSet(RepositoryFactoryBeanSupport.java:370) ~[spring-data-commons-4.0.4.jar:4.0.4]
	at org.springframework.data.jpa.repository.support.JpaRepositoryFactoryBean.afterPropertiesSet(JpaRepositoryFactoryBean.java:212) ~[spring-data-jpa-4.0.4.jar:4.0.4]
	at org.springframework.beans.factory.support.AbstractAutowireCapableBeanFactory.invokeInitMethods(AbstractAutowireCapableBeanFactory.java:1864) ~[spring-beans-7.0.6.jar:7.0.6]
	at org.springframework.beans.factory.support.AbstractAutowireCapableBeanFactory.initializeBean(AbstractAutowireCapableBeanFactory.java:1813) ~[spring-beans-7.0.6.jar:7.0.6]
	... 32 common frames omitted
Caused by: org.springframework.data.core.PropertyReferenceException: No property 'betweenOrderedByDestinationFlights' found for type 'Timestamp'; Traversed path: Airport.destinationFlights.arrivalDate
	at org.springframework.data.core.SimplePropertyPath.<init>(SimplePropertyPath.java:93) ~[spring-data-commons-4.0.4.jar:4.0.4]
	at org.springframework.data.core.SimplePropertyPath.create(SimplePropertyPath.java:360) ~[spring-data-commons-4.0.4.jar:4.0.4]
	at org.springframework.data.core.SimplePropertyPath.create(SimplePropertyPath.java:335) ~[spring-data-commons-4.0.4.jar:4.0.4]
	at org.springframework.data.core.SimplePropertyPath.create(SimplePropertyPath.java:370) ~[spring-data-commons-4.0.4.jar:4.0.4]
	at org.springframework.data.core.SimplePropertyPath.create(SimplePropertyPath.java:393) ~[spring-data-commons-4.0.4.jar:4.0.4]
	at org.springframework.data.core.SimplePropertyPath.create(SimplePropertyPath.java:393) ~[spring-data-commons-4.0.4.jar:4.0.4]
	at org.springframework.data.core.SimplePropertyPath.create(SimplePropertyPath.java:393) ~[spring-data-commons-4.0.4.jar:4.0.4]
	at org.springframework.data.core.SimplePropertyPath.create(SimplePropertyPath.java:393) ~[spring-data-commons-4.0.4.jar:4.0.4]
	at org.springframework.data.core.SimplePropertyPath.create(SimplePropertyPath.java:393) ~[spring-data-commons-4.0.4.jar:4.0.4]
	at org.springframework.data.core.SimplePropertyPath.create(SimplePropertyPath.java:335) ~[spring-data-commons-4.0.4.jar:4.0.4]
	at org.springframework.data.core.SimplePropertyPath.create(SimplePropertyPath.java:319) ~[spring-data-commons-4.0.4.jar:4.0.4]
	at org.springframework.data.core.SimplePropertyPath.lambda$from$0(SimplePropertyPath.java:291) ~[spring-data-commons-4.0.4.jar:4.0.4]
	at org.springframework.util.ConcurrentReferenceHashMap$6.execute(ConcurrentReferenceHashMap.java:387) ~[spring-core-7.0.6.jar:7.0.6]
	at org.springframework.util.ConcurrentReferenceHashMap$Segment.doTask(ConcurrentReferenceHashMap.java:681) ~[spring-core-7.0.6.jar:7.0.6]
	at org.springframework.util.ConcurrentReferenceHashMap.doTask(ConcurrentReferenceHashMap.java:565) ~[spring-core-7.0.6.jar:7.0.6]
	at org.springframework.util.ConcurrentReferenceHashMap.computeIfAbsent(ConcurrentReferenceHashMap.java:381) ~[spring-core-7.0.6.jar:7.0.6]
	at org.springframework.data.core.SimplePropertyPath.from(SimplePropertyPath.java:270) ~[spring-data-commons-4.0.4.jar:4.0.4]
	at org.springframework.data.core.PropertyPath.from(PropertyPath.java:210) ~[spring-data-commons-4.0.4.jar:4.0.4]
	at org.springframework.data.core.PropertyPath.from(PropertyPath.java:193) ~[spring-data-commons-4.0.4.jar:4.0.4]
	at org.springframework.data.repository.query.parser.Part.<init>(Part.java:81) ~[spring-data-commons-4.0.4.jar:4.0.4]
	at org.springframework.data.repository.query.parser.PartTree$OrPart.lambda$new$0(PartTree.java:260) ~[spring-data-commons-4.0.4.jar:4.0.4]
	at java.base/java.util.stream.ReferencePipeline$3$1.accept(ReferencePipeline.java:197) ~[na:na]
	at java.base/java.util.stream.ReferencePipeline$2$1.accept(ReferencePipeline.java:179) ~[na:na]
	at java.base/java.util.Spliterators$ArraySpliterator.forEachRemaining(Spliterators.java:992) ~[na:na]
	at java.base/java.util.stream.AbstractPipeline.copyInto(AbstractPipeline.java:509) ~[na:na]
	at java.base/java.util.stream.AbstractPipeline.wrapAndCopyInto(AbstractPipeline.java:499) ~[na:na]
	at java.base/java.util.stream.ReduceOps$ReduceOp.evaluateSequential(ReduceOps.java:921) ~[na:na]
	at java.base/java.util.stream.AbstractPipeline.evaluate(AbstractPipeline.java:234) ~[na:na]
	at java.base/java.util.stream.ReferencePipeline.collect(ReferencePipeline.java:682) ~[na:na]
	at org.springframework.data.repository.query.parser.PartTree$OrPart.<init>(PartTree.java:261) ~[spring-data-commons-4.0.4.jar:4.0.4]
	at org.springframework.data.repository.query.parser.PartTree$Predicate.lambda$new$0(PartTree.java:390) ~[spring-data-commons-4.0.4.jar:4.0.4]
	at java.base/java.util.stream.ReferencePipeline$3$1.accept(ReferencePipeline.java:197) ~[na:na]
	at java.base/java.util.stream.ReferencePipeline$2$1.accept(ReferencePipeline.java:179) ~[na:na]
	at java.base/java.util.Spliterators$ArraySpliterator.forEachRemaining(Spliterators.java:992) ~[na:na]
	at java.base/java.util.stream.AbstractPipeline.copyInto(AbstractPipeline.java:509) ~[na:na]
	at java.base/java.util.stream.AbstractPipeline.wrapAndCopyInto(AbstractPipeline.java:499) ~[na:na]
	at java.base/java.util.stream.ReduceOps$ReduceOp.evaluateSequential(ReduceOps.java:921) ~[na:na]
	at java.base/java.util.stream.AbstractPipeline.evaluate(AbstractPipeline.java:234) ~[na:na]
	at java.base/java.util.stream.ReferencePipeline.collect(ReferencePipeline.java:682) ~[na:na]
	at org.springframework.data.repository.query.parser.PartTree$Predicate.<init>(PartTree.java:391) ~[spring-data-commons-4.0.4.jar:4.0.4]
	at org.springframework.data.repository.query.parser.PartTree.<init>(PartTree.java:104) ~[spring-data-commons-4.0.4.jar:4.0.4]
	at org.springframework.data.jpa.repository.query.PartTreeJpaQuery.<init>(PartTreeJpaQuery.java:108) ~[spring-data-jpa-4.0.4.jar:4.0.4]
	... 46 common frames omitted

2026-09-23 13:35:07.429  INFO 182624 --- [demo] [main] com.example.demo.DemoApplication         : Starting DemoApplication using Java 17.0.20 with PID 182624 (/home/xnieb/Desktop/parcial-avion/target/classes started by xnieb in /home/xnieb/Desktop/parcial-avion)
2026-09-23 13:35:07.434  INFO 182624 --- [demo] [main] com.example.demo.DemoApplication         : No active profile set, falling back to 1 default profile: "default"
2026-09-23 13:35:08.126  INFO 182624 --- [demo] [main] .s.d.r.c.RepositoryConfigurationDelegate : Bootstrapping Spring Data JPA repositories in DEFAULT mode.
2026-09-23 13:35:08.224  INFO 182624 --- [demo] [main] .s.d.r.c.RepositoryConfigurationDelegate : Finished Spring Data repository scanning in 83 ms. Found 6 JPA repository interfaces.
2026-09-23 13:35:08.690  INFO 182624 --- [demo] [main] o.s.boot.tomcat.TomcatWebServer          : Tomcat initialized with port 8081 (http)
2026-09-23 13:35:08.707  INFO 182624 --- [demo] [main] o.apache.catalina.core.StandardService   : Starting service [Tomcat]
2026-09-23 13:35:08.707  INFO 182624 --- [demo] [main] o.apache.catalina.core.StandardEngine    : Starting Servlet engine: [Apache Tomcat/11.0.18]
2026-09-23 13:35:08.780  INFO 182624 --- [demo] [main] b.w.c.s.WebApplicationContextInitializer : Root WebApplicationContext: initialization completed in 1258 ms
2026-09-23 13:35:09.039  INFO 182624 --- [demo] [main] org.hibernate.orm.jpa                    : HHH008540: Processing PersistenceUnitInfo [name: default]
2026-09-23 13:35:09.168  INFO 182624 --- [demo] [main] org.hibernate.orm.core                   : HHH000001: Hibernate ORM core version 7.2.7.Final
2026-09-23 13:35:09.655  INFO 182624 --- [demo] [main] o.s.o.j.p.SpringPersistenceUnitInfo      : No LoadTimeWeaver setup: ignoring JPA class transformer
2026-09-23 13:35:09.709  INFO 182624 --- [demo] [main] com.zaxxer.hikari.HikariDataSource       : HikariPool-1 - Starting...
2026-09-23 13:35:09.905  INFO 182624 --- [demo] [main] com.zaxxer.hikari.pool.HikariPool        : HikariPool-1 - Added connection conn0: url=jdbc:h2:mem:db-test user=POSTGRES
2026-09-23 13:35:09.907  INFO 182624 --- [demo] [main] com.zaxxer.hikari.HikariDataSource       : HikariPool-1 - Start completed.
2026-09-23 13:35:09.980  INFO 182624 --- [demo] [main] org.hibernate.orm.connections.pooling    : HHH10001005: Database info:
	Database JDBC URL [jdbc:h2:mem:db-test]
	Database driver: H2 JDBC Driver
	Database dialect: H2Dialect
	Database version: 2.4.240
	Default catalog/schema: DB-TEST/PUBLIC
	Autocommit mode: undefined/unknown
	Isolation level: READ_COMMITTED [default READ_COMMITTED]
	JDBC fetch size: 100
	Pool: DataSourceConnectionProvider
	Minimum pool size: undefined/unknown
	Maximum pool size: undefined/unknown
2026-09-23 13:35:11.139  INFO 182624 --- [demo] [main] org.hibernate.orm.core                   : HHH000489: No JTA platform available (set 'hibernate.transaction.jta.platform' to enable JTA platform integration)
2026-09-23 13:35:11.281  INFO 182624 --- [demo] [main] j.LocalContainerEntityManagerFactoryBean : Initialized JPA EntityManagerFactory for persistence unit 'default'
2026-09-23 13:35:11.404  INFO 182624 --- [demo] [main] o.s.d.j.r.query.QueryEnhancerFactories   : Hibernate is in classpath; If applicable, HQL parser will be used.
2026-09-23 13:35:11.696  WARN 182624 --- [demo] [main] ConfigServletWebServerApplicationContext : Exception encountered during context initialization - cancelling refresh attempt: org.springframework.beans.factory.UnsatisfiedDependencyException: Error creating bean with name 'airportController' defined in file [/home/xnieb/Desktop/parcial-avion/target/classes/com/example/demo/controller/AirportController.class]: Unsatisfied dependency expressed through constructor parameter 0: Error creating bean with name 'IAirportRepository' defined in com.example.demo.repository.IAirportRepository defined in @EnableJpaRepositories declared on DataJpaRepositoriesRegistrar.EnableJpaRepositoriesConfiguration: No property 'betweenOrderedByDestinationFlights' found for type 'Timestamp'; Traversed path: Airport.destinationFlights.arrivalDate
2026-09-23 13:35:11.697  INFO 182624 --- [demo] [main] j.LocalContainerEntityManagerFactoryBean : Closing JPA EntityManagerFactory for persistence unit 'default'
2026-09-23 13:35:11.711  INFO 182624 --- [demo] [main] com.zaxxer.hikari.HikariDataSource       : HikariPool-1 - Shutdown initiated...
2026-09-23 13:35:11.714  INFO 182624 --- [demo] [main] com.zaxxer.hikari.HikariDataSource       : HikariPool-1 - Shutdown completed.
2026-09-23 13:35:11.719  INFO 182624 --- [demo] [main] o.apache.catalina.core.StandardService   : Stopping service [Tomcat]
2026-09-23 13:35:11.733  INFO 182624 --- [demo] [main] .s.b.a.l.ConditionEvaluationReportLogger : 

Error starting ApplicationContext. To display the condition evaluation report re-run your application with 'debug' enabled.
2026-09-23 13:35:11.754 ERROR 182624 --- [demo] [main] o.s.boot.SpringApplication               : Application run failed

org.springframework.beans.factory.UnsatisfiedDependencyException: Error creating bean with name 'airportController' defined in file [/home/xnieb/Desktop/parcial-avion/target/classes/com/example/demo/controller/AirportController.class]: Unsatisfied dependency expressed through constructor parameter 0: Error creating bean with name 'IAirportRepository' defined in com.example.demo.repository.IAirportRepository defined in @EnableJpaRepositories declared on DataJpaRepositoriesRegistrar.EnableJpaRepositoriesConfiguration: No property 'betweenOrderedByDestinationFlights' found for type 'Timestamp'; Traversed path: Airport.destinationFlights.arrivalDate
	at org.springframework.beans.factory.support.ConstructorResolver.createArgumentArray(ConstructorResolver.java:804) ~[spring-beans-7.0.6.jar:7.0.6]
	at org.springframework.beans.factory.support.ConstructorResolver.autowireConstructor(ConstructorResolver.java:240) ~[spring-beans-7.0.6.jar:7.0.6]
	at org.springframework.beans.factory.support.AbstractAutowireCapableBeanFactory.autowireConstructor(AbstractAutowireCapableBeanFactory.java:1382) ~[spring-beans-7.0.6.jar:7.0.6]
	at org.springframework.beans.factory.support.AbstractAutowireCapableBeanFactory.createBeanInstance(AbstractAutowireCapableBeanFactory.java:1221) ~[spring-beans-7.0.6.jar:7.0.6]
	at org.springframework.beans.factory.support.AbstractAutowireCapableBeanFactory.doCreateBean(AbstractAutowireCapableBeanFactory.java:565) ~[spring-beans-7.0.6.jar:7.0.6]
	at org.springframework.beans.factory.support.AbstractAutowireCapableBeanFactory.createBean(AbstractAutowireCapableBeanFactory.java:525) ~[spring-beans-7.0.6.jar:7.0.6]
	at org.springframework.beans.factory.support.AbstractBeanFactory.lambda$doGetBean$0(AbstractBeanFactory.java:333) ~[spring-beans-7.0.6.jar:7.0.6]
	at org.springframework.beans.factory.support.DefaultSingletonBeanRegistry.getSingleton(DefaultSingletonBeanRegistry.java:371) ~[spring-beans-7.0.6.jar:7.0.6]
	at org.springframework.beans.factory.support.AbstractBeanFactory.doGetBean(AbstractBeanFactory.java:331) ~[spring-beans-7.0.6.jar:7.0.6]
	at org.springframework.beans.factory.support.AbstractBeanFactory.getBean(AbstractBeanFactory.java:196) ~[spring-beans-7.0.6.jar:7.0.6]
	at org.springframework.beans.factory.support.DefaultListableBeanFactory.instantiateSingleton(DefaultListableBeanFactory.java:1218) ~[spring-beans-7.0.6.jar:7.0.6]
	at org.springframework.beans.factory.support.DefaultListableBeanFactory.preInstantiateSingleton(DefaultListableBeanFactory.java:1184) ~[spring-beans-7.0.6.jar:7.0.6]
	at org.springframework.beans.factory.support.DefaultListableBeanFactory.preInstantiateSingletons(DefaultListableBeanFactory.java:1121) ~[spring-beans-7.0.6.jar:7.0.6]
	at org.springframework.context.support.AbstractApplicationContext.finishBeanFactoryInitialization(AbstractApplicationContext.java:994) ~[spring-context-7.0.6.jar:7.0.6]
	at org.springframework.context.support.AbstractApplicationContext.refresh(AbstractApplicationContext.java:621) ~[spring-context-7.0.6.jar:7.0.6]
	at org.springframework.boot.web.server.servlet.context.ServletWebServerApplicationContext.refresh(ServletWebServerApplicationContext.java:143) ~[spring-boot-web-server-4.0.4.jar:4.0.4]
	at org.springframework.boot.SpringApplication.refresh(SpringApplication.java:756) ~[spring-boot-4.0.4.jar:4.0.4]
	at org.springframework.boot.SpringApplication.refreshContext(SpringApplication.java:445) ~[spring-boot-4.0.4.jar:4.0.4]
	at org.springframework.boot.SpringApplication.run(SpringApplication.java:321) ~[spring-boot-4.0.4.jar:4.0.4]
	at org.springframework.boot.SpringApplication.run(SpringApplication.java:1365) ~[spring-boot-4.0.4.jar:4.0.4]
	at org.springframework.boot.SpringApplication.run(SpringApplication.java:1354) ~[spring-boot-4.0.4.jar:4.0.4]
	at com.example.demo.DemoApplication.main(DemoApplication.java:10) ~[classes/:na]
Caused by: org.springframework.beans.factory.BeanCreationException: Error creating bean with name 'IAirportRepository' defined in com.example.demo.repository.IAirportRepository defined in @EnableJpaRepositories declared on DataJpaRepositoriesRegistrar.EnableJpaRepositoriesConfiguration: No property 'betweenOrderedByDestinationFlights' found for type 'Timestamp'; Traversed path: Airport.destinationFlights.arrivalDate
	at org.springframework.beans.factory.support.AbstractAutowireCapableBeanFactory.initializeBean(AbstractAutowireCapableBeanFactory.java:1817) ~[spring-beans-7.0.6.jar:7.0.6]
	at org.springframework.beans.factory.support.AbstractAutowireCapableBeanFactory.doCreateBean(AbstractAutowireCapableBeanFactory.java:603) ~[spring-beans-7.0.6.jar:7.0.6]
	at org.springframework.beans.factory.support.AbstractAutowireCapableBeanFactory.createBean(AbstractAutowireCapableBeanFactory.java:525) ~[spring-beans-7.0.6.jar:7.0.6]
	at org.springframework.beans.factory.support.AbstractBeanFactory.lambda$doGetBean$0(AbstractBeanFactory.java:333) ~[spring-beans-7.0.6.jar:7.0.6]
	at org.springframework.beans.factory.support.DefaultSingletonBeanRegistry.getSingleton(DefaultSingletonBeanRegistry.java:371) ~[spring-beans-7.0.6.jar:7.0.6]
	at org.springframework.beans.factory.support.AbstractBeanFactory.doGetBean(AbstractBeanFactory.java:331) ~[spring-beans-7.0.6.jar:7.0.6]
	at org.springframework.beans.factory.support.AbstractBeanFactory.getBean(AbstractBeanFactory.java:201) ~[spring-beans-7.0.6.jar:7.0.6]
	at org.springframework.beans.factory.config.DependencyDescriptor.resolveCandidate(DependencyDescriptor.java:229) ~[spring-beans-7.0.6.jar:7.0.6]
	at org.springframework.beans.factory.support.DefaultListableBeanFactory.doResolveDependency(DefaultListableBeanFactory.java:1762) ~[spring-beans-7.0.6.jar:7.0.6]
	at org.springframework.beans.factory.support.DefaultListableBeanFactory.resolveDependency(DefaultListableBeanFactory.java:1651) ~[spring-beans-7.0.6.jar:7.0.6]
	at org.springframework.beans.factory.support.ConstructorResolver.resolveAutowiredArgument(ConstructorResolver.java:912) ~[spring-beans-7.0.6.jar:7.0.6]
	at org.springframework.beans.factory.support.ConstructorResolver.createArgumentArray(ConstructorResolver.java:791) ~[spring-beans-7.0.6.jar:7.0.6]
	... 21 common frames omitted
Caused by: org.springframework.data.repository.query.QueryCreationException: Cannot create query for method [IAirportRepository.findTop5ByDestinationFlights_ArrivalDateBetweenOrderedByDestinationFlights_EstimatedPassengers(java.sql.Timestamp,java.sql.Timestamp)]; No property 'betweenOrderedByDestinationFlights' found for type 'Timestamp'; Traversed path: Airport.destinationFlights.arrivalDate
	at org.springframework.data.repository.query.QueryCreationException.create(QueryCreationException.java:109) ~[spring-data-commons-4.0.4.jar:4.0.4]
	at org.springframework.data.jpa.repository.query.PartTreeJpaQuery.<init>(PartTreeJpaQuery.java:114) ~[spring-data-jpa-4.0.4.jar:4.0.4]
	at org.springframework.data.jpa.repository.query.JpaQueryLookupStrategy$CreateQueryLookupStrategy.resolveQuery(JpaQueryLookupStrategy.java:118) ~[spring-data-jpa-4.0.4.jar:4.0.4]
	at org.springframework.data.jpa.repository.query.JpaQueryLookupStrategy$CreateIfNotFoundQueryLookupStrategy.resolveQuery(JpaQueryLookupStrategy.java:291) ~[spring-data-jpa-4.0.4.jar:4.0.4]
	at org.springframework.data.jpa.repository.query.JpaQueryLookupStrategy$AbstractQueryLookupStrategy.resolveQuery(JpaQueryLookupStrategy.java:93) ~[spring-data-jpa-4.0.4.jar:4.0.4]
	at org.springframework.data.repository.core.support.QueryExecutorMethodInterceptor.lookupQuery(QueryExecutorMethodInterceptor.java:114) ~[spring-data-commons-4.0.4.jar:4.0.4]
	at org.springframework.data.repository.core.support.QueryExecutorMethodInterceptor.mapMethodsToQuery(QueryExecutorMethodInterceptor.java:102) ~[spring-data-commons-4.0.4.jar:4.0.4]
	at org.springframework.data.repository.core.support.QueryExecutorMethodInterceptor.<init>(QueryExecutorMethodInterceptor.java:90) ~[spring-data-commons-4.0.4.jar:4.0.4]
	at org.springframework.data.repository.core.support.RepositoryFactorySupport.getRepository(RepositoryFactorySupport.java:413) ~[spring-data-commons-4.0.4.jar:4.0.4]
	at org.springframework.data.repository.core.support.RepositoryFactoryBeanSupport.lambda$afterPropertiesSet$1(RepositoryFactoryBeanSupport.java:361) ~[spring-data-commons-4.0.4.jar:4.0.4]
	at org.springframework.data.util.Lazy.getNullable(Lazy.java:136) ~[spring-data-commons-4.0.4.jar:4.0.4]
	at org.springframework.data.util.Lazy.get(Lazy.java:114) ~[spring-data-commons-4.0.4.jar:4.0.4]
	at org.springframework.data.repository.core.support.RepositoryFactoryBeanSupport.afterPropertiesSet(RepositoryFactoryBeanSupport.java:370) ~[spring-data-commons-4.0.4.jar:4.0.4]
	at org.springframework.data.jpa.repository.support.JpaRepositoryFactoryBean.afterPropertiesSet(JpaRepositoryFactoryBean.java:212) ~[spring-data-jpa-4.0.4.jar:4.0.4]
	at org.springframework.beans.factory.support.AbstractAutowireCapableBeanFactory.invokeInitMethods(AbstractAutowireCapableBeanFactory.java:1864) ~[spring-beans-7.0.6.jar:7.0.6]
	at org.springframework.beans.factory.support.AbstractAutowireCapableBeanFactory.initializeBean(AbstractAutowireCapableBeanFactory.java:1813) ~[spring-beans-7.0.6.jar:7.0.6]
	... 32 common frames omitted
Caused by: org.springframework.data.core.PropertyReferenceException: No property 'betweenOrderedByDestinationFlights' found for type 'Timestamp'; Traversed path: Airport.destinationFlights.arrivalDate
	at org.springframework.data.core.SimplePropertyPath.<init>(SimplePropertyPath.java:93) ~[spring-data-commons-4.0.4.jar:4.0.4]
	at org.springframework.data.core.SimplePropertyPath.create(SimplePropertyPath.java:360) ~[spring-data-commons-4.0.4.jar:4.0.4]
	at org.springframework.data.core.SimplePropertyPath.create(SimplePropertyPath.java:335) ~[spring-data-commons-4.0.4.jar:4.0.4]
	at org.springframework.data.core.SimplePropertyPath.create(SimplePropertyPath.java:370) ~[spring-data-commons-4.0.4.jar:4.0.4]
	at org.springframework.data.core.SimplePropertyPath.create(SimplePropertyPath.java:393) ~[spring-data-commons-4.0.4.jar:4.0.4]
	at org.springframework.data.core.SimplePropertyPath.create(SimplePropertyPath.java:393) ~[spring-data-commons-4.0.4.jar:4.0.4]
	at org.springframework.data.core.SimplePropertyPath.create(SimplePropertyPath.java:393) ~[spring-data-commons-4.0.4.jar:4.0.4]
	at org.springframework.data.core.SimplePropertyPath.create(SimplePropertyPath.java:393) ~[spring-data-commons-4.0.4.jar:4.0.4]
	at org.springframework.data.core.SimplePropertyPath.create(SimplePropertyPath.java:393) ~[spring-data-commons-4.0.4.jar:4.0.4]
	at org.springframework.data.core.SimplePropertyPath.create(SimplePropertyPath.java:335) ~[spring-data-commons-4.0.4.jar:4.0.4]
	at org.springframework.data.core.SimplePropertyPath.create(SimplePropertyPath.java:319) ~[spring-data-commons-4.0.4.jar:4.0.4]
	at org.springframework.data.core.SimplePropertyPath.lambda$from$0(SimplePropertyPath.java:291) ~[spring-data-commons-4.0.4.jar:4.0.4]
	at org.springframework.util.ConcurrentReferenceHashMap$6.execute(ConcurrentReferenceHashMap.java:387) ~[spring-core-7.0.6.jar:7.0.6]
	at org.springframework.util.ConcurrentReferenceHashMap$Segment.doTask(ConcurrentReferenceHashMap.java:681) ~[spring-core-7.0.6.jar:7.0.6]
	at org.springframework.util.ConcurrentReferenceHashMap.doTask(ConcurrentReferenceHashMap.java:565) ~[spring-core-7.0.6.jar:7.0.6]
	at org.springframework.util.ConcurrentReferenceHashMap.computeIfAbsent(ConcurrentReferenceHashMap.java:381) ~[spring-core-7.0.6.jar:7.0.6]
	at org.springframework.data.core.SimplePropertyPath.from(SimplePropertyPath.java:270) ~[spring-data-commons-4.0.4.jar:4.0.4]
	at org.springframework.data.core.PropertyPath.from(PropertyPath.java:210) ~[spring-data-commons-4.0.4.jar:4.0.4]
	at org.springframework.data.core.PropertyPath.from(PropertyPath.java:193) ~[spring-data-commons-4.0.4.jar:4.0.4]
	at org.springframework.data.repository.query.parser.Part.<init>(Part.java:81) ~[spring-data-commons-4.0.4.jar:4.0.4]
	at org.springframework.data.repository.query.parser.PartTree$OrPart.lambda$new$0(PartTree.java:260) ~[spring-data-commons-4.0.4.jar:4.0.4]
	at java.base/java.util.stream.ReferencePipeline$3$1.accept(ReferencePipeline.java:197) ~[na:na]
	at java.base/java.util.stream.ReferencePipeline$2$1.accept(ReferencePipeline.java:179) ~[na:na]
	at java.base/java.util.Spliterators$ArraySpliterator.forEachRemaining(Spliterators.java:992) ~[na:na]
	at java.base/java.util.stream.AbstractPipeline.copyInto(AbstractPipeline.java:509) ~[na:na]
	at java.base/java.util.stream.AbstractPipeline.wrapAndCopyInto(AbstractPipeline.java:499) ~[na:na]
	at java.base/java.util.stream.ReduceOps$ReduceOp.evaluateSequential(ReduceOps.java:921) ~[na:na]
	at java.base/java.util.stream.AbstractPipeline.evaluate(AbstractPipeline.java:234) ~[na:na]
	at java.base/java.util.stream.ReferencePipeline.collect(ReferencePipeline.java:682) ~[na:na]
	at org.springframework.data.repository.query.parser.PartTree$OrPart.<init>(PartTree.java:261) ~[spring-data-commons-4.0.4.jar:4.0.4]
	at org.springframework.data.repository.query.parser.PartTree$Predicate.lambda$new$0(PartTree.java:390) ~[spring-data-commons-4.0.4.jar:4.0.4]
	at java.base/java.util.stream.ReferencePipeline$3$1.accept(ReferencePipeline.java:197) ~[na:na]
	at java.base/java.util.stream.ReferencePipeline$2$1.accept(ReferencePipeline.java:179) ~[na:na]
	at java.base/java.util.Spliterators$ArraySpliterator.forEachRemaining(Spliterators.java:992) ~[na:na]
	at java.base/java.util.stream.AbstractPipeline.copyInto(AbstractPipeline.java:509) ~[na:na]
	at java.base/java.util.stream.AbstractPipeline.wrapAndCopyInto(AbstractPipeline.java:499) ~[na:na]
	at java.base/java.util.stream.ReduceOps$ReduceOp.evaluateSequential(ReduceOps.java:921) ~[na:na]
	at java.base/java.util.stream.AbstractPipeline.evaluate(AbstractPipeline.java:234) ~[na:na]
	at java.base/java.util.stream.ReferencePipeline.collect(ReferencePipeline.java:682) ~[na:na]
	at org.springframework.data.repository.query.parser.PartTree$Predicate.<init>(PartTree.java:391) ~[spring-data-commons-4.0.4.jar:4.0.4]
	at org.springframework.data.repository.query.parser.PartTree.<init>(PartTree.java:104) ~[spring-data-commons-4.0.4.jar:4.0.4]
	at org.springframework.data.jpa.repository.query.PartTreeJpaQuery.<init>(PartTreeJpaQuery.java:108) ~[spring-data-jpa-4.0.4.jar:4.0.4]
	... 46 common frames omitted

2026-09-23 13:36:31.245  INFO 183557 --- [demo] [main] com.example.demo.DemoApplication         : Starting DemoApplication using Java 17.0.20 with PID 183557 (/home/xnieb/Desktop/parcial-avion/target/classes started by xnieb in /home/xnieb/Desktop/parcial-avion)
2026-09-23 13:36:31.250  INFO 183557 --- [demo] [main] com.example.demo.DemoApplication         : No active profile set, falling back to 1 default profile: "default"
2026-09-23 13:36:31.896  INFO 183557 --- [demo] [main] .s.d.r.c.RepositoryConfigurationDelegate : Bootstrapping Spring Data JPA repositories in DEFAULT mode.
2026-09-23 13:36:31.970  INFO 183557 --- [demo] [main] .s.d.r.c.RepositoryConfigurationDelegate : Finished Spring Data repository scanning in 65 ms. Found 6 JPA repository interfaces.
2026-09-23 13:36:32.413  INFO 183557 --- [demo] [main] o.s.boot.tomcat.TomcatWebServer          : Tomcat initialized with port 8081 (http)
2026-09-23 13:36:32.426  INFO 183557 --- [demo] [main] o.apache.catalina.core.StandardService   : Starting service [Tomcat]
2026-09-23 13:36:32.427  INFO 183557 --- [demo] [main] o.apache.catalina.core.StandardEngine    : Starting Servlet engine: [Apache Tomcat/11.0.18]
2026-09-23 13:36:32.499  INFO 183557 --- [demo] [main] b.w.c.s.WebApplicationContextInitializer : Root WebApplicationContext: initialization completed in 1178 ms
2026-09-23 13:36:32.679  INFO 183557 --- [demo] [main] org.hibernate.orm.jpa                    : HHH008540: Processing PersistenceUnitInfo [name: default]
2026-09-23 13:36:32.746  INFO 183557 --- [demo] [main] org.hibernate.orm.core                   : HHH000001: Hibernate ORM core version 7.2.7.Final
2026-09-23 13:36:33.124  INFO 183557 --- [demo] [main] o.s.o.j.p.SpringPersistenceUnitInfo      : No LoadTimeWeaver setup: ignoring JPA class transformer
2026-09-23 13:36:33.180  INFO 183557 --- [demo] [main] com.zaxxer.hikari.HikariDataSource       : HikariPool-1 - Starting...
2026-09-23 13:36:33.361  INFO 183557 --- [demo] [main] com.zaxxer.hikari.pool.HikariPool        : HikariPool-1 - Added connection conn0: url=jdbc:h2:mem:db-test user=POSTGRES
2026-09-23 13:36:33.362  INFO 183557 --- [demo] [main] com.zaxxer.hikari.HikariDataSource       : HikariPool-1 - Start completed.
2026-09-23 13:36:33.433  INFO 183557 --- [demo] [main] org.hibernate.orm.connections.pooling    : HHH10001005: Database info:
	Database JDBC URL [jdbc:h2:mem:db-test]
	Database driver: H2 JDBC Driver
	Database dialect: H2Dialect
	Database version: 2.4.240
	Default catalog/schema: DB-TEST/PUBLIC
	Autocommit mode: undefined/unknown
	Isolation level: READ_COMMITTED [default READ_COMMITTED]
	JDBC fetch size: 100
	Pool: DataSourceConnectionProvider
	Minimum pool size: undefined/unknown
	Maximum pool size: undefined/unknown
2026-09-23 13:36:34.542  INFO 183557 --- [demo] [main] org.hibernate.orm.core                   : HHH000489: No JTA platform available (set 'hibernate.transaction.jta.platform' to enable JTA platform integration)
2026-09-23 13:36:34.659  INFO 183557 --- [demo] [main] j.LocalContainerEntityManagerFactoryBean : Initialized JPA EntityManagerFactory for persistence unit 'default'
2026-09-23 13:36:34.759  INFO 183557 --- [demo] [main] o.s.d.j.r.query.QueryEnhancerFactories   : Hibernate is in classpath; If applicable, HQL parser will be used.
2026-09-23 13:36:35.044  WARN 183557 --- [demo] [main] JpaBaseConfiguration$JpaWebConfiguration : spring.jpa.open-in-view is enabled by default. Therefore, database queries may be performed during view rendering. Explicitly configure spring.jpa.open-in-view to disable this warning
2026-09-23 13:36:35.388  INFO 183557 --- [demo] [main] o.s.b.h.a.H2ConsoleAutoConfiguration     : H2 console available at '/h2-console'. Database available at 'jdbc:h2:mem:db-test'
2026-09-23 13:36:35.502  INFO 183557 --- [demo] [main] o.s.boot.tomcat.TomcatWebServer          : Tomcat started on port 8081 (http) with context path '/compunet2-2026'
2026-09-23 13:36:35.509  INFO 183557 --- [demo] [main] com.example.demo.DemoApplication         : Started DemoApplication in 4.829 seconds (process running for 5.283)
2026-09-23 13:37:19.093  INFO 183557 --- [demo] [http-nio-8081-exec-2] o.a.c.c.C.[.[.[/compunet2-2026]          : Initializing Spring DispatcherServlet 'dispatcherServlet'
2026-09-23 13:37:19.094  INFO 183557 --- [demo] [http-nio-8081-exec-2] o.s.web.servlet.DispatcherServlet        : Initializing Servlet 'dispatcherServlet'
2026-09-23 13:37:19.096  INFO 183557 --- [demo] [http-nio-8081-exec-2] o.s.web.servlet.DispatcherServlet        : Completed initialization in 2 ms
2026-09-23 13:52:36.160  INFO 183557 --- [demo] [SpringApplicationShutdownHook] o.s.boot.tomcat.GracefulShutdown         : Commencing graceful shutdown. Waiting for active requests to complete
2026-09-23 13:52:36.169  INFO 183557 --- [demo] [tomcat-shutdown] o.s.boot.tomcat.GracefulShutdown         : Graceful shutdown complete
2026-09-23 13:52:36.178  INFO 183557 --- [demo] [SpringApplicationShutdownHook] j.LocalContainerEntityManagerFactoryBean : Closing JPA EntityManagerFactory for persistence unit 'default'
2026-09-23 13:52:36.194  INFO 183557 --- [demo] [SpringApplicationShutdownHook] com.zaxxer.hikari.HikariDataSource       : HikariPool-1 - Shutdown initiated...
2026-09-23 13:52:36.198  INFO 183557 --- [demo] [SpringApplicationShutdownHook] com.zaxxer.hikari.HikariDataSource       : HikariPool-1 - Shutdown completed.
2026-09-23 13:52:50.299  INFO 192541 --- [demo] [main] com.example.demo.DemoApplication         : Starting DemoApplication using Java 17.0.20 with PID 192541 (/home/xnieb/Desktop/parcial-avion/target/classes started by xnieb in /home/xnieb/Desktop/parcial-avion)
2026-09-23 13:52:50.304  INFO 192541 --- [demo] [main] com.example.demo.DemoApplication         : No active profile set, falling back to 1 default profile: "default"
2026-09-23 13:52:51.033  INFO 192541 --- [demo] [main] .s.d.r.c.RepositoryConfigurationDelegate : Bootstrapping Spring Data JPA repositories in DEFAULT mode.
2026-09-23 13:52:51.102  INFO 192541 --- [demo] [main] .s.d.r.c.RepositoryConfigurationDelegate : Finished Spring Data repository scanning in 61 ms. Found 6 JPA repository interfaces.
2026-09-23 13:52:51.546  INFO 192541 --- [demo] [main] o.s.boot.tomcat.TomcatWebServer          : Tomcat initialized with port 8081 (http)
2026-09-23 13:52:51.559  INFO 192541 --- [demo] [main] o.apache.catalina.core.StandardService   : Starting service [Tomcat]
2026-09-23 13:52:51.560  INFO 192541 --- [demo] [main] o.apache.catalina.core.StandardEngine    : Starting Servlet engine: [Apache Tomcat/11.0.18]
2026-09-23 13:52:51.619  INFO 192541 --- [demo] [main] b.w.c.s.WebApplicationContextInitializer : Root WebApplicationContext: initialization completed in 1218 ms
2026-09-23 13:52:51.803  INFO 192541 --- [demo] [main] org.hibernate.orm.jpa                    : HHH008540: Processing PersistenceUnitInfo [name: default]
2026-09-23 13:52:51.877  INFO 192541 --- [demo] [main] org.hibernate.orm.core                   : HHH000001: Hibernate ORM core version 7.2.7.Final
2026-09-23 13:52:52.255  INFO 192541 --- [demo] [main] o.s.o.j.p.SpringPersistenceUnitInfo      : No LoadTimeWeaver setup: ignoring JPA class transformer
2026-09-23 13:52:52.304  INFO 192541 --- [demo] [main] com.zaxxer.hikari.HikariDataSource       : HikariPool-1 - Starting...
2026-09-23 13:52:52.485  INFO 192541 --- [demo] [main] com.zaxxer.hikari.pool.HikariPool        : HikariPool-1 - Added connection conn0: url=jdbc:h2:mem:db-test user=POSTGRES
2026-09-23 13:52:52.487  INFO 192541 --- [demo] [main] com.zaxxer.hikari.HikariDataSource       : HikariPool-1 - Start completed.
2026-09-23 13:52:52.556  INFO 192541 --- [demo] [main] org.hibernate.orm.connections.pooling    : HHH10001005: Database info:
	Database JDBC URL [jdbc:h2:mem:db-test]
	Database driver: H2 JDBC Driver
	Database dialect: H2Dialect
	Database version: 2.4.240
	Default catalog/schema: DB-TEST/PUBLIC
	Autocommit mode: undefined/unknown
	Isolation level: READ_COMMITTED [default READ_COMMITTED]
	JDBC fetch size: 100
	Pool: DataSourceConnectionProvider
	Minimum pool size: undefined/unknown
	Maximum pool size: undefined/unknown
2026-09-23 13:52:53.473  INFO 192541 --- [demo] [main] org.hibernate.orm.core                   : HHH000489: No JTA platform available (set 'hibernate.transaction.jta.platform' to enable JTA platform integration)
2026-09-23 13:52:53.600  INFO 192541 --- [demo] [main] j.LocalContainerEntityManagerFactoryBean : Initialized JPA EntityManagerFactory for persistence unit 'default'
2026-09-23 13:52:53.707  INFO 192541 --- [demo] [main] o.s.d.j.r.query.QueryEnhancerFactories   : Hibernate is in classpath; If applicable, HQL parser will be used.
2026-09-23 13:52:54.024  WARN 192541 --- [demo] [main] JpaBaseConfiguration$JpaWebConfiguration : spring.jpa.open-in-view is enabled by default. Therefore, database queries may be performed during view rendering. Explicitly configure spring.jpa.open-in-view to disable this warning
2026-09-23 13:52:54.373  INFO 192541 --- [demo] [main] o.s.b.h.a.H2ConsoleAutoConfiguration     : H2 console available at '/h2-console'. Database available at 'jdbc:h2:mem:db-test'
2026-09-23 13:52:54.478  INFO 192541 --- [demo] [main] o.s.boot.tomcat.TomcatWebServer          : Tomcat started on port 8081 (http) with context path '/compunet2-2026'
2026-09-23 13:52:54.484  INFO 192541 --- [demo] [main] com.example.demo.DemoApplication         : Started DemoApplication in 4.745 seconds (process running for 5.234)
2026-09-23 13:55:51.566  INFO 192541 --- [demo] [http-nio-8081-exec-1] o.a.c.c.C.[.[.[/compunet2-2026]          : Initializing Spring DispatcherServlet 'dispatcherServlet'
2026-09-23 13:55:51.567  INFO 192541 --- [demo] [http-nio-8081-exec-1] o.s.web.servlet.DispatcherServlet        : Initializing Servlet 'dispatcherServlet'
2026-09-23 13:55:51.569  INFO 192541 --- [demo] [http-nio-8081-exec-1] o.s.web.servlet.DispatcherServlet        : Completed initialization in 2 ms
2026-09-23 13:58:51.072  INFO 192541 --- [demo] [SpringApplicationShutdownHook] o.s.boot.tomcat.GracefulShutdown         : Commencing graceful shutdown. Waiting for active requests to complete
2026-09-23 13:58:51.080  INFO 192541 --- [demo] [tomcat-shutdown] o.s.boot.tomcat.GracefulShutdown         : Graceful shutdown complete
2026-09-23 13:58:51.088  INFO 192541 --- [demo] [SpringApplicationShutdownHook] j.LocalContainerEntityManagerFactoryBean : Closing JPA EntityManagerFactory for persistence unit 'default'
2026-09-23 13:58:51.102  INFO 192541 --- [demo] [SpringApplicationShutdownHook] com.zaxxer.hikari.HikariDataSource       : HikariPool-1 - Shutdown initiated...
2026-09-23 13:58:51.106  INFO 192541 --- [demo] [SpringApplicationShutdownHook] com.zaxxer.hikari.HikariDataSource       : HikariPool-1 - Shutdown completed.
2026-09-23 13:59:01.223  INFO 196186 --- [demo] [main] com.example.demo.DemoApplication         : Starting DemoApplication using Java 17.0.20 with PID 196186 (/home/xnieb/Desktop/parcial-avion/target/classes started by xnieb in /home/xnieb/Desktop/parcial-avion)
2026-09-23 13:59:01.228  INFO 196186 --- [demo] [main] com.example.demo.DemoApplication         : No active profile set, falling back to 1 default profile: "default"
2026-09-23 13:59:01.953  INFO 196186 --- [demo] [main] .s.d.r.c.RepositoryConfigurationDelegate : Bootstrapping Spring Data JPA repositories in DEFAULT mode.
2026-09-23 13:59:02.028  INFO 196186 --- [demo] [main] .s.d.r.c.RepositoryConfigurationDelegate : Finished Spring Data repository scanning in 66 ms. Found 6 JPA repository interfaces.
2026-09-23 13:59:02.502  INFO 196186 --- [demo] [main] o.s.boot.tomcat.TomcatWebServer          : Tomcat initialized with port 8081 (http)
2026-09-23 13:59:02.515  INFO 196186 --- [demo] [main] o.apache.catalina.core.StandardService   : Starting service [Tomcat]
2026-09-23 13:59:02.516  INFO 196186 --- [demo] [main] o.apache.catalina.core.StandardEngine    : Starting Servlet engine: [Apache Tomcat/11.0.18]
2026-09-23 13:59:02.581  INFO 196186 --- [demo] [main] b.w.c.s.WebApplicationContextInitializer : Root WebApplicationContext: initialization completed in 1286 ms
2026-09-23 13:59:02.768  INFO 196186 --- [demo] [main] org.hibernate.orm.jpa                    : HHH008540: Processing PersistenceUnitInfo [name: default]
2026-09-23 13:59:02.836  INFO 196186 --- [demo] [main] org.hibernate.orm.core                   : HHH000001: Hibernate ORM core version 7.2.7.Final
2026-09-23 13:59:03.236  INFO 196186 --- [demo] [main] o.s.o.j.p.SpringPersistenceUnitInfo      : No LoadTimeWeaver setup: ignoring JPA class transformer
2026-09-23 13:59:03.283  INFO 196186 --- [demo] [main] com.zaxxer.hikari.HikariDataSource       : HikariPool-1 - Starting...
2026-09-23 13:59:03.466  INFO 196186 --- [demo] [main] com.zaxxer.hikari.pool.HikariPool        : HikariPool-1 - Added connection conn0: url=jdbc:h2:mem:db-test user=POSTGRES
2026-09-23 13:59:03.468  INFO 196186 --- [demo] [main] com.zaxxer.hikari.HikariDataSource       : HikariPool-1 - Start completed.
2026-09-23 13:59:03.537  INFO 196186 --- [demo] [main] org.hibernate.orm.connections.pooling    : HHH10001005: Database info:
	Database JDBC URL [jdbc:h2:mem:db-test]
	Database driver: H2 JDBC Driver
	Database dialect: H2Dialect
	Database version: 2.4.240
	Default catalog/schema: DB-TEST/PUBLIC
	Autocommit mode: undefined/unknown
	Isolation level: READ_COMMITTED [default READ_COMMITTED]
	JDBC fetch size: 100
	Pool: DataSourceConnectionProvider
	Minimum pool size: undefined/unknown
	Maximum pool size: undefined/unknown
2026-09-23 13:59:04.450  INFO 196186 --- [demo] [main] org.hibernate.orm.core                   : HHH000489: No JTA platform available (set 'hibernate.transaction.jta.platform' to enable JTA platform integration)
2026-09-23 13:59:04.550  INFO 196186 --- [demo] [main] j.LocalContainerEntityManagerFactoryBean : Initialized JPA EntityManagerFactory for persistence unit 'default'
2026-09-23 13:59:04.655  INFO 196186 --- [demo] [main] o.s.d.j.r.query.QueryEnhancerFactories   : Hibernate is in classpath; If applicable, HQL parser will be used.
2026-09-23 13:59:04.945  WARN 196186 --- [demo] [main] JpaBaseConfiguration$JpaWebConfiguration : spring.jpa.open-in-view is enabled by default. Therefore, database queries may be performed during view rendering. Explicitly configure spring.jpa.open-in-view to disable this warning
2026-09-23 13:59:05.279  INFO 196186 --- [demo] [main] o.s.b.h.a.H2ConsoleAutoConfiguration     : H2 console available at '/h2-console'. Database available at 'jdbc:h2:mem:db-test'
2026-09-23 13:59:05.386  INFO 196186 --- [demo] [main] o.s.boot.tomcat.TomcatWebServer          : Tomcat started on port 8081 (http) with context path '/compunet2-2026'
2026-09-23 13:59:05.392  INFO 196186 --- [demo] [main] com.example.demo.DemoApplication         : Started DemoApplication in 4.73 seconds (process running for 5.153)
2026-09-23 13:59:24.103  INFO 196186 --- [demo] [http-nio-8081-exec-1] o.a.c.c.C.[.[.[/compunet2-2026]          : Initializing Spring DispatcherServlet 'dispatcherServlet'
2026-09-23 13:59:24.103  INFO 196186 --- [demo] [http-nio-8081-exec-1] o.s.web.servlet.DispatcherServlet        : Initializing Servlet 'dispatcherServlet'
2026-09-23 13:59:24.105  INFO 196186 --- [demo] [http-nio-8081-exec-1] o.s.web.servlet.DispatcherServlet        : Completed initialization in 2 ms
